id_femme;nom;prenom;telephone;grappe;region;milieu;csps_village;age;groupe_age;instruction;quintile_bien_etre;exposition_medias;religion;parite;contraception_moderne;imc;duree_avant_union;premiere_union;poids;prop_instruites_grappe
F00000000;Ilboudo;Aminata;+226 00 00 50 40;G000;Centre;Urbain;Oui;27;25-34 ans;Secondaire ou plus;3;Oui;Catholique;3;Non;24,3;11,35;1;0,8779;0,792
F00000001;Compaoré;Fatimata;+226 00 00 48 69;G000;Centre;Urbain;Oui;20;15-24 ans;Primaire;4;Oui;Musulmane;0;Non;;8,0;0;0,8094;0,792
F00000002;Traoré;Fatimata;+226 00 00 16 33;G000;Centre;Urbain;Oui;25;25-34 ans;Secondaire ou plus;3;Oui;Musulmane;2;Non;22,6;2,37;1;1,3008;0,792
F00000003;Compaoré;Bintou;+226 00 00 61 93;G000;Centre;Urbain;Oui;29;25-34 ans;Primaire;4;Oui;Catholique;3;Non;26,7;17,0;0;0,6018;0,792
F00000004;Compaoré;Fatimata;+226 00 00 72 74;G000;Centre;Urbain;Oui;29;25-34 ans;Secondaire ou plus;4;Oui;Musulmane;0;Non;22,0;1,06;1;0,9142;0,792
F00000005;Zongo;Awa;+226 00 00 53 17;G000;Centre;Urbain;Oui;28;25-34 ans;Primaire;4;Non;Protestante;3;Non;25,7;4,54;1;0,6129;0,792
F00000006;Ouédraogo;Adjara;+226 00 00 16 58;G000;Centre;Urbain;Oui;18;15-24 ans;Primaire;3;Oui;Musulmane;2;Non;21,6;6,0;0;1,5173;0,792
F00000007;Compaoré;Fatimata;+226 00 00 12 47;G000;Centre;Urbain;Oui;49;35-49 ans;Primaire;2;Oui;Catholique;8;Non;24,6;6,39;1;1,1548;0,792
F00000008;Ouédraogo;Mariam;+226 00 00 50 69;G000;Centre;Urbain;Oui;17;15-24 ans;Aucun;4;Non;Protestante;0;Non;21,0;5,0;0;1,4197;0,792
F00000009;Traoré;Odile;+226 00 00 40 71;G000;Centre;Urbain;Oui;23;15-24 ans;Primaire;5;Oui;Catholique;1;Non;22,0;11,0;0;1,2044;0,792
F00000010;Ouédraogo;Rasmata;+226 00 00 34 31;G000;Centre;Urbain;Oui;39;35-49 ans;Primaire;5;Oui;Traditionnelle;3;Non;26,3;2,93;1;1,268;0,792
F00000011;Sawadogo;Salimata;+226 00 00 42 13;G000;Centre;Urbain;Oui;20;15-24 ans;Secondaire ou plus;2;Oui;Catholique;0;Non;19,2;8,0;0;1,5654;0,792
F00000012;Ouédraogo;Odile;+226 00 00 59 16;G000;Centre;Urbain;Oui;16;15-24 ans;Aucun;5;Oui;Musulmane;0;Non;21,9;4,0;0;1,4533;0,792
F00000013;Sawadogo;Salimata;+226 00 00 69 46;G000;Centre;Urbain;Oui;25;25-34 ans;Secondaire ou plus;3;Oui;Catholique;2;Non;28,8;1,92;1;0,7615;0,792
F00000014;Kinda;Adjara;+226 00 00 11 28;G000;Centre;Urbain;Oui;26;25-34 ans;Primaire;5;Oui;Catholique;2;Non;27,9;14,0;0;1,3444;0,792
F00000015;Kinda;Fatimata;+226 00 00 91 50;G000;Centre;Urbain;Oui;31;25-34 ans;Secondaire ou plus;2;Oui;Protestante;3;Non;23,7;1,06;1;0,7775;0,792
F00000016;Ilboudo;Aminata;+226 00 00 55 42;G000;Centre;Urbain;Oui;35;35-49 ans;Primaire;4;Oui;Musulmane;6;Non;23,3;23,0;0;0,8953;0,792
F00000017;Ilboudo;Salimata;+226 00 00 30 55;G000;Centre;Urbain;Oui;41;35-49 ans;Primaire;4;Oui;Traditionnelle;3;Non;29,3;4,12;1;0,7622;0,792
F00000018;Ouédraogo;Odile;+226 00 00 55 98;G000;Centre;Urbain;Oui;49;35-49 ans;Aucun;4;Non;Catholique;11;Non;26,2;1,4;1;1,3373;0,792
F00000019;Traoré;Bintou;+226 00 00 72 22;G000;Centre;Urbain;Oui;18;15-24 ans;Primaire;4;Oui;Musulmane;0;Non;22,1;6,0;0;1,4797;0,792
F00000020;Yaméogo;Bintou;+226 00 00 52 39;G000;Centre;Urbain;Oui;46;35-49 ans;Secondaire ou plus;5;Oui;Catholique;6;Oui;26,8;34,0;0;0,6092;0,792
F00000021;Zongo;Adjara;+226 00 00 86 27;G000;Centre;Urbain;Oui;40;35-49 ans;Aucun;4;Oui;Musulmane;2;Non;24,9;12,92;1;0,9996;0,792
F00000022;Kaboré;Fatimata;+226 00 00 74 52;G000;Centre;Urbain;Oui;21;15-24 ans;Primaire;3;Oui;Protestante;1;Non;23,2;9,0;0;1,493;0,792
F00000023;Bado;Bintou;+226 00 00 57 79;G000;Centre;Urbain;Oui;28;25-34 ans;Aucun;4;Oui;Catholique;7;Non;23,9;11,76;1;0,8014;0,792
F00100024;Ouédraogo;Salimata;+226 00 00 24 37;G001;Hauts-Bassins;Urbain;Oui;20;15-24 ans;Primaire;4;Oui;Musulmane;0;Oui;21,8;3,21;1;1,3825;0,727
F00100025;Yaméogo;Mariam;+226 00 00 31 89;G001;Hauts-Bassins;Urbain;Oui;42;35-49 ans;Secondaire ou plus;3;Non;Musulmane;3;Non;26,6;15,45;1;0,9595;0,727
F00100026;Compaoré;Rasmata;+226 00 00 23 61;G001;Hauts-Bassins;Urbain;Oui;43;35-49 ans;Secondaire ou plus;3;Oui;Musulmane;2;Oui;19,8;31,0;0;0,9696;0,727
F00100027;Kaboré;Adjara;+226 00 00 31 38;G001;Hauts-Bassins;Urbain;Oui;41;35-49 ans;Primaire;4;Oui;Catholique;5;Oui;23,0;0,89;1;1,3202;0,727
F00100028;Ouédraogo;Fatimata;+226 00 00 60 52;G001;Hauts-Bassins;Urbain;Oui;37;35-49 ans;Secondaire ou plus;2;Non;Protestante;2;Non;18,5;10,0;1;1,0514;0,727
F00100029;Sawadogo;Clarisse;+226 00 00 69 63;G001;Hauts-Bassins;Urbain;Oui;15;15-24 ans;Primaire;4;Oui;Musulmane;0;Oui;18,2;3,0;0;0,6746;0,727
F00100030;Ouédraogo;Adjara;+226 00 00 82 18;G001;Hauts-Bassins;Urbain;Oui;16;15-24 ans;Secondaire ou plus;4;Oui;Musulmane;0;Oui;19,0;4,0;0;0,8905;0,727
F00100031;Zongo;Clarisse;+226 00 00 98 75;G001;Hauts-Bassins;Urbain;Oui;32;25-34 ans;Aucun;4;Oui;Catholique;3;Non;24,8;2,42;1;0,8226;0,727
F00100032;Ouédraogo;Aminata;+226 00 00 69 80;G001;Hauts-Bassins;Urbain;Oui;45;35-49 ans;Secondaire ou plus;4;Non;Musulmane;3;Oui;22,8;5,26;1;1,4761;0,727
F00100033;Sawadogo;Mariam;+226 00 00 97 53;G001;Hauts-Bassins;Urbain;Oui;21;15-24 ans;Aucun;2;Non;Protestante;0;Non;25,0;5,48;1;0,6752;0,727
F00100034;Yaméogo;Odile;+226 00 00 72 97;G001;Hauts-Bassins;Urbain;Oui;16;15-24 ans;Aucun;1;Non;Musulmane;0;Non;19,5;4,0;0;1,3933;0,727
F00100035;Kaboré;Bintou;+226 00 00 29 46;G001;Hauts-Bassins;Urbain;Oui;43;35-49 ans;Primaire;3;Oui;Musulmane;5;Oui;25,7;3,9;1;1,0937;0,727
F00100036;Yaméogo;Clarisse;+226 00 00 91 67;G001;Hauts-Bassins;Urbain;Oui;19;15-24 ans;Aucun;4;Non;Musulmane;0;Non;24,8;7,0;0;1,1867;0,727
F00100037;Kaboré;Clarisse;+226 00 00 20 78;G001;Hauts-Bassins;Urbain;Oui;47;35-49 ans;Primaire;4;Non;Traditionnelle;9;Non;25,6;13,88;1;0,6917;0,727
F00100038;Kinda;Rasmata;+226 00 00 30 53;G001;Hauts-Bassins;Urbain;Oui;46;35-49 ans;Primaire;4;Oui;Musulmane;9;Oui;23,2;14,75;1;1,0196;0,727
F00100039;Zongo;Awa;+226 00 00 87 24;G001;Hauts-Bassins;Urbain;Oui;41;35-49 ans;Primaire;4;Oui;Traditionnelle;7;Oui;20,6;12,6;1;1,2178;0,727
F00100040;Traoré;Awa;+226 00 00 28 97;G001;Hauts-Bassins;Urbain;Oui;21;15-24 ans;Primaire;4;Non;Musulmane;0;Oui;24,0;9,0;0;0,7453;0,727
F00100041;Ouédraogo;Clarisse;+226 00 00 28 55;G001;Hauts-Bassins;Urbain;Oui;20;15-24 ans;Secondaire ou plus;4;Non;Musulmane;0;Non;21,3;8,0;0;1,5065;0,727
F00100042;Compaoré;Rasmata;+226 00 00 64 22;G001;Hauts-Bassins;Urbain;Oui;15;15-24 ans;Primaire;4;Non;Musulmane;0;Non;18,9;3,0;0;1,3963;0,727
F00100043;Ilboudo;Salimata;+226 00 00 20 61;G001;Hauts-Bassins;Urbain;Oui;30;25-34 ans;Aucun;2;Non;Catholique;4;Non;22,4;6,29;1;1,4778;0,727
F00100044;Ilboudo;Adjara;+226 00 00 45 37;G001;Hauts-Bassins;Urbain;Oui;17;15-24 ans;Secondaire ou plus;4;Oui;Catholique;0;Oui;26,9;5,0;0;0,6631;0,727
F00100045;Bado;Aminata;+226 00 00 56 90;G001;Hauts-Bassins;Urbain;Oui;22;15-24 ans;Aucun;4;Non;Musulmane;1;Non;19,7;9,97;1;0,8278;0,727
F00200046;Kaboré;Salimata;+226 00 00 84 98;G002;Nord;Rural;Non;33;25-34 ans;Aucun;2;Oui;Traditionnelle;0;Oui;21,8;6,63;1;1,4126;0,28
F00200047;Kinda;Bintou;+226 00 00 78 67;G002;Nord;Rural;Non;29;25-34 ans;Aucun;3;Oui;Musulmane;1;Oui;21,4;11,99;1;1,141;0,28
F00200048;Kinda;Rasmata;+226 00 00 94 74;G002;Nord;Rural;Non;35;35-49 ans;Primaire;1;Oui;Catholique;4;Non;;16,03;1;1,3093;0,28
F00200049;Kaboré;Adjara;+226 00 00 16 95;G002;Nord;Rural;Non;25;25-34 ans;Aucun;4;Non;Musulmane;1;Non;22,8;7,39;1;0,6157;0,28
F00200050;Ilboudo;Awa;+226 00 00 34 23;G002;Nord;Rural;Non;49;35-49 ans;Secondaire ou plus;3;Non;Catholique;12;Oui;23,9;9,03;1;1,0168;0,28
F00200051;Compaoré;Adjara;+226 00 00 56 32;G002;Nord;Rural;Non;18;15-24 ans;Aucun;3;Oui;Catholique;0;Non;23,4;5,93;1;0,7186;0,28
F00200052;Kaboré;Bintou;+226 00 00 21 89;G002;Nord;Rural;Non;44;35-49 ans;Aucun;4;Non;Musulmane;3;Non;28,2;2,98;1;1,5276;0,28
F00200053;Zongo;Bintou;+226 00 00 63 61;G002;Nord;Rural;Non;25;25-34 ans;Aucun;4;Non;Musulmane;1;Non;22,9;12,63;1;0,8726;0,28
F00200054;Kaboré;Aminata;+226 00 00 60 29;G002;Nord;Rural;Non;32;25-34 ans;Aucun;1;Non;Catholique;9;Non;19,3;4,96;1;1,5992;0,28
F00200055;Kinda;Odile;+226 00 00 90 91;G002;Nord;Rural;Non;27;25-34 ans;Aucun;1;;Musulmane;4;Oui;17,2;9,04;1;0,9132;0,28
F00200056;Yaméogo;Clarisse;+226 00 00 70 38;G002;Nord;Rural;Non;49;35-49 ans;Primaire;2;Oui;Musulmane;8;Oui;23,7;2,82;1;1,5511;0,28
F00200057;Traoré;Bintou;+226 00 00 50 12;G002;Nord;Rural;Non;26;25-34 ans;Aucun;3;Oui;Musulmane;1;Non;23,0;9,26;1;0,7924;0,28
F00200058;Traoré;Odile;+226 00 00 39 48;G002;Nord;Rural;Non;17;15-24 ans;Aucun;2;Non;Musulmane;0;Non;18,3;5,0;0;0,9019;0,28
F00200059;Kaboré;Mariam;+226 00 00 79 82;G002;Nord;Rural;Non;49;35-49 ans;Aucun;2;Non;Musulmane;7;Oui;21,5;12,79;1;1,2067;0,28
F00200060;Bado;Bintou;+226 00 00 61 58;G002;Nord;Rural;Non;36;35-49 ans;Aucun;2;Non;Musulmane;7;Oui;18,9;1,61;1;1,0504;0,28
F00200061;Ilboudo;Aminata;+226 00 00 17 34;G002;Nord;Rural;Non;25;25-34 ans;Aucun;4;Non;Catholique;6;Oui;17,3;6,85;1;0,9546;0,28
F00200062;Ouédraogo;Fatimata;+226 00 00 75 53;G002;Nord;Rural;Non;46;35-49 ans;Secondaire ou plus;3;Oui;Catholique;3;Non;25,9;6,28;1;1,5158;0,28
F00200063;Yaméogo;Mariam;+226 00 00 67 34;G002;Nord;Rural;Non;48;35-49 ans;Aucun;4;Oui;Musulmane;8;Non;22,6;8,72;1;1,2885;0,28
F00200064;Ilboudo;Bintou;+226 00 00 79 96;G002;Nord;Rural;Non;48;35-49 ans;Aucun;2;Oui;Musulmane;5;Non;;0,15;1;0,8355;0,28
F00200065;Compaoré;Adjara;+226 00 00 80 93;G002;Nord;Rural;Non;28;25-34 ans;Primaire;2;Oui;Musulmane;3;Non;21,0;4,13;1;0,6193;0,28
F00200066;Kaboré;Odile;+226 00 00 32 66;G002;Nord;Rural;Non;43;35-49 ans;Aucun;1;Non;Musulmane;6;Non;20,9;6,45;1;0,9022;0,28
F00200067;Yaméogo;Salimata;+226 00 00 18 70;G002;Nord;Rural;Non;22;15-24 ans;Primaire;3;Oui;Catholique;1;Oui;24,5;4,61;1;1,1766;0,28
F00200068;Kinda;Clarisse;+226 00 00 28 45;G002;Nord;Rural;Non;39;35-49 ans;Primaire;3;Non;Musulmane;1;Non;25,6;5,41;1;1,1339;0,28
F00200069;Ilboudo;Adjara;+226 00 00 98 76;G002;Nord;Rural;Non;28;25-34 ans;Aucun;1;Non;Musulmane;3;Oui;20,8;0,15;1;0,8691;0,28
F00200070;Kinda;Bintou;+226 00 00 27 88;G002;Nord;Rural;Non;39;35-49 ans;Aucun;3;Non;Protestante;4;Non;19,2;5,08;1;1,0619;0,28
F00300071;Bado;Mariam;+226 00 00 20 49;G003;Est;Rural;Oui;16;15-24 ans;Aucun;3;Non;Musulmane;0;Non;18,9;4,0;0;1,4348;0,261
F00300072;Bado;Clarisse;+226 00 00 84 23;G003;Est;Rural;Oui;30;25-34 ans;Aucun;3;Non;Protestante;1;Oui;23,4;0,06;1;1,4169;0,261
F00300073;Zongo;Rasmata;+226 00 00 24 14;G003;Est;Rural;Oui;21;15-24 ans;Aucun;1;Non;Musulmane;0;Non;17,3;2,01;1;0,6591;0,261
F00300074;Ilboudo;Rasmata;+226 00 00 57 12;G003;Est;Rural;Oui;40;35-49 ans;Aucun;2;Oui;Catholique;5;Non;25,0;1,02;1;0,9393;0,261
F00300075;Kinda;Aminata;+226 00 00 12 54;G003;Est;Rural;Oui;41;35-49 ans;Primaire;3;Non;Musulmane;6;Non;22,9;2,97;1;1,2932;0,261
F00300076;Ilboudo;Mariam;+226 00 00 37 58;G003;Est;Rural;Oui;47;35-49 ans;Aucun;2;Oui;Musulmane;10;Non;23,4;5,28;1;1,4851;0,261
F00300077;Kinda;Adjara;+226 00 00 25 72;G003;Est;Rural;Oui;24;15-24 ans;Primaire;3;Non;Catholique;1;Non;18,7;4,66;1;1,5812;0,261
F00300078;Ilboudo;Odile;+226 00 00 39 88;G003;Est;Rural;Oui;43;35-49 ans;Aucun;2;Non;Musulmane;3;Oui;23,1;25,35;1;0,6982;0,261
F00300079;Sawadogo;Rasmata;+226 00 00 10 64;G003;Est;Rural;Oui;47;35-49 ans;Aucun;2;Non;Protestante;6;Non;19,8;9,79;1;0,9728;0,261
F00300080;Yaméogo;Aminata;+226 00 00 19 83;G003;Est;Rural;Oui;42;35-49 ans;Primaire;2;Oui;Musulmane;3;Non;21,6;4,12;1;1,019;0,261
F00300081;Kinda;Fatimata;+226 00 00 83 70;G003;Est;Rural;Oui;17;15-24 ans;Aucun;1;Non;Musulmane;0;Non;19,8;5,0;0;1,5554;0,261
F00300082;Yaméogo;Rasmata;+226 00 00 83 86;G003;Est;Rural;Oui;33;25-34 ans;Aucun;3;Oui;Musulmane;1;Non;19,5;3,88;1;0,9226;0,261
F00300083;Bado;Aminata;+226 00 00 21 62;G003;Est;Rural;Oui;41;35-49 ans;Aucun;3;Non;Musulmane;6;Non;21,6;15,07;1;1,3708;0,261
F00300084;Bado;Salimata;+226 00 00 59 52;G003;Est;Rural;Oui;20;15-24 ans;Primaire;4;Non;Protestante;0;Oui;26,8;6,88;1;1,4612;0,261
F00300085;Zongo;Adjara;+226 00 00 47 34;G003;Est;Rural;Oui;21;15-24 ans;Aucun;2;Non;Musulmane;0;Non;;9,0;0;1,017;0,261
F00300086;Sawadogo;Rasmata;+226 00 00 73 25;G003;Est;Rural;Oui;35;35-49 ans;Aucun;4;Non;Catholique;2;Non;22,8;13,82;1;0,8975;0,261
F00300087;Yaméogo;Salimata;+226 00 00 34 72;G003;Est;Rural;Oui;22;15-24 ans;Aucun;3;Non;Catholique;1;Non;24,0;10,0;0;0,8337;0,261
F00300088;Kaboré;Clarisse;+226 00 00 69 82;G003;Est;Rural;Oui;17;15-24 ans;Aucun;2;Oui;Catholique;0;Non;17,2;5,0;0;1,4656;0,261
F00300089;Sawadogo;Clarisse;+226 00 00 57 73;G003;Est;Rural;Oui;48;35-49 ans;Secondaire ou plus;3;Non;Traditionnelle;8;Non;19,7;6,94;1;1,5232;0,261
F00300090;Kaboré;Awa;+226 00 00 91 46;G003;Est;Rural;Oui;24;15-24 ans;Secondaire ou plus;1;Non;Traditionnelle;1;Non;20,9;7,95;1;1,5384;0,261
F00300091;Ilboudo;Aminata;+226 00 00 29 71;G003;Est;Rural;Oui;43;35-49 ans;Aucun;1;Non;Musulmane;2;Non;24,8;7,06;1;1,1196;0,261
F00300092;Traoré;Aminata;+226 00 00 79 41;G003;Est;Rural;Oui;39;35-49 ans;Aucun;1;Non;Musulmane;3;Non;25,2;14,4;1;1,3164;0,261
F00300093;Kaboré;Clarisse;+226 00 00 12 67;G003;Est;Rural;Oui;41;35-49 ans;Aucun;3;Non;Catholique;6;Non;21,9;7,78;1;1,3294;0,261
F00400094;Kaboré;Salimata;+226 00 00 59 71;G004;Boucle du Mouhoun;Rural;Oui;46;35-49 ans;Aucun;1;Non;Musulmane;5;Oui;21,2;10,93;1;1,1736;0,368
F00400095;Bado;Aminata;+226 00 00 51 73;G004;Boucle du Mouhoun;Rural;Oui;49;35-49 ans;Aucun;3;Non;Musulmane;5;Oui;27,1;1,03;1;0,7905;0,368
F00400096;Kinda;Clarisse;+226 00 00 11 89;G004;Boucle du Mouhoun;Rural;Oui;37;35-49 ans;Aucun;1;Non;Musulmane;4;Non;21,4;6,64;1;0,6307;0,368
F00400097;Bado;Clarisse;+226 00 00 24 42;G004;Boucle du Mouhoun;Rural;Oui;15;15-24 ans;Aucun;2;Oui;Musulmane;0;Non;16,1;3,0;0;0,709;0,368
F00400098;Compaoré;Adjara;+226 00 00 26 49;G004;Boucle du Mouhoun;Rural;Oui;16;15-24 ans;Aucun;2;Non;Catholique;0;Non;17,2;3,88;1;1,2992;0,368
F00400099;Traoré;Fatimata;+226 00 00 19 39;G004;Boucle du Mouhoun;Rural;Oui;44;35-49 ans;Aucun;3;Non;Musulmane;4;Non;22,5;23,0;1;0,723;0,368
F00400100;Compaoré;Aminata;+226 00 00 17 95;G004;Boucle du Mouhoun;Rural;Oui;15;15-24 ans;Secondaire ou plus;3;Non;Musulmane;0;Oui;19,2;3,0;0;1,4295;0,368
F00400101;Bado;Clarisse;+226 00 00 60 22;G004;Boucle du Mouhoun;Rural;Oui;26;25-34 ans;Aucun;2;Oui;Protestante;1;Oui;18,2;14,0;0;1,3762;0,368
F00400102;Ouédraogo;Salimata;+226 00 00 72 62;G004;Boucle du Mouhoun;Rural;Oui;31;25-34 ans;Aucun;1;Non;Musulmane;1;Oui;13,3;19,0;0;1,0664;0,368
F00400103;Bado;Salimata;+226 00 00 50 19;G004;Boucle du Mouhoun;Rural;Oui;28;25-34 ans;Primaire;2;Non;Musulmane;1;Oui;21,9;10,66;1;0,8244;0,368
F00400104;Kinda;Bintou;+226 00 00 18 70;G004;Boucle du Mouhoun;Rural;Oui;22;15-24 ans;Aucun;1;Oui;Musulmane;0;Oui;21,3;10,0;0;0,915;0,368
F00400105;Ilboudo;Bintou;+226 00 00 44 79;G004;Boucle du Mouhoun;Rural;Oui;43;35-49 ans;Primaire;1;Oui;Protestante;5;Non;19,4;9,01;1;1,3171;0,368
F00400106;Zongo;Salimata;+226 00 00 30 72;G004;Boucle du Mouhoun;Rural;Oui;22;15-24 ans;Aucun;3;Non;Traditionnelle;0;Oui;19,9;4,66;1;1,0717;0,368
F00400107;Ouédraogo;Awa;+226 00 00 90 97;G004;Boucle du Mouhoun;Rural;Oui;45;35-49 ans;Aucun;2;Oui;Catholique;5;Non;21,2;10,77;1;1,0831;0,368
F00400108;Yaméogo;Adjara;+226 00 00 91 88;G004;Boucle du Mouhoun;Rural;Oui;22;15-24 ans;Primaire;1;Non;Musulmane;0;Oui;20,3;8,86;1;1,5358;0,368
F00400109;Sawadogo;Aminata;+226 00 00 75 33;G004;Boucle du Mouhoun;Rural;Oui;16;15-24 ans;Aucun;1;Oui;Protestante;0;Non;21,5;0,96;1;1,2669;0,368
F00400110;Kaboré;Bintou;+226 00 00 52 94;G004;Boucle du Mouhoun;Rural;Oui;45;35-49 ans;Primaire;4;Oui;Musulmane;5;Oui;22,5;0,85;1;1,3009;0,368
F00400111;Kaboré;Rasmata;+226 00 00 18 87;G004;Boucle du Mouhoun;Rural;Oui;38;35-49 ans;Secondaire ou plus;2;Non;Musulmane;5;Oui;21,7;8,18;1;1,5983;0,368
F00400112;Ilboudo;Salimata;+226 00 00 73 84;G004;Boucle du Mouhoun;Rural;Oui;34;25-34 ans;Secondaire ou plus;1;Oui;Musulmane;1;Oui;19,0;17,11;1;1,0358;0,368
F00500113;Compaoré;Salimata;+226 00 00 33 58;G005;Sahel;Urbain;Oui;42;35-49 ans;Aucun;2;Oui;Traditionnelle;5;Oui;19,7;1,23;1;1,4839;0,524
F00500114;Zongo;Odile;+226 00 00 80 39;G005;Sahel;Urbain;Oui;44;35-49 ans;Aucun;4;Non;Musulmane;3;Non;25,1;10,41;1;0,864;0,524
F00500115;Kaboré;Salimata;+226 00 00 64 27;G005;Sahel;Urbain;Oui;28;25-34 ans;Primaire;3;Oui;Catholique;3;Oui;23,7;16,0;0;0,9325;0,524
F00500116;Traoré;Aminata;+226 00 00 48 33;G005;Sahel;Urbain;Oui;29;25-34 ans;Aucun;3;Non;Musulmane;2;Non;23,1;4,32;1;1,5065;0,524
F00500117;Zongo;Rasmata;+226 00 00 48 19;G005;Sahel;Urbain;Oui;16;15-24 ans;Aucun;2;Oui;Musulmane;0;Non;18,5;4,0;0;1,196;0,524
F00500118;Yaméogo;Clarisse;+226 00 00 44 45;G005;Sahel;Urbain;Oui;44;35-49 ans;Secondaire ou plus;4;Oui;Musulmane;4;Oui;23,8;0,72;1;0,7337;0,524
F00500119;Kaboré;Clarisse;+226 00 00 95 15;G005;Sahel;Urbain;Oui;37;35-49 ans;Aucun;4;Non;Musulmane;4;Non;23,1;8,15;1;1,3999;0,524
F00500120;Kinda;Clarisse;+226 00 00 81 47;G005;Sahel;Urbain;Oui;19;15-24 ans;Secondaire ou plus;3;Oui;Musulmane;1;Non;24,2;7,0;0;0,7782;0,524
F00500121;Zongo;Mariam;+226 00 00 38 92;G005;Sahel;Urbain;Oui;31;25-34 ans;Primaire;3;Non;Protestante;1;Non;20,9;0,23;1;1,0815;0,524
F00500122;Sawadogo;Awa;+226 00 00 28 32;G005;Sahel;Urbain;Oui;26;25-34 ans;Aucun;4;;Musulmane;3;Oui;23,5;8,45;1;1,3909;0,524
F00500123;Kinda;Clarisse;+226 00 00 60 96;G005;Sahel;Urbain;Oui;15;15-24 ans;Primaire;1;Oui;Musulmane;0;Oui;22,0;3,0;0;1,3838;0,524
F00500124;Bado;Clarisse;+226 00 00 33 75;G005;Sahel;Urbain;Oui;30;25-34 ans;Primaire;4;Non;Catholique;3;Oui;21,3;18,0;0;1,5394;0,524
F00500125;Sawadogo;Adjara;+226 00 00 19 37;G005;Sahel;Urbain;Oui;20;15-24 ans;Secondaire ou plus;1;Oui;Musulmane;1;Non;20,8;6,78;1;1,0447;0,524
F00500126;Kaboré;Mariam;+226 00 00 53 54;G005;Sahel;Urbain;Oui;20;15-24 ans;Aucun;2;Oui;Musulmane;0;Oui;19,5;8,0;0;0,7325;0,524
F00500127;Ouédraogo;Awa;+226 00 00 71 72;G005;Sahel;Urbain;Oui;21;15-24 ans;Primaire;5;Oui;Musulmane;0;Oui;27,7;4,46;1;1,4024;0,524
F00500128;Kaboré;Adjara;+226 00 00 41 23;G005;Sahel;Urbain;Oui;39;35-49 ans;Aucun;4;Non;Catholique;3;Non;23,3;27,0;0;0,8598;0,524
F00500129;Traoré;Awa;+226 00 00 18 32;G005;Sahel;Urbain;Oui;29;25-34 ans;Primaire;4;Oui;Traditionnelle;6;Oui;19,6;8,31;1;1,5056;0,524
F00500130;Traoré;Odile;+226 00 00 21 26;G005;Sahel;Urbain;Oui;47;35-49 ans;Secondaire ou plus;3;Oui;Catholique;4;Oui;24,2;10,88;1;0,9856;0,524
F00500131;Traoré;Fatimata;+226 00 00 33 10;G005;Sahel;Urbain;Oui;42;35-49 ans;Secondaire ou plus;3;Oui;Musulmane;8;Oui;24,0;1,11;1;1,3166;0,524
F00500132;Bado;Odile;+226 00 00 22 11;G005;Sahel;Urbain;Oui;41;35-49 ans;Aucun;3;Oui;Musulmane;5;Non;20,1;14,68;1;0,9197;0,524
F00500133;Kaboré;Salimata;+226 00 00 47 77;G005;Sahel;Urbain;Oui;35;35-49 ans;Aucun;5;Oui;Musulmane;4;Non;;8,2;1;0,8879;0,524
F00600134;Sawadogo;Awa;+226 00 00 96 32;G006;Centre;Rural;Oui;37;35-49 ans;Aucun;3;Non;Musulmane;4;Non;24,7;9,87;1;0,7185;0,4
F00600135;Zongo;Bintou;+226 00 00 93 35;G006;Centre;Rural;Oui;45;35-49 ans;Aucun;3;Oui;Catholique;11;Non;18,0;32,62;1;0,8349;0,4
F00600136;Bado;Fatimata;+226 00 00 65 28;G006;Centre;Rural;Oui;20;15-24 ans;Aucun;3;Oui;Musulmane;0;Oui;13,4;8,0;0;1,4341;0,4
F00600137;Ilboudo;Bintou;+226 00 00 36 71;G006;Centre;Rural;Oui;29;25-34 ans;Secondaire ou plus;3;Non;Traditionnelle;4;Oui;19,7;7,06;1;0,7498;0,4
F00600138;Bado;Clarisse;+226 00 00 20 74;G006;Centre;Rural;Oui;29;25-34 ans;Aucun;1;Non;Protestante;3;Non;19,0;0,47;1;0,8989;0,4
F00600139;Kinda;Awa;+226 00 00 54 46;G006;Centre;Rural;Oui;41;35-49 ans;Aucun;3;Non;Musulmane;6;Non;22,4;2,23;1;1,1415;0,4
F00600140;Ilboudo;Mariam;+226 00 00 15 85;G006;Centre;Rural;Oui;39;35-49 ans;Primaire;1;Oui;Musulmane;5;Non;22,9;27,0;0;1,2567;0,4
F00600141;Kinda;Bintou;+226 00 00 64 90;G006;Centre;Rural;Oui;30;25-34 ans;Aucun;3;Non;Musulmane;2;Oui;20,2;8,54;1;1,1196;0,4
F00600142;Bado;Bintou;+226 00 00 65 23;G006;Centre;Rural;Oui;30;25-34 ans;Secondaire ou plus;3;Oui;Musulmane;1;Oui;17,8;18,0;0;1,1775;0,4
F00600143;Yaméogo;Bintou;+226 00 00 58 40;G006;Centre;Rural;Oui;23;15-24 ans;Aucun;2;Non;Musulmane;2;Non;17,1;9,48;1;1,4869;0,4
F00600144;Traoré;Rasmata;+226 00 00 67 81;G006;Centre;Rural;Oui;15;15-24 ans;Aucun;3;;Musulmane;0;Non;18,9;3,0;0;0,692;0,4
F00600145;Bado;Salimata;+226 00 00 84 87;G006;Centre;Rural;Oui;16;15-24 ans;Aucun;2;Non;Musulmane;0;Non;18,7;4,0;0;1,0611;0,4
F00600146;Zongo;Salimata;+226 00 00 61 75;G006;Centre;Rural;Oui;43;35-49 ans;Primaire;3;Non;Musulmane;8;Non;21,0;7,69;1;1,2498;0,4
F00600147;Bado;Clarisse;+226 00 00 17 76;G006;Centre;Rural;Oui;27;25-34 ans;Primaire;4;Non;Protestante;2;Oui;18,7;2,42;1;1,5046;0,4
F00600148;Compaoré;Bintou;+226 00 00 28 31;G006;Centre;Rural;Oui;49;35-49 ans;Aucun;3;Non;Musulmane;5;Oui;20,7;0,78;1;1,3499;0,4
F00600149;Compaoré;Fatimata;+226 00 00 35 39;G006;Centre;Rural;Oui;46;35-49 ans;Aucun;1;Non;Musulmane;5;Non;20,2;18,98;1;1,2299;0,4
F00600150;Kinda;Awa;+226 00 00 85 64;G006;Centre;Rural;Oui;41;35-49 ans;Secondaire ou plus;4;Non;Musulmane;1;Non;19,4;12,07;1;1,0053;0,4
F00600151;Ouédraogo;Bintou;+226 00 00 22 97;G006;Centre;Rural;Oui;23;15-24 ans;Primaire;2;Non;Musulmane;1;Non;20,5;11,0;0;0,726;0,4
F00600152;Ilboudo;Mariam;+226 00 00 28 92;G006;Centre;Rural;Oui;19;15-24 ans;Primaire;3;Non;Musulmane;0;Oui;18,6;4,12;1;1,5251;0,4
F00600153;Traoré;Fatimata;+226 00 00 16 50;G006;Centre;Rural;Oui;22;15-24 ans;Aucun;4;Non;Musulmane;0;Non;21,9;5,1;1;0,6989;0,4
F00700154;Yaméogo;Fatimata;+226 00 00 47 98;G007;Hauts-Bassins;Rural;Non;36;35-49 ans;Secondaire ou plus;2;Non;Catholique;3;Non;17,2;4,52;1;1,0097;0,333
F00700155;Yaméogo;Adjara;+226 00 00 89 74;G007;Hauts-Bassins;Rural;Non;19;15-24 ans;Aucun;3;Oui;Musulmane;2;Non;19,8;7,0;0;1,1987;0,333
F00700156;Yaméogo;Rasmata;+226 00 00 34 14;G007;Hauts-Bassins;Rural;Non;47;35-49 ans;Aucun;5;Non;Musulmane;7;Non;23,0;4,44;1;1,5425;0,333
F00700157;Kaboré;Odile;+226 00 00 51 44;G007;Hauts-Bassins;Rural;Non;40;35-49 ans;Aucun;1;Non;Musulmane;5;Non;19,8;10,44;1;0,8029;0,333
F00700158;Ilboudo;Odile;+226 00 00 16 90;G007;Hauts-Bassins;Rural;Non;31;25-34 ans;Aucun;2;Non;Catholique;6;Oui;19,6;4,16;1;0,6571;0,333
F00700159;Ilboudo;Clarisse;+226 00 00 70 90;G007;Hauts-Bassins;Rural;Non;19;15-24 ans;Aucun;3;Oui;Traditionnelle;0;Non;18,1;2,39;1;1,5834;0,333
F00700160;Ilboudo;Odile;+226 00 00 47 48;G007;Hauts-Bassins;Rural;Non;30;25-34 ans;Aucun;2;Non;Musulmane;1;Oui;19,2;14,51;1;0,6094;0,333
F00700161;Traoré;Mariam;+226 00 00 50 92;G007;Hauts-Bassins;Rural;Non;37;35-49 ans;Aucun;4;Oui;Musulmane;8;Non;25,3;23,18;1;0,7626;0,333
F00700162;Ouédraogo;Bintou;+226 00 00 91 74;G007;Hauts-Bassins;Rural;Non;34;25-34 ans;Aucun;3;Non;Musulmane;4;Non;18,0;3,16;1;1,1976;0,333
F00700163;Traoré;Aminata;+226 00 00 58 59;G007;Hauts-Bassins;Rural;Non;44;35-49 ans;Primaire;2;Non;Musulmane;8;Non;20,1;15,97;1;1,5508;0,333
F00700164;Compaoré;Bintou;+226 00 00 65 19;G007;Hauts-Bassins;Rural;Non;43;35-49 ans;Primaire;2;Non;Musulmane;9;Non;20,0;11,48;1;0,9914;0,333
F00700165;Sawadogo;Mariam;+226 00 00 87 63;G007;Hauts-Bassins;Rural;Non;19;15-24 ans;Primaire;3;Non;Catholique;1;Non;19,3;2,31;1;1,3178;0,333
F00800166;Zongo;Salimata;+226 00 00 62 78;G008;Nord;Rural;Non;25;25-34 ans;Aucun;1;Non;Musulmane;1;Non;18,1;13,0;0;1,1258;0,273
F00800167;Traoré;Awa;+226 00 00 64 50;G008;Nord;Rural;Non;26;25-34 ans;Aucun;3;Non;Musulmane;1;Oui;23,2;0,61;1;0,876;0,273
F00800168;Compaoré;Mariam;+226 00 00 49 53;G008;Nord;Rural;Non;40;35-49 ans;Aucun;2;Non;Musulmane;8;Non;16,7;9,67;1;1,0117;0,273
F00800169;Compaoré;Adjara;+226 00 00 87 15;G008;Nord;Rural;Non;33;25-34 ans;Aucun;1;Oui;Musulmane;2;Non;24,2;10,25;1;1,5573;0,273
F00800170;Kaboré;Adjara;+226 00 00 77 45;G008;Nord;Rural;Non;24;15-24 ans;Aucun;3;Non;Musulmane;0;Non;21,6;9,7;1;0,7355;0,273
F00800171;Ilboudo;Salimata;+226 00 00 97 41;G008;Nord;Rural;Non;16;15-24 ans;Aucun;4;Non;Musulmane;0;Oui;15,9;2,82;1;1,2572;0,273
F00800172;Kinda;Mariam;+226 00 00 27 67;G008;Nord;Rural;Non;29;25-34 ans;Aucun;3;Oui;Musulmane;3;Oui;20,4;1,88;1;1,0631;0,273
F00800173;Zongo;Aminata;+226 00 00 58 51;G008;Nord;Rural;Non;40;35-49 ans;Aucun;1;Non;Musulmane;8;Non;17,4;11,46;1;0,8922;0,273
F00800174;Ouédraogo;Salimata;+226 00 00 74 53;G008;Nord;Rural;Non;24;15-24 ans;Primaire;3;Oui;Traditionnelle;3;Non;21,2;3,96;1;0,6878;0,273
F00800175;Kinda;Awa;+226 00 00 69 63;G008;Nord;Rural;Non;20;15-24 ans;Secondaire ou plus;2;Non;Musulmane;0;Non;22,9;5,15;1;1,2018;0,273
F00800176;Sawadogo;Aminata;+226 00 00 64 27;G008;Nord;Rural;Non;19;15-24 ans;Primaire;2;Non;Catholique;0;Non;17,6;7,0;0;0,6508;0,273
F00800177;Compaoré;Rasmata;+226 00 00 70 44;G008;Nord;Rural;Non;23;15-24 ans;Primaire;3;Non;Protestante;1;Oui;16,8;10,09;1;1,4494;0,273
F00800178;Compaoré;Mariam;+226 00 00 83 45;G008;Nord;Rural;Non;31;25-34 ans;Primaire;1;Oui;Musulmane;3;Non;17,9;0,7;1;1,1096;0,273
F00800179;Kaboré;Rasmata;+226 00 00 67 57;G008;Nord;Rural;Non;32;25-34 ans;Primaire;1;Oui;Musulmane;3;Oui;17,8;12,12;1;1,0926;0,273
F00800180;Compaoré;Aminata;+226 00 00 12 53;G008;Nord;Rural;Non;49;35-49 ans;Aucun;3;Non;Protestante;6;Non;25,2;2,44;1;1,3184;0,273
F00800181;Ilboudo;Awa;+226 00 00 34 21;G008;Nord;Rural;Non;23;15-24 ans;Aucun;1;Non;Musulmane;2;Non;20,6;11,0;0;0,7219;0,273
F00800182;Kaboré;Rasmata;+226 00 00 39 38;G008;Nord;Rural;Non;26;25-34 ans;Aucun;3;Oui;Traditionnelle;1;Oui;19,9;13,06;1;1,5506;0,273
F00800183;Kaboré;Clarisse;+226 00 00 35 64;G008;Nord;Rural;Non;48;35-49 ans;Aucun;1;Non;Musulmane;4;Non;19,6;13,94;1;0,9143;0,273
F00800184;Ilboudo;Awa;+226 00 00 87 97;G008;Nord;Rural;Non;17;15-24 ans;Aucun;1;Non;Catholique;0;Non;22,4;5,0;0;0,789;0,273
F00800185;Ouédraogo;Aminata;+226 00 00 82 34;G008;Nord;Rural;Non;33;25-34 ans;Aucun;1;Non;Protestante;3;Non;17,4;3,9;1;1,5945;0,273
F00800186;Kaboré;Clarisse;+226 00 00 43 15;G008;Nord;Rural;Non;47;35-49 ans;Aucun;2;Oui;Musulmane;7;Non;20,5;4,89;1;1,4439;0,273
F00800187;Sawadogo;Mariam;+226 00 00 87 50;G008;Nord;Rural;Non;39;35-49 ans;Aucun;1;Non;Musulmane;6;Non;19,8;0,3;1;1,3231;0,273
F00900188;Sawadogo;Salimata;+226 00 00 95 23;G009;Est;Urbain;Oui;46;35-49 ans;Aucun;4;Non;Protestante;4;Oui;21,8;1,87;1;0,6832;0,655
F00900189;Bado;Fatimata;+226 00 00 67 29;G009;Est;Urbain;Oui;49;35-49 ans;Primaire;3;Oui;Protestante;8;Non;19,6;12,45;1;1,0369;0,655
F00900190;Kinda;Mariam;+226 00 00 57 49;G009;Est;Urbain;Oui;20;15-24 ans;Secondaire ou plus;3;Oui;Catholique;1;Non;17,4;8,0;0;0,6295;0,655
F00900191;Zongo;Fatimata;+226 00 00 40 35;G009;Est;Urbain;Oui;21;15-24 ans;Aucun;4;Non;Protestante;1;Non;18,3;3,04;1;1,4448;0,655
F00900192;Kaboré;Aminata;+226 00 00 41 31;G009;Est;Urbain;Oui;21;15-24 ans;Aucun;3;Non;Musulmane;2;Non;22,9;6,11;1;0,8106;0,655
F00900193;Compaoré;Rasmata;+226 00 00 14 37;G009;Est;Urbain;Oui;31;25-34 ans;Aucun;5;Oui;Catholique;3;Non;23,0;3,81;1;1,3035;0,655
F00900194;Compaoré;Salimata;+226 00 00 24 60;G009;Est;Urbain;Oui;15;15-24 ans;Secondaire ou plus;4;Oui;Musulmane;0;Oui;22,7;3,0;0;0,9245;0,655
F00900195;Bado;Awa;+226 00 00 31 39;G009;Est;Urbain;Oui;36;35-49 ans;Aucun;5;Oui;Traditionnelle;4;Oui;25,6;0,21;1;0,9855;0,655
F00900196;Kaboré;Aminata;+226 00 00 26 19;G009;Est;Urbain;Oui;15;15-24 ans;Primaire;1;Oui;Musulmane;0;Non;21,6;1,2;1;0,7688;0,655
F00900197;Yaméogo;Mariam;+226 00 00 93 46;G009;Est;Urbain;Oui;40;35-49 ans;Primaire;5;Oui;Protestante;7;Non;24,9;24,49;1;1,5987;0,655
F00900198;Sawadogo;Bintou;+226 00 00 23 83;G009;Est;Urbain;Oui;44;35-49 ans;Secondaire ou plus;3;Non;Musulmane;0;Oui;18,8;12,4;1;1,2587;0,655
F00900199;Sawadogo;Fatimata;+226 00 00 28 29;G009;Est;Urbain;Oui;41;35-49 ans;Aucun;5;Oui;Protestante;7;Non;24,0;6,69;1;1,3881;0,655
F00900200;Sawadogo;Odile;+226 00 00 64 12;G009;Est;Urbain;Oui;28;25-34 ans;Secondaire ou plus;3;Oui;Traditionnelle;2;Oui;24,5;16,0;0;1,0247;0,655
F00900201;Traoré;Mariam;+226 00 00 65 54;G009;Est;Urbain;Oui;29;25-34 ans;Aucun;2;Oui;Catholique;4;Non;21,6;4,28;1;1,5589;0,655
F00900202;Bado;Salimata;+226 00 00 22 29;G009;Est;Urbain;Oui;42;35-49 ans;Primaire;1;Oui;Catholique;11;Oui;24,8;27,83;1;0,8292;0,655
F00900203;Ouédraogo;Odile;+226 00 00 69 57;G009;Est;Urbain;Oui;37;35-49 ans;Primaire;4;Oui;Musulmane;2;Oui;21,8;3,21;1;1,5271;0,655
F00900204;Ilboudo;Adjara;+226 00 00 16 37;G009;Est;Urbain;Oui;39;35-49 ans;Secondaire ou plus;4;Non;Musulmane;3;Oui;20,8;10,38;1;0,9625;0,655
F00900205;Kaboré;Aminata;+226 00 00 79 47;G009;Est;Urbain;Oui;23;15-24 ans;Primaire;4;Oui;Musulmane;1;Non;14,3;7,32;1;0,8966;0,655
F00900206;Yaméogo;Fatimata;+226 00 00 10 73;G009;Est;Urbain;Oui;29;25-34 ans;Aucun;4;Oui;Protestante;5;Non;26,1;6,71;1;1,3749;0,655
F00900207;Yaméogo;Odile;+226 00 00 18 47;G009;Est;Urbain;Oui;42;35-49 ans;Secondaire ou plus;5;Non;Protestante;3;Oui;27,0;0,46;1;1,4613;0,655
F00900208;Zongo;Mariam;+226 00 00 20 46;G009;Est;Urbain;Oui;34;25-34 ans;Primaire;4;Oui;Musulmane;7;Oui;25,3;5,8;1;0,8182;0,655
F00900209;Sawadogo;Rasmata;+226 00 00 82 90;G009;Est;Urbain;Oui;26;25-34 ans;Aucun;3;Oui;Musulmane;0;Oui;17,2;1,12;1;0,8526;0,655
F00900210;Zongo;Odile;+226 00 00 17 33;G009;Est;Urbain;Oui;40;35-49 ans;Primaire;4;Non;Musulmane;5;Non;22,9;17,36;1;1,1604;0,655
F00900211;Bado;Clarisse;+226 00 00 45 61;G009;Est;Urbain;Oui;27;25-34 ans;Secondaire ou plus;4;Oui;Protestante;1;Oui;18,6;15,0;0;1,5734;0,655
F00900212;Ilboudo;Odile;+226 00 00 78 49;G009;Est;Urbain;Oui;15;15-24 ans;Secondaire ou plus;3;Oui;Traditionnelle;0;Non;21,8;3,0;0;0,6398;0,655
F00900213;Yaméogo;Awa;+226 00 00 98 40;G009;Est;Urbain;Oui;33;25-34 ans;Secondaire ou plus;3;Oui;Catholique;3;Non;25,4;20,2;1;0,6776;0,655
F00900214;Kaboré;Rasmata;+226 00 00 48 52;G009;Est;Urbain;Oui;17;15-24 ans;Primaire;1;Oui;Musulmane;0;Non;20,4;5,0;0;0,891;0,655
F00900215;Yaméogo;Fatimata;+226 00 00 67 54;G009;Est;Urbain;Oui;37;35-49 ans;Secondaire ou plus;3;Oui;Catholique;4;Oui;25,2;5,72;1;1,3599;0,655
F00900216;Sawadogo;Bintou;+226 00 00 25 88;G009;Est;Urbain;Oui;48;35-49 ans;Aucun;2;Oui;Musulmane;8;Oui;23,5;14,44;1;0,8922;0,655
F01000217;Bado;Bintou;+226 00 00 16 23;G010;Boucle du Mouhoun;Rural;Non;24;15-24 ans;Secondaire ou plus;3;Oui;Musulmane;2;Non;24,8;12,0;0;1,4289;0,143
F01000218;Ouédraogo;Adjara;+226 00 00 37 98;G010;Boucle du Mouhoun;Rural;Non;19;15-24 ans;Aucun;4;Non;Protestante;0;Oui;21,1;1,64;1;1,1283;0,143
F01000219;Compaoré;Bintou;+226 00 00 33 39;G010;Boucle du Mouhoun;Rural;Non;21;15-24 ans;Aucun;3;Oui;Catholique;0;Non;21,8;9,0;0;1,2941;0,143
F01000220;Yaméogo;Fatimata;+226 00 00 10 13;G010;Boucle du Mouhoun;Rural;Non;35;35-49 ans;Aucun;2;Non;Musulmane;7;Oui;20,6;9,24;1;0,9867;0,143
F01000221;Ouédraogo;Mariam;+226 00 00 21 85;G010;Boucle du Mouhoun;Rural;Non;17;15-24 ans;Aucun;3;Non;Catholique;0;Non;21,7;1,2;1;0,7809;0,143
F01000222;Kinda;Aminata;+226 00 00 84 10;G010;Boucle du Mouhoun;Rural;Non;27;25-34 ans;Aucun;3;Non;Musulmane;2;Non;22,7;2,41;1;1,5337;0,143
F01000223;Kaboré;Fatimata;+226 00 00 65 23;G010;Boucle du Mouhoun;Rural;Non;23;15-24 ans;Aucun;3;Non;Protestante;0;Oui;20,1;11,0;0;0,6553;0,143
F01000224;Yaméogo;Rasmata;+226 00 00 19 82;G010;Boucle du Mouhoun;Rural;Non;21;15-24 ans;Aucun;2;Oui;Musulmane;3;Non;26,3;2,43;1;1,5093;0,143
F01000225;Traoré;Fatimata;+226 00 00 36 38;G010;Boucle du Mouhoun;Rural;Non;40;35-49 ans;Aucun;5;Non;Musulmane;3;Oui;24,2;4,87;1;0,9141;0,143
F01000226;Traoré;Clarisse;+226 00 00 48 37;G010;Boucle du Mouhoun;Rural;Non;31;25-34 ans;Secondaire ou plus;1;Oui;Musulmane;2;Non;21,1;19,0;0;1,0952;0,143
F01000227;Kaboré;Salimata;+226 00 00 17 79;G010;Boucle du Mouhoun;Rural;Non;22;15-24 ans;Aucun;2;Oui;Musulmane;0;Non;24,0;10,0;0;1,2886;0,143
F01000228;Traoré;Rasmata;+226 00 00 12 90;G010;Boucle du Mouhoun;Rural;Non;34;25-34 ans;Aucun;5;Non;Catholique;3;Non;27,7;13,32;1;0,8474;0,143
F01000229;Bado;Odile;+226 00 00 16 51;G010;Boucle du Mouhoun;Rural;Non;22;15-24 ans;Aucun;4;Non;Protestante;2;Oui;27,1;4,72;1;1,4747;0,143
F01000230;Traoré;Rasmata;+226 00 00 98 52;G010;Boucle du Mouhoun;Rural;Non;44;35-49 ans;Aucun;2;Oui;Protestante;6;Oui;21,4;0,75;1;0,9592;0,143
F01100231;Kinda;Odile;+226 00 00 61 46;G011;Sahel;Rural;Oui;47;35-49 ans;Primaire;1;Non;Musulmane;3;Non;21,0;24,84;1;1,4077;0,375
F01100232;Ilboudo;Bintou;+226 00 00 40 87;G011;Sahel;Rural;Oui;23;15-24 ans;Aucun;3;Oui;Musulmane;2;Non;22,0;5,74;1;1,4478;0,375
F01100233;Ouédraogo;Adjara;+226 00 00 47 92;G011;Sahel;Rural;Oui;18;15-24 ans;Secondaire ou plus;4;Oui;Musulmane;0;Non;19,9;6,0;0;1,5212;0,375
F01100234;Ilboudo;Aminata;+226 00 00 34 37;G011;Sahel;Rural;Oui;40;35-49 ans;Aucun;2;Non;Musulmane;1;Non;16,1;28,0;0;1,02;0,375
F01100235;Kinda;Awa;+226 00 00 78 11;G011;Sahel;Rural;Oui;15;15-24 ans;Primaire;4;Oui;Musulmane;0;Oui;23,2;1,17;1;1,2846;0,375
F01100236;Compaoré;Awa;+226 00 00 69 96;G011;Sahel;Rural;Oui;45;35-49 ans;Primaire;2;Non;Musulmane;6;Oui;22,4;15,35;1;0,8176;0,375
F01100237;Ilboudo;Clarisse;+226 00 00 11 53;G011;Sahel;Rural;Oui;20;15-24 ans;Aucun;3;Oui;Musulmane;2;Oui;16,4;1,74;1;1,3794;0,375
F01100238;Kaboré;Adjara;+226 00 00 58 49;G011;Sahel;Rural;Oui;49;35-49 ans;Aucun;2;Non;Traditionnelle;9;Non;20,3;18,71;1;1,0733;0,375
F01100239;Yaméogo;Rasmata;+226 00 00 60 93;G011;Sahel;Rural;Oui;31;25-34 ans;Aucun;2;Non;Catholique;3;Oui;16,4;18,49;1;0,9493;0,375
F01100240;Kinda;Clarisse;+226 00 00 29 35;G011;Sahel;Rural;Oui;20;15-24 ans;Aucun;3;Non;Musulmane;0;Non;17,6;3,13;1;1,3316;0,375
F01100241;Traoré;Awa;+226 00 00 40 32;G011;Sahel;Rural;Oui;25;25-34 ans;Aucun;2;Non;Musulmane;1;Non;19,4;13,0;0;1,1967;0,375
F01100242;Ouédraogo;Adjara;+226 00 00 44 41;G011;Sahel;Rural;Oui;19;15-24 ans;Aucun;3;Non;Traditionnelle;0;Non;22,8;7,0;0;0,761;0,375
F01100243;Kinda;Fatimata;+226 00 00 45 75;G011;Sahel;Rural;Oui;42;35-49 ans;Aucun;3;Non;Musulmane;7;Non;18,7;10,79;1;1,0771;0,375
F01100244;Traoré;Bintou;+226 00 00 67 14;G011;Sahel;Rural;Oui;19;15-24 ans;Aucun;1;;Musulmane;1;Oui;19,7;0,78;1;1,5727;0,375
F01100245;Traoré;Mariam;+226 00 00 24 39;G011;Sahel;Rural;Oui;30;25-34 ans;Primaire;4;Non;Musulmane;4;Oui;22,1;9,36;1;0,996;0,375
F01100246;Traoré;Awa;+226 00 00 93 19;G011;Sahel;Rural;Oui;49;35-49 ans;Secondaire ou plus;1;Oui;Catholique;6;Oui;18,2;37,0;0;1,5219;0,375
F01200247;Compaoré;Rasmata;+226 00 00 19 85;G012;Centre;Urbain;Oui;19;15-24 ans;Aucun;3;Non;Protestante;1;Non;19,3;6,1;1;1,076;0,833
F01200248;Kaboré;Salimata;+226 00 00 96 20;G012;Centre;Urbain;Oui;40;35-49 ans;Primaire;3;Non;Musulmane;1;Non;22,9;7,78;1;1,0409;0,833
F01200249;Ouédraogo;Clarisse;+226 00 00 51 80;G012;Centre;Urbain;Oui;48;35-49 ans;Primaire;5;Oui;Musulmane;8;Oui;23,5;16,24;1;0,7834;0,833
F01200250;Ilboudo;Bintou;+226 00 00 87 19;G012;Centre;Urbain;Oui;32;25-34 ans;Primaire;5;Oui;Musulmane;3;Oui;23,2;0,02;1;1,1304;0,833
F01200251;Kaboré;Awa;+226 00 00 21 35;G012;Centre;Urbain;Oui;19;15-24 ans;Secondaire ou plus;4;Oui;Catholique;1;Oui;16,4;7,0;0;0,6409;0,833
F01200252;Ouédraogo;Rasmata;+226 00 00 30 98;G012;Centre;Urbain;Oui;42;35-49 ans;Aucun;3;Oui;Traditionnelle;9;Non;24,1;8,34;1;0,7351;0,833
F01200253;Ilboudo;Rasmata;+226 00 00 79 37;G012;Centre;Urbain;Oui;37;35-49 ans;Secondaire ou plus;3;Oui;Musulmane;6;Oui;19,2;17,21;1;0,8927;0,833
F01200254;Zongo;Fatimata;+226 00 00 87 58;G012;Centre;Urbain;Oui;30;25-34 ans;Primaire;5;Oui;Catholique;2;Non;16,3;18,0;0;1,4643;0,833
F01200255;Compaoré;Rasmata;+226 00 00 18 74;G012;Centre;Urbain;Oui;36;35-49 ans;Primaire;1;Non;Traditionnelle;7;Non;25,0;0,95;1;1,4499;0,833
F01200256;Yaméogo;Aminata;+226 00 00 28 53;G012;Centre;Urbain;Oui;48;35-49 ans;Secondaire ou plus;3;Oui;Musulmane;11;Oui;23,6;36,0;0;0,6729;0,833
F01200257;Bado;Awa;+226 00 00 21 97;G012;Centre;Urbain;Oui;17;15-24 ans;Primaire;5;Oui;Musulmane;0;Oui;19,2;4,81;1;1,1961;0,833
F01200258;Bado;Adjara;+226 00 00 91 66;G012;Centre;Urbain;Oui;19;15-24 ans;Secondaire ou plus;2;Oui;Catholique;0;Non;21,5;7,0;0;0,7144;0,833
F01300259;Ouédraogo;Awa;+226 00 00 93 43;G013;Hauts-Bassins;Rural;Oui;24;15-24 ans;Primaire;2;Non;Musulmane;1;Non;20,8;7,76;1;1,1462;0,345
F01300260;Ouédraogo;Mariam;+226 00 00 51 47;G013;Hauts-Bassins;Rural;Oui;30;25-34 ans;Aucun;3;Non;Catholique;4;Oui;23,3;0,11;1;0,7455;0,345
F01300261;Bado;Rasmata;+226 00 00 91 11;G013;Hauts-Bassins;Rural;Oui;19;15-24 ans;Aucun;3;Non;Musulmane;0;Non;23,1;7,0;0;1,2304;0,345
F01300262;Sawadogo;Bintou;+226 00 00 35 18;G013;Hauts-Bassins;Rural;Oui;36;35-49 ans;Secondaire ou plus;3;Oui;Musulmane;7;Non;21,7;11,84;1;1,1425;0,345
F01300263;Compaoré;Bintou;+226 00 00 73 80;G013;Hauts-Bassins;Rural;Oui;45;35-49 ans;Aucun;1;Oui;Catholique;6;Oui;24,9;5,19;1;1,1397;0,345
F01300264;Bado;Aminata;+226 00 00 88 52;G013;Hauts-Bassins;Rural;Oui;29;25-34 ans;Secondaire ou plus;2;Non;Musulmane;5;Oui;19,9;4,8;1;0,8856;0,345
F01300265;Kinda;Salimata;+226 00 00 61 36;G013;Hauts-Bassins;Rural;Oui;49;35-49 ans;Aucun;2;Non;Musulmane;5;Non;21,3;0,95;1;1,1294;0,345
F01300266;Zongo;Fatimata;+226 00 00 46 14;G013;Hauts-Bassins;Rural;Oui;22;15-24 ans;Primaire;3;Non;Musulmane;0;Oui;;1,96;1;1,5815;0,345
F01300267;Traoré;Aminata;+226 00 00 32 88;G013;Hauts-Bassins;Rural;Oui;22;15-24 ans;Secondaire ou plus;3;Oui;Musulmane;1;Oui;16,8;1,25;1;0,9858;0,345
F01300268;Kinda;Awa;+226 00 00 74 59;G013;Hauts-Bassins;Rural;Oui;20;15-24 ans;Aucun;2;Non;Musulmane;1;Oui;25,2;8,0;0;1,4603;0,345
F01300269;Traoré;Adjara;+226 00 00 22 66;G013;Hauts-Bassins;Rural;Oui;30;25-34 ans;Primaire;2;Oui;Musulmane;2;Non;24,6;5,16;1;1,0922;0,345
F01300270;Zongo;Awa;+226 00 00 69 35;G013;Hauts-Bassins;Rural;Oui;28;25-34 ans;Aucun;3;Non;Musulmane;1;Non;25,2;16,0;0;1,1712;0,345
F01300271;Ilboudo;Mariam;+226 00 00 96 70;G013;Hauts-Bassins;Rural;Oui;26;25-34 ans;Aucun;1;Oui;Protestante;2;Oui;24,5;14,0;0;0,6367;0,345
F01300272;Zongo;Aminata;+226 00 00 71 43;G013;Hauts-Bassins;Rural;Oui;44;35-49 ans;Aucun;3;Non;Musulmane;7;Non;21,5;10,83;1;0,7063;0,345
F01300273;Traoré;Odile;+226 00 00 56 17;G013;Hauts-Bassins;Rural;Oui;19;15-24 ans;Aucun;3;Oui;Catholique;0;Non;20,4;7,0;0;1,4778;0,345
F01300274;Yaméogo;Adjara;+226 00 00 35 19;G013;Hauts-Bassins;Rural;Oui;38;35-49 ans;Aucun;1;Oui;Musulmane;3;Oui;18,8;20,47;1;0,7935;0,345
F01300275;Ouédraogo;Fatimata;+226 00 00 79 49;G013;Hauts-Bassins;Rural;Oui;32;25-34 ans;Aucun;5;Non;Musulmane;5;Oui;22,4;20,0;0;1,0865;0,345
F01300276;Compaoré;Awa;+226 00 00 44 14;G013;Hauts-Bassins;Rural;Oui;45;35-49 ans;Primaire;1;Non;Musulmane;11;Oui;20,2;21,5;1;0,7011;0,345
F01300277;Yaméogo;Salimata;+226 00 00 71 22;G013;Hauts-Bassins;Rural;Oui;30;25-34 ans;Secondaire ou plus;2;Non;Catholique;4;Oui;26,2;18,0;0;1,4263;0,345
F01300278;Bado;Mariam;+226 00 00 41 10;G013;Hauts-Bassins;Rural;Oui;34;25-34 ans;Aucun;2;Non;Musulmane;7;Oui;19,4;16,5;1;1,236;0,345
F01300279;Compaoré;Bintou;+226 00 00 75 68;G013;Hauts-Bassins;Rural;Oui;30;25-34 ans;Aucun;3;Oui;Protestante;2;Oui;15,0;0,78;1;0,7627;0,345
F01300280;Sawadogo;Mariam;+226 00 00 61 81;G013;Hauts-Bassins;Rural;Oui;42;35-49 ans;Aucun;3;Non;Catholique;2;Non;20,4;22,19;1;0,8149;0,345
F01300281;Ilboudo;Aminata;+226 00 00 70 29;G013;Hauts-Bassins;Rural;Oui;31;25-34 ans;Aucun;2;Oui;Musulmane;1;Non;23,0;7,92;1;1,0818;0,345
F01300282;Kaboré;Clarisse;+226 00 00 20 89;G013;Hauts-Bassins;Rural;Oui;41;35-49 ans;Aucun;4;Non;Musulmane;12;Non;23,9;3,76;1;0,7644;0,345
F01300283;Ilboudo;Mariam;+226 00 00 39 10;G013;Hauts-Bassins;Rural;Oui;15;15-24 ans;Aucun;2;Oui;Catholique;0;Oui;19,8;3,0;0;1,2773;0,345
F01300284;Ouédraogo;Mariam;+226 00 00 93 15;G013;Hauts-Bassins;Rural;Oui;38;35-49 ans;Primaire;2;Oui;Catholique;6;Non;20,9;1,05;1;1,0022;0,345
F01300285;Yaméogo;Mariam;+226 00 00 85 72;G013;Hauts-Bassins;Rural;Oui;37;35-49 ans;Primaire;3;Non;Protestante;5;Oui;25,5;13,02;1;1,1003;0,345
F01300286;Bado;Rasmata;+226 00 00 25 80;G013;Hauts-Bassins;Rural;Oui;30;25-34 ans;Aucun;2;Oui;Musulmane;0;Non;19,6;6,46;1;1,2467;0,345
F01300287;Kaboré;Awa;+226 00 00 28 97;G013;Hauts-Bassins;Rural;Oui;33;25-34 ans;Aucun;2;;Catholique;8;Non;24,1;10,21;1;0,7283;0,345
F01400288;Traoré;Mariam;+226 00 00 43 18;G014;Nord;Urbain;Oui;35;35-49 ans;Secondaire ou plus;4;Oui;Catholique;3;Non;26,1;5,04;1;1,0873;0,579
F01400289;Sawadogo;Aminata;+226 00 00 19 82;G014;Nord;Urbain;Oui;35;35-49 ans;Secondaire ou plus;2;Oui;Musulmane;3;Non;20,5;20,13;1;1,2534;0,579
F01400290;Yaméogo;Adjara;+226 00 00 12 77;G014;Nord;Urbain;Oui;21;15-24 ans;Aucun;4;Oui;Musulmane;3;Non;22,7;1,05;1;1,2705;0,579
F01400291;Sawadogo;Fatimata;+226 00 00 50 91;G014;Nord;Urbain;Oui;27;25-34 ans;Secondaire ou plus;5;Oui;Catholique;0;Oui;18,5;6,15;1;1,1832;0,579
F01400292;Traoré;Adjara;+226 00 00 75 78;G014;Nord;Urbain;Oui;19;15-24 ans;Primaire;5;Oui;Musulmane;0;Non;26,1;1,5;1;1,1254;0,579
F01400293;Bado;Rasmata;+226 00 00 62 67;G014;Nord;Urbain;Oui;45;35-49 ans;Aucun;4;Oui;Musulmane;7;Non;27,1;0,95;1;1,1803;0,579
F01400294;Ilboudo;Odile;+226 00 00 67 91;G014;Nord;Urbain;Oui;38;35-49 ans;Aucun;4;Oui;Traditionnelle;3;Non;28,1;2,11;1;0,6886;0,579
F01400295;Bado;Awa;+226 00 00 83 37;G014;Nord;Urbain;Oui;20;15-24 ans;Aucun;5;Non;Musulmane;1;Non;25,5;8,0;0;1,3578;0,579
F01400296;Ouédraogo;Mariam;+226 00 00 58 23;G014;Nord;Urbain;Oui;38;35-49 ans;Primaire;4;Oui;Musulmane;2;Non;22,1;10,58;1;0,7163;0,579
F01400297;Bado;Odile;+226 00 00 63 47;G014;Nord;Urbain;Oui;36;35-49 ans;Secondaire ou plus;4;Oui;Musulmane;3;Non;24,4;24,0;0;1,2029;0,579
F01400298;Compaoré;Rasmata;+226 00 00 36 64;G014;Nord;Urbain;Oui;46;35-49 ans;Aucun;2;Non;Protestante;3;Oui;19,2;8,44;1;1,4228;0,579
F01400299;Yaméogo;Mariam;+226 00 00 61 69;G014;Nord;Urbain;Oui;38;35-49 ans;Secondaire ou plus;4;Non;Catholique;2;Non;26,0;26,0;0;1,2707;0,579
F01400300;Ilboudo;Fatimata;+226 00 00 90 26;G014;Nord;Urbain;Oui;46;35-49 ans;Primaire;3;Oui;Traditionnelle;6;Non;;10,8;1;1,2362;0,579
F01400301;Zongo;Awa;+226 00 00 36 21;G014;Nord;Urbain;Oui;49;35-49 ans;Aucun;3;Non;Protestante;10;Non;25,0;31,97;1;1,1867;0,579
F01400302;Ouédraogo;Bintou;+226 00 00 72 77;G014;Nord;Urbain;Oui;29;25-34 ans;Aucun;4;Non;Musulmane;6;Non;23,9;17,0;0;1,1157;0,579
F01400303;Ilboudo;Salimata;+226 00 00 74 40;G014;Nord;Urbain;Oui;22;15-24 ans;Primaire;4;Oui;Musulmane;0;Non;27,0;5,23;1;1,1898;0,579
F01400304;Ilboudo;Bintou;+226 00 00 85 76;G014;Nord;Urbain;Oui;26;25-34 ans;Aucun;4;Oui;Protestante;1;Non;19,0;5,14;1;0,7057;0,579
F01400305;Ilboudo;Aminata;+226 00 00 32 47;G014;Nord;Urbain;Oui;22;15-24 ans;Secondaire ou plus;3;Oui;Musulmane;0;Non;24,9;7,04;1;1,4629;0,579
F01400306;Compaoré;Clarisse;+226 00 00 61 68;G014;Nord;Urbain;Oui;41;35-49 ans;Secondaire ou plus;3;Oui;Musulmane;9;Non;26,2;5,58;1;1,484;0,579
F01500307;Yaméogo;Awa;+226 00 00 52 82;G015;Est;Urbain;Non;49;35-49 ans;Aucun;4;Oui;Catholique;11;Non;24,3;19,06;1;0,7986;0,586
F01500308;Compaoré;Rasmata;+226 00 00 76 33;G015;Est;Urbain;Non;39;35-49 ans;Secondaire ou plus;4;Oui;Musulmane;2;Non;25,1;0,69;1;0,8232;0,586
F01500309;Bado;Clarisse;+226 00 00 15 33;G015;Est;Urbain;Non;45;35-49 ans;Secondaire ou plus;3;Non;Musulmane;3;Oui;21,2;33,0;0;1,0788;0,586
F01500310;Bado;Clarisse;+226 00 00 41 21;G015;Est;Urbain;Non;33;25-34 ans;Aucun;5;Oui;Traditionnelle;4;Non;25,3;4,83;1;1,4589;0,586
F01500311;Zongo;Rasmata;+226 00 00 62 80;G015;Est;Urbain;Non;44;35-49 ans;Secondaire ou plus;3;Oui;Protestante;3;Oui;23,4;28,6;1;0,7759;0,586
F01500312;Ouédraogo;Bintou;+226 00 00 11 70;G015;Est;Urbain;Non;32;25-34 ans;Aucun;5;Oui;Musulmane;2;Non;22,7;2,57;1;0,9301;0,586
F01500313;Zongo;Clarisse;+226 00 00 22 50;G015;Est;Urbain;Non;44;35-49 ans;Aucun;3;Non;Musulmane;5;Non;20,3;10,48;1;1,4751;0,586
F01500314;Bado;Bintou;+226 00 00 35 33;G015;Est;Urbain;Non;42;35-49 ans;Secondaire ou plus;5;Oui;Catholique;4;Oui;;21,87;1;0,7639;0,586
F01500315;Compaoré;Clarisse;+226 00 00 11 32;G015;Est;Urbain;Non;40;35-49 ans;Aucun;4;Oui;Musulmane;6;Non;26,6;1,24;1;0,877;0,586
F01500316;Traoré;Adjara;+226 00 00 70 93;G015;Est;Urbain;Non;30;25-34 ans;Secondaire ou plus;4;Oui;Catholique;5;Non;25,4;0,49;1;1,3961;0,586
F01500317;Kinda;Salimata;+226 00 00 33 79;G015;Est;Urbain;Non;38;35-49 ans;Aucun;2;Non;Musulmane;4;Non;21,8;26,0;0;1,0864;0,586
F01500318;Zongo;Rasmata;+226 00 00 54 42;G015;Est;Urbain;Non;43;35-49 ans;Aucun;5;Non;Musulmane;6;Non;22,5;0,72;1;0,9012;0,586
F01500319;Ilboudo;Awa;+226 00 00 29 43;G015;Est;Urbain;Non;15;15-24 ans;Aucun;3;Oui;Catholique;0;Non;19,6;3,0;0;0,849;0,586
F01500320;Traoré;Aminata;+226 00 00 65 36;G015;Est;Urbain;Non;39;35-49 ans;Secondaire ou plus;4;Oui;Musulmane;5;Oui;25,7;9,85;1;1,5244;0,586
F01500321;Kinda;Mariam;+226 00 00 65 56;G015;Est;Urbain;Non;48;35-49 ans;Primaire;5;Oui;Catholique;10;Non;32,4;0,43;1;0,7383;0,586
F01500322;Sawadogo;Salimata;+226 00 00 95 26;G015;Est;Urbain;Non;18;15-24 ans;Secondaire ou plus;4;;Musulmane;0;Non;20,1;5,31;1;1,3753;0,586
F01500323;Ilboudo;Odile;+226 00 00 29 70;G015;Est;Urbain;Non;29;25-34 ans;Secondaire ou plus;1;Oui;Musulmane;4;Non;20,5;6,65;1;1,2413;0,586
F01500324;Sawadogo;Bintou;+226 00 00 84 36;G015;Est;Urbain;Non;20;15-24 ans;Secondaire ou plus;4;Oui;Musulmane;0;Oui;19,6;5,87;1;0,615;0,586
F01500325;Ilboudo;Fatimata;+226 00 00 60 12;G015;Est;Urbain;Non;41;35-49 ans;Aucun;3;Oui;Catholique;6;Oui;25,8;12,48;1;1,4865;0,586
F01500326;Yaméogo;Rasmata;+226 00 00 55 52;G015;Est;Urbain;Non;15;15-24 ans;Secondaire ou plus;3;Oui;Protestante;0;Oui;18,5;3,0;0;1,4221;0,586
F01500327;Ilboudo;Rasmata;+226 00 00 46 57;G015;Est;Urbain;Non;46;35-49 ans;Primaire;4;Oui;Catholique;6;Non;29,5;5,72;1;0,63;0,586
F01500328;Bado;Clarisse;+226 00 00 57 92;G015;Est;Urbain;Non;29;25-34 ans;Primaire;3;Oui;Catholique;4;Non;19,8;6,93;1;1,4892;0,586
F01500329;Kaboré;Rasmata;+226 00 00 38 81;G015;Est;Urbain;Non;25;25-34 ans;Primaire;2;Oui;Musulmane;2;Oui;20,3;12,47;1;1,5717;0,586
F01500330;Ouédraogo;Awa;+226 00 00 39 42;G015;Est;Urbain;Non;48;35-49 ans;Aucun;4;Oui;Catholique;10;Non;24,1;9,08;1;0,9034;0,586
F01500331;Yaméogo;Fatimata;+226 00 00 30 40;G015;Est;Urbain;Non;47;35-49 ans;Aucun;4;Oui;Catholique;8;Non;26,5;1,25;1;0,7622;0,586
F01500332;Compaoré;Bintou;+226 00 00 59 20;G015;Est;Urbain;Non;19;15-24 ans;Primaire;3;Oui;Musulmane;1;Oui;17,2;7,0;0;1,1724;0,586
F01500333;Kinda;Adjara;+226 00 00 13 96;G015;Est;Urbain;Non;21;15-24 ans;Aucun;5;Oui;Catholique;0;Non;;9,0;0;1,0696;0,586
F01500334;Ilboudo;Salimata;+226 00 00 79 20;G015;Est;Urbain;Non;30;25-34 ans;Primaire;5;;Musulmane;2;Non;23,2;9,32;1;1,1545;0,586
F01500335;Zongo;Aminata;+226 00 00 98 53;G015;Est;Urbain;Non;44;35-49 ans;Secondaire ou plus;4;Oui;Musulmane;5;Non;25,2;32,0;0;0,8287;0,586
F01600336;Ilboudo;Mariam;+226 00 00 40 17;G016;Boucle du Mouhoun;Rural;Non;45;35-49 ans;Primaire;1;Non;Musulmane;6;Non;21,0;14,56;1;0,8022;0,345
F01600337;Ouédraogo;Aminata;+226 00 00 84 35;G016;Boucle du Mouhoun;Rural;Non;18;15-24 ans;Aucun;1;Non;Musulmane;0;Oui;22,6;2,26;1;1,2742;0,345
F01600338;Kaboré;Salimata;+226 00 00 85 84;G016;Boucle du Mouhoun;Rural;Non;28;25-34 ans;Aucun;3;Non;Musulmane;0;Oui;21,2;9,09;1;0,9508;0,345
F01600339;Yaméogo;Rasmata;+226 00 00 92 39;G016;Boucle du Mouhoun;Rural;Non;40;35-49 ans;Primaire;2;Non;Protestante;7;Non;19,8;7,99;1;0,8734;0,345
F01600340;Kaboré;Fatimata;+226 00 00 55 64;G016;Boucle du Mouhoun;Rural;Non;26;25-34 ans;Primaire;4;Oui;Musulmane;2;Non;23,5;4,48;1;0,8953;0,345
F01600341;Ouédraogo;Fatimata;+226 00 00 56 27;G016;Boucle du Mouhoun;Rural;Non;19;15-24 ans;Aucun;3;Oui;Traditionnelle;0;Non;21,5;7,0;0;0,8483;0,345
F01600342;Yaméogo;Bintou;+226 00 00 27 17;G016;Boucle du Mouhoun;Rural;Non;39;35-49 ans;Aucun;3;Oui;Musulmane;8;Non;23,6;0,01;1;0,7848;0,345
F01600343;Kinda;Odile;+226 00 00 10 75;G016;Boucle du Mouhoun;Rural;Non;37;35-49 ans;Secondaire ou plus;4;Non;Musulmane;2;Oui;17,9;18,54;1;1,5717;0,345
F01600344;Zongo;Fatimata;+226 00 00 83 14;G016;Boucle du Mouhoun;Rural;Non;29;25-34 ans;Secondaire ou plus;1;Non;Protestante;1;Non;20,7;17,0;0;1,5766;0,345
F01600345;Compaoré;Awa;+226 00 00 54 14;G016;Boucle du Mouhoun;Rural;Non;30;25-34 ans;Primaire;3;Non;Musulmane;1;Oui;17,1;4,86;1;1,5268;0,345
F01600346;Kinda;Mariam;+226 00 00 82 37;G016;Boucle du Mouhoun;Rural;Non;33;25-34 ans;Aucun;3;Non;Musulmane;2;Non;20,0;9,6;1;1,5019;0,345
F01600347;Yaméogo;Rasmata;+226 00 00 13 60;G016;Boucle du Mouhoun;Rural;Non;15;15-24 ans;Aucun;4;Non;Catholique;0;Oui;;3,0;0;1,1471;0,345
F01600348;Zongo;Rasmata;+226 00 00 13 42;G016;Boucle du Mouhoun;Rural;Non;23;15-24 ans;Aucun;4;Non;Musulmane;2;Oui;20,9;6,98;1;1,1778;0,345
F01600349;Bado;Awa;+226 00 00 64 13;G016;Boucle du Mouhoun;Rural;Non;42;35-49 ans;Aucun;3;Non;Catholique;8;Non;24,6;21,02;1;1,3382;0,345
F01600350;Zongo;Odile;+226 00 00 63 31;G016;Boucle du Mouhoun;Rural;Non;42;35-49 ans;Aucun;2;Non;Musulmane;9;Non;22,1;5,32;1;1,1348;0,345
F01600351;Zongo;Odile;+226 00 00 63 87;G016;Boucle du Mouhoun;Rural;Non;36;35-49 ans;Aucun;1;Non;Musulmane;8;Non;23,6;1,91;1;1,345;0,345
F01600352;Compaoré;Bintou;+226 00 00 51 52;G016;Boucle du Mouhoun;Rural;Non;28;25-34 ans;Primaire;4;Non;Traditionnelle;2;Non;18,0;9,74;1;1,5334;0,345
F01600353;Traoré;Clarisse;+226 00 00 87 89;G016;Boucle du Mouhoun;Rural;Non;37;35-49 ans;Aucun;4;Non;Musulmane;3;Non;25,5;8,69;1;1,5118;0,345
F01600354;Sawadogo;Fatimata;+226 00 00 89 23;G016;Boucle du Mouhoun;Rural;Non;26;25-34 ans;Aucun;4;Non;Traditionnelle;1;Non;21,5;14,0;0;0,9158;0,345
F01600355;Ouédraogo;Aminata;+226 00 00 34 90;G016;Boucle du Mouhoun;Rural;Non;40;35-49 ans;Aucun;3;Oui;Musulmane;14;Non;23,1;28,0;0;1,5052;0,345
F01600356;Traoré;Clarisse;+226 00 00 46 36;G016;Boucle du Mouhoun;Rural;Non;42;35-49 ans;Primaire;1;Non;Catholique;6;Non;21,9;8,53;1;1,5113;0,345
F01600357;Sawadogo;Salimata;+226 00 00 91 15;G016;Boucle du Mouhoun;Rural;Non;44;35-49 ans;Primaire;2;Non;Musulmane;6;Non;21,3;0,66;1;0,7421;0,345
F01600358;Kinda;Salimata;+226 00 00 83 76;G016;Boucle du Mouhoun;Rural;Non;30;25-34 ans;Primaire;3;Oui;Catholique;3;Non;23,4;8,31;1;1,3288;0,345
F01600359;Sawadogo;Mariam;+226 00 00 92 89;G016;Boucle du Mouhoun;Rural;Non;20;15-24 ans;Aucun;3;Non;Catholique;1;Non;22,1;5,7;1;1,0476;0,345
F01600360;Ilboudo;Mariam;+226 00 00 68 47;G016;Boucle du Mouhoun;Rural;Non;28;25-34 ans;Aucun;4;Non;Catholique;2;Non;24,7;9,92;1;0,8468;0,345
F01600361;Sawadogo;Adjara;+226 00 00 80 81;G016;Boucle du Mouhoun;Rural;Non;37;35-49 ans;Aucun;2;Non;Traditionnelle;5;Non;21,5;3,73;1;1,0121;0,345
F01600362;Yaméogo;Odile;+226 00 00 73 86;G016;Boucle du Mouhoun;Rural;Non;25;25-34 ans;Aucun;5;Oui;Musulmane;2;Oui;21,4;8,74;1;0,7578;0,345
F01600363;Kaboré;Rasmata;+226 00 00 58 54;G016;Boucle du Mouhoun;Rural;Non;29;25-34 ans;Aucun;2;Non;Traditionnelle;4;Non;22,2;4,98;1;1,3629;0,345
F01600364;Bado;Bintou;+226 00 00 89 80;G016;Boucle du Mouhoun;Rural;Non;48;35-49 ans;Aucun;2;Oui;Protestante;3;Non;21,6;12,75;1;1,2234;0,345
F01700365;Compaoré;Mariam;+226 00 00 71 42;G017;Sahel;Urbain;Non;38;35-49 ans;Secondaire ou plus;3;Oui;Musulmane;10;Non;22,0;9,51;1;0,7662;0,778
F01700366;Yaméogo;Bintou;+226 00 00 44 47;G017;Sahel;Urbain;Non;22;15-24 ans;Primaire;5;Oui;Musulmane;2;Oui;24,7;10,0;0;0,7421;0,778
F01700367;Compaoré;Salimata;+226 00 00 61 81;G017;Sahel;Urbain;Non;23;15-24 ans;Secondaire ou plus;2;Oui;Protestante;1;Non;20,8;6,78;1;0,7907;0,778
F01700368;Kinda;Mariam;+226 00 00 52 75;G017;Sahel;Urbain;Non;20;15-24 ans;Primaire;2;Oui;Catholique;1;Oui;20,6;0,29;1;1,5444;0,778
F01700369;Traoré;Awa;+226 00 00 37 93;G017;Sahel;Urbain;Non;26;25-34 ans;Secondaire ou plus;2;Oui;Musulmane;2;Oui;22,1;14,0;0;1,1374;0,778
F01700370;Ilboudo;Awa;+226 00 00 81 84;G017;Sahel;Urbain;Non;19;15-24 ans;Primaire;4;Oui;Catholique;0;Non;23,7;2,27;1;0,9518;0,778
F01700371;Traoré;Salimata;+226 00 00 43 18;G017;Sahel;Urbain;Non;21;15-24 ans;Secondaire ou plus;4;Oui;Musulmane;2;Oui;23,1;9,0;0;0,8912;0,778
F01700372;Kinda;Awa;+226 00 00 31 98;G017;Sahel;Urbain;Non;25;25-34 ans;Secondaire ou plus;4;Non;Musulmane;3;Oui;24,5;13,0;0;0,9145;0,778
F01700373;Ouédraogo;Adjara;+226 00 00 86 73;G017;Sahel;Urbain;Non;45;35-49 ans;Secondaire ou plus;3;Oui;Musulmane;9;Oui;26,0;6,95;1;1,1283;0,778
F01700374;Traoré;Odile;+226 00 00 50 56;G017;Sahel;Urbain;Non;36;35-49 ans;Aucun;3;Non;Musulmane;3;Oui;18,9;20,8;1;1,4165;0,778
F01700375;Traoré;Salimata;+226 00 00 10 66;G017;Sahel;Urbain;Non;18;15-24 ans;Secondaire ou plus;4;Oui;Catholique;0;Oui;20,2;6,0;0;0,6069;0,778
F01700376;Kaboré;Awa;+226 00 00 75 80;G017;Sahel;Urbain;Non;19;15-24 ans;Primaire;4;Non;Musulmane;0;Non;18,2;7,0;0;0,9413;0,778
F01700377;Zongo;Salimata;+226 00 00 60 94;G017;Sahel;Urbain;Non;39;35-49 ans;Aucun;4;Non;Musulmane;7;Non;21,1;1,56;1;0,7344;0,778
F01700378;Zongo;Salimata;+226 00 00 91 80;G017;Sahel;Urbain;Non;48;35-49 ans;Secondaire ou plus;4;Oui;Musulmane;1;Oui;21,8;36,0;0;1,0445;0,778
F01700379;Yaméogo;Aminata;+226 00 00 15 84;G017;Sahel;Urbain;Non;15;15-24 ans;Aucun;3;Oui;Musulmane;0;Non;21,9;3,0;0;1,0206;0,778
F01700380;Zongo;Mariam;+226 00 00 72 45;G017;Sahel;Urbain;Non;38;35-49 ans;Secondaire ou plus;4;Non;Traditionnelle;4;Oui;26,1;19,66;1;0,9033;0,778
F01700381;Compaoré;Aminata;+226 00 00 12 86;G017;Sahel;Urbain;Non;30;25-34 ans;Secondaire ou plus;3;Non;Catholique;1;Oui;19,7;18,0;0;0,8617;0,778
F01700382;Yaméogo;Fatimata;+226 00 00 52 42;G017;Sahel;Urbain;Non;40;35-49 ans;Aucun;3;Non;Protestante;6;Non;20,5;18,42;1;0,8582;0,778
F01700383;Ilboudo;Bintou;+226 00 00 52 76;G017;Sahel;Urbain;Non;33;25-34 ans;Secondaire ou plus;4;Oui;Traditionnelle;1;Oui;27,0;17,87;1;0,609;0,778
F01700384;Bado;Bintou;+226 00 00 57 47;G017;Sahel;Urbain;Non;34;25-34 ans;Secondaire ou plus;3;Oui;Musulmane;2;Oui;18,6;3,72;1;1,5218;0,778
F01700385;Bado;Salimata;+226 00 00 59 34;G017;Sahel;Urbain;Non;43;35-49 ans;Primaire;3;Oui;Protestante;8;Oui;22,8;4,44;1;1,5215;0,778
F01700386;Ouédraogo;Fatimata;+226 00 00 97 16;G017;Sahel;Urbain;Non;40;35-49 ans;Aucun;3;Oui;Musulmane;6;Oui;20,0;26,57;1;1,5202;0,778
F01700387;Bado;Bintou;+226 00 00 48 77;G017;Sahel;Urbain;Non;18;15-24 ans;Aucun;3;Oui;Musulmane;0;Oui;24,6;6,0;0;1,0729;0,778
F01700388;Compaoré;Aminata;+226 00 00 98 73;G017;Sahel;Urbain;Non;22;15-24 ans;Primaire;5;Oui;Musulmane;0;Oui;27,3;10,0;0;1,2328;0,778
F01700389;Traoré;Awa;+226 00 00 78 55;G017;Sahel;Urbain;Non;44;35-49 ans;Primaire;4;Oui;Musulmane;6;Oui;23,2;5,57;1;1,4717;0,778
F01700390;Compaoré;Salimata;+226 00 00 90 21;G017;Sahel;Urbain;Non;16;15-24 ans;Primaire;3;Non;Musulmane;0;Non;22,8;2,32;1;0,666;0,778
F01700391;Ilboudo;Aminata;+226 00 00 58 60;G017;Sahel;Urbain;Non;18;15-24 ans;Primaire;4;Oui;Protestante;0;Non;21,1;1,21;1;0,8804;0,778
F01800392;Yaméogo;Mariam;+226 00 00 50 16;G018;Centre;Urbain;Oui;17;15-24 ans;Primaire;5;Non;Protestante;0;Oui;18,0;5,0;0;1,2309;0,759
F01800393;Ouédraogo;Aminata;+226 00 00 26 27;G018;Centre;Urbain;Oui;18;15-24 ans;Secondaire ou plus;2;Oui;Musulmane;0;Oui;25,5;6,0;0;1,5832;0,759
F01800394;Kinda;Aminata;+226 00 00 76 44;G018;Centre;Urbain;Oui;15;15-24 ans;Secondaire ou plus;3;Oui;Musulmane;0;Non;19,7;3,0;0;1,5851;0,759
F01800395;Bado;Rasmata;+226 00 00 81 17;G018;Centre;Urbain;Oui;21;15-24 ans;Aucun;2;Non;Musulmane;3;Non;22,3;8,89;1;0,7196;0,759
F01800396;Kaboré;Odile;+226 00 00 21 30;G018;Centre;Urbain;Oui;41;35-49 ans;Primaire;2;Non;Catholique;6;Non;20,0;16,33;1;1,4547;0,759
F01800397;Kinda;Mariam;+226 00 00 41 95;G018;Centre;Urbain;Oui;47;35-49 ans;Secondaire ou plus;2;Oui;Catholique;2;Non;28,9;7,36;1;1,2909;0,759
F01800398;Kinda;Odile;+226 00 00 24 19;G018;Centre;Urbain;Oui;21;15-24 ans;Aucun;3;Non;Musulmane;3;Non;22,9;0,22;1;1,3774;0,759
F01800399;Ouédraogo;Aminata;+226 00 00 54 72;G018;Centre;Urbain;Oui;18;15-24 ans;Secondaire ou plus;4;Oui;Musulmane;0;Non;20,5;6,0;0;1,2758;0,759
F01800400;Zongo;Odile;+226 00 00 42 69;G018;Centre;Urbain;Oui;42;35-49 ans;Secondaire ou plus;3;;Musulmane;5;Non;23,4;1,94;1;1,5712;0,759
F01800401;Sawadogo;Aminata;+226 00 00 35 38;G018;Centre;Urbain;Oui;40;35-49 ans;Primaire;2;Oui;Musulmane;3;Non;28,3;7,38;1;1,4243;0,759
F01800402;Compaoré;Adjara;+226 00 00 91 14;G018;Centre;Urbain;Oui;25;25-34 ans;Secondaire ou plus;5;Oui;Musulmane;4;Non;23,4;5,68;1;0,9793;0,759
F01800403;Ouédraogo;Rasmata;+226 00 00 70 33;G018;Centre;Urbain;Oui;33;25-34 ans;Primaire;2;Oui;Catholique;4;Oui;19,8;5,93;1;1,4288;0,759
F01800404;Bado;Salimata;+226 00 00 73 40;G018;Centre;Urbain;Oui;36;35-49 ans;Primaire;5;Oui;Musulmane;9;Non;25,1;4,83;1;0,6779;0,759
F01800405;Sawadogo;Mariam;+226 00 00 74 69;G018;Centre;Urbain;Oui;37;35-49 ans;Secondaire ou plus;3;Oui;Musulmane;1;Non;21,9;9,79;1;1,4544;0,759
F01800406;Zongo;Salimata;+226 00 00 44 76;G018;Centre;Urbain;Oui;44;35-49 ans;Secondaire ou plus;4;Oui;Traditionnelle;1;Non;24,5;8,28;1;1,4948;0,759
F01800407;Ouédraogo;Mariam;+226 00 00 50 77;G018;Centre;Urbain;Oui;30;25-34 ans;Aucun;2;Non;Protestante;5;Non;19,6;12,21;1;0,715;0,759
F01800408;Yaméogo;Salimata;+226 00 00 38 51;G018;Centre;Urbain;Oui;42;35-49 ans;Secondaire ou plus;3;Non;Catholique;7;Non;25,8;14,9;1;0,815;0,759
F01800409;Compaoré;Fatimata;+226 00 00 27 88;G018;Centre;Urbain;Oui;20;15-24 ans;Aucun;4;Oui;Musulmane;0;Non;25,4;8,0;0;1,3054;0,759
F01800410;Compaoré;Aminata;+226 00 00 58 89;G018;Centre;Urbain;Oui;40;35-49 ans;Primaire;5;Oui;Musulmane;5;Non;18,4;9,49;1;0,8199;0,759
F01800411;Kinda;Odile;+226 00 00 96 72;G018;Centre;Urbain;Oui;17;15-24 ans;Primaire;4;Oui;Catholique;0;Non;19,9;5,0;0;0,6156;0,759
F01800412;Ouédraogo;Bintou;+226 00 00 74 67;G018;Centre;Urbain;Oui;35;35-49 ans;Aucun;5;Oui;Catholique;3;Oui;20,0;16,75;1;1,3259;0,759
F01800413;Kaboré;Adjara;+226 00 00 93 20;G018;Centre;Urbain;Oui;32;25-34 ans;Secondaire ou plus;4;Oui;Musulmane;5;Non;28,3;5,56;1;1,2554;0,759
F01800414;Ouédraogo;Fatimata;+226 00 00 68 62;G018;Centre;Urbain;Oui;35;35-49 ans;Aucun;2;Non;Catholique;2;Non;21,6;5,48;1;0,6964;0,759
F01800415;Kaboré;Fatimata;+226 00 00 50 61;G018;Centre;Urbain;Oui;45;35-49 ans;Primaire;5;Oui;Musulmane;5;Non;25,0;9,93;1;1,4682;0,759
F01800416;Ouédraogo;Adjara;+226 00 00 79 72;G018;Centre;Urbain;Oui;36;35-49 ans;Primaire;2;Oui;Traditionnelle;0;Non;20,9;6,76;1;1,3352;0,759
F01800417;Compaoré;Adjara;+226 00 00 96 23;G018;Centre;Urbain;Oui;45;35-49 ans;Primaire;2;Oui;Musulmane;4;Non;21,8;1,34;1;0,9842;0,759
F01800418;Kaboré;Salimata;+226 00 00 50 12;G018;Centre;Urbain;Oui;21;15-24 ans;Secondaire ou plus;3;Non;Musulmane;0;Non;20,6;9,0;0;1,2279;0,759
F01800419;Traoré;Clarisse;+226 00 00 65 26;G018;Centre;Urbain;Oui;49;35-49 ans;Secondaire ou plus;4;Oui;Musulmane;8;Non;25,3;11,13;1;0,9672;0,759
F01800420;Ouédraogo;Aminata;+226 00 00 31 21;G018;Centre;Urbain;Oui;34;25-34 ans;Aucun;4;Oui;Catholique;2;Oui;27,5;22,0;0;1,0375;0,759
F01900421;Sawadogo;Adjara;+226 00 00 63 87;G019;Hauts-Bassins;Rural;Oui;17;15-24 ans;Aucun;2;Non;Musulmane;0;Non;15,2;0,14;1;0,791;0,167
F01900422;Compaoré;Fatimata;+226 00 00 46 44;G019;Hauts-Bassins;Rural;Oui;26;25-34 ans;Aucun;2;Oui;Musulmane;1;Non;21,8;14,0;0;0,7386;0,167
F01900423;Kaboré;Mariam;+226 00 00 26 74;G019;Hauts-Bassins;Rural;Oui;29;25-34 ans;Aucun;3;Oui;Musulmane;0;Non;21,2;1,38;1;0,7173;0,167
F01900424;Kinda;Aminata;+226 00 00 78 20;G019;Hauts-Bassins;Rural;Oui;15;15-24 ans;Aucun;3;Oui;Musulmane;0;Non;17,6;3,0;0;1,5033;0,167
F01900425;Ouédraogo;Adjara;+226 00 00 30 16;G019;Hauts-Bassins;Rural;Oui;21;15-24 ans;Aucun;1;Non;Musulmane;1;Non;13,3;9,0;0;0,7209;0,167
F01900426;Sawadogo;Rasmata;+226 00 00 32 35;G019;Hauts-Bassins;Rural;Oui;45;35-49 ans;Aucun;4;Oui;Catholique;6;Non;19,7;19,06;1;1,1725;0,167
F01900427;Sawadogo;Odile;+226 00 00 39 33;G019;Hauts-Bassins;Rural;Oui;33;25-34 ans;Aucun;2;Oui;Musulmane;5;Non;21,7;4,52;1;1,0568;0,167
F01900428;Zongo;Awa;+226 00 00 34 66;G019;Hauts-Bassins;Rural;Oui;27;25-34 ans;Primaire;2;Oui;Musulmane;1;Oui;24,2;12,15;1;1,2263;0,167
F01900429;Compaoré;Odile;+226 00 00 18 52;G019;Hauts-Bassins;Rural;Oui;28;25-34 ans;Primaire;1;Non;Protestante;1;Non;19,9;2,86;1;0,6715;0,167
F01900430;Kinda;Clarisse;+226 00 00 91 53;G019;Hauts-Bassins;Rural;Oui;25;25-34 ans;Aucun;2;Non;Musulmane;0;Non;16,0;6,2;1;1,3795;0,167
F01900431;Traoré;Awa;+226 00 00 18 38;G019;Hauts-Bassins;Rural;Oui;19;15-24 ans;Aucun;3;Oui;Musulmane;0;Non;21,5;3,47;1;0,8204;0,167
F01900432;Ilboudo;Awa;+226 00 00 19 76;G019;Hauts-Bassins;Rural;Oui;40;35-49 ans;Aucun;2;Oui;Musulmane;5;Non;19,8;21,95;1;1,1919;0,167
F01900433;Sawadogo;Salimata;+226 00 00 88 34;G019;Hauts-Bassins;Rural;Oui;17;15-24 ans;Aucun;3;Oui;Catholique;0;Oui;19,6;5,0;0;1,2674;0,167
F01900434;Traoré;Salimata;+226 00 00 43 30;G019;Hauts-Bassins;Rural;Oui;49;35-49 ans;Aucun;2;Non;Catholique;4;Non;22,4;20,5;1;1,435;0,167
F01900435;Yaméogo;Salimata;+226 00 00 53 55;G019;Hauts-Bassins;Rural;Oui;30;25-34 ans;Aucun;2;Non;Musulmane;4;Non;17,3;7,27;1;0,7769;0,167
F01900436;Yaméogo;Fatimata;+226 00 00 61 82;G019;Hauts-Bassins;Rural;Oui;17;15-24 ans;Aucun;1;Non;Musulmane;0;Non;14,2;0,96;1;0,6069;0,167
F01900437;Ouédraogo;Adjara;+226 00 00 12 83;G019;Hauts-Bassins;Rural;Oui;47;35-49 ans;Aucun;2;Non;Musulmane;5;Oui;18,9;15,7;1;0,7653;0,167
F01900438;Ilboudo;Salimata;+226 00 00 96 33;G019;Hauts-Bassins;Rural;Oui;34;25-34 ans;Secondaire ou plus;1;Oui;Musulmane;1;Non;17,6;11,37;1;1,142;0,167
F02000439;Ilboudo;Bintou;+226 00 00 93 77;G020;Nord;Rural;Non;49;35-49 ans;Aucun;1;Non;Musulmane;7;Non;20,9;11,16;1;1,1258;0,484
F02000440;Zongo;Rasmata;+226 00 00 92 94;G020;Nord;Rural;Non;40;35-49 ans;Aucun;1;Non;Catholique;5;Non;23,2;0,17;1;1,0859;0,484
F02000441;Sawadogo;Aminata;+226 00 00 61 86;G020;Nord;Rural;Non;48;35-49 ans;Aucun;2;Non;Musulmane;8;Non;;1,17;1;0,985;0,484
F02000442;Ouédraogo;Mariam;+226 00 00 82 88;G020;Nord;Rural;Non;30;25-34 ans;Aucun;1;Oui;Musulmane;1;Non;19,1;4,15;1;1,4187;0,484
F02000443;Sawadogo;Salimata;+226 00 00 33 96;G020;Nord;Rural;Non;26;25-34 ans;Secondaire ou plus;1;Oui;Protestante;1;Oui;15,1;1,15;1;0,7419;0,484
F02000444;Ouédraogo;Rasmata;+226 00 00 85 84;G020;Nord;Rural;Non;32;25-34 ans;Primaire;2;Oui;Protestante;3;Oui;18,8;20,0;0;1,5352;0,484
F02000445;Bado;Odile;+226 00 00 47 16;G020;Nord;Rural;Non;16;15-24 ans;Aucun;4;Oui;Musulmane;0;Oui;20,9;4,0;0;1,0654;0,484
F02000446;Sawadogo;Mariam;+226 00 00 38 89;G020;Nord;Rural;Non;21;15-24 ans;Aucun;2;Oui;Traditionnelle;1;Non;19,5;7,69;1;0,6308;0,484
F02000447;Zongo;Bintou;+226 00 00 95 16;G020;Nord;Rural;Non;25;25-34 ans;Aucun;3;Non;Musulmane;3;Non;15,8;0,69;1;1,428;0,484
F02000448;Ouédraogo;Awa;+226 00 00 69 13;G020;Nord;Rural;Non;40;35-49 ans;Aucun;3;Non;Musulmane;3;Oui;;7,89;1;0,69;0,484
F02000449;Zongo;Mariam;+226 00 00 33 85;G020;Nord;Rural;Non;47;35-49 ans;Primaire;1;Oui;Musulmane;7;Oui;16,2;5,91;1;1,2221;0,484
F02000450;Compaoré;Rasmata;+226 00 00 31 44;G020;Nord;Rural;Non;40;35-49 ans;Primaire;4;Oui;Musulmane;3;Oui;24,4;8,58;1;0,9187;0,484
F02000451;Zongo;Awa;+226 00 00 98 60;G020;Nord;Rural;Non;45;35-49 ans;Primaire;3;Non;Traditionnelle;11;Oui;19,1;2,94;1;1,448;0,484
F02000452;Ouédraogo;Mariam;+226 00 00 51 72;G020;Nord;Rural;Non;19;15-24 ans;Aucun;2;Non;Traditionnelle;2;Non;17,4;7,0;0;1,5721;0,484
F02000453;Ouédraogo;Fatimata;+226 00 00 67 71;G020;Nord;Rural;Non;41;35-49 ans;Aucun;3;Oui;Musulmane;8;Non;22,7;15,99;1;1,106;0,484
F02000454;Zongo;Clarisse;+226 00 00 38 46;G020;Nord;Rural;Non;45;35-49 ans;Aucun;1;Non;Musulmane;8;Non;14,6;4,55;1;0,6336;0,484
F02000455;Compaoré;Aminata;+226 00 00 97 61;G020;Nord;Rural;Non;22;15-24 ans;Secondaire ou plus;1;Non;Musulmane;0;Non;17,7;10,0;0;0,7857;0,484
F02000456;Compaoré;Clarisse;+226 00 00 97 32;G020;Nord;Rural;Non;40;35-49 ans;Aucun;1;Non;Traditionnelle;7;Non;;3,37;1;0,8219;0,484
F02000457;Kinda;Bintou;+226 00 00 24 82;G020;Nord;Rural;Non;26;25-34 ans;Primaire;3;Non;Catholique;1;Oui;22,9;10,98;1;0,9079;0,484
F02000458;Yaméogo;Salimata;+226 00 00 25 26;G020;Nord;Rural;Non;32;25-34 ans;Primaire;1;Non;Musulmane;2;Non;17,6;9,99;1;1,0167;0,484
F02000459;Sawadogo;Awa;+226 00 00 54 45;G020;Nord;Rural;Non;37;35-49 ans;Primaire;4;Oui;Musulmane;4;Non;26,7;0,27;1;1,1033;0,484
F02000460;Yaméogo;Mariam;+226 00 00 22 66;G020;Nord;Rural;Non;47;35-49 ans;Aucun;5;Non;Musulmane;13;Non;20,2;18,08;1;0,7866;0,484
F02000461;Traoré;Rasmata;+226 00 00 89 50;G020;Nord;Rural;Non;15;15-24 ans;Secondaire ou plus;2;Non;Traditionnelle;0;Non;19,5;3,0;0;0,7651;0,484
F02000462;Kaboré;Mariam;+226 00 00 95 32;G020;Nord;Rural;Non;16;15-24 ans;Primaire;1;Oui;Musulmane;0;Oui;22,3;1,43;1;0,8943;0,484
F02000463;Yaméogo;Mariam;+226 00 00 76 32;G020;Nord;Rural;Non;27;25-34 ans;Primaire;3;Non;Traditionnelle;2;Oui;17,9;4,32;1;1,242;0,484
F02000464;Kinda;Odile;+226 00 00 36 84;G020;Nord;Rural;Non;33;25-34 ans;Primaire;2;Non;Musulmane;4;Oui;22,1;6,27;1;0,6512;0,484
F02000465;Traoré;Adjara;+226 00 00 31 65;G020;Nord;Rural;Non;23;15-24 ans;Aucun;1;Non;Musulmane;4;Non;;2,41;1;1,5285;0,484
F02000466;Compaoré;Salimata;+226 00 00 30 93;G020;Nord;Rural;Non;41;35-49 ans;Secondaire ou plus;2;Non;Musulmane;4;Non;17,9;3,37;1;0,6412;0,484
F02000467;Yaméogo;Fatimata;+226 00 00 14 21;G020;Nord;Rural;Non;20;15-24 ans;Primaire;3;Non;Musulmane;3;Oui;20,7;8,0;0;0,6014;0,484
F02000468;Compaoré;Odile;+226 00 00 44 11;G020;Nord;Rural;Non;35;35-49 ans;Aucun;1;Oui;Musulmane;2;Oui;19,0;2,81;1;1,0888;0,484
F02000469;Ilboudo;Clarisse;+226 00 00 45 64;G020;Nord;Rural;Non;17;15-24 ans;Aucun;2;Non;Musulmane;0;Oui;23,6;0,11;1;1,062;0,484
F02100470;Traoré;Clarisse;+226 00 00 70 72;G021;Est;Rural;Oui;39;35-49 ans;Aucun;3;Non;Protestante;7;Non;20,4;17,2;1;0,9976;0,267
F02100471;Yaméogo;Fatimata;+226 00 00 27 81;G021;Est;Rural;Oui;16;15-24 ans;Aucun;1;Non;Musulmane;0;Non;20,1;4,0;0;1,1611;0,267
F02100472;Ilboudo;Bintou;+226 00 00 42 48;G021;Est;Rural;Oui;19;15-24 ans;Secondaire ou plus;2;Oui;Musulmane;1;Oui;12,7;7,0;0;0,7224;0,267
F02100473;Ilboudo;Fatimata;+226 00 00 34 57;G021;Est;Rural;Oui;19;15-24 ans;Primaire;2;Non;Musulmane;0;Oui;16,7;2,81;1;1,1574;0,267
F02100474;Kaboré;Adjara;+226 00 00 76 54;G021;Est;Rural;Oui;18;15-24 ans;Aucun;3;Non;Catholique;1;Oui;17,8;3,21;1;0,9845;0,267
F02100475;Yaméogo;Aminata;+226 00 00 61 74;G021;Est;Rural;Oui;48;35-49 ans;Secondaire ou plus;2;Oui;Musulmane;4;Oui;18,0;2,59;1;1,59;0,267
F02100476;Sawadogo;Awa;+226 00 00 98 31;G021;Est;Rural;Oui;15;15-24 ans;Aucun;2;Non;Musulmane;0;Non;18,3;0,62;1;1,1913;0,267
F02100477;Bado;Rasmata;+226 00 00 55 18;G021;Est;Rural;Oui;28;25-34 ans;Aucun;3;Non;Catholique;5;Oui;22,3;1,18;1;0,9585;0,267
F02100478;Zongo;Mariam;+226 00 00 55 35;G021;Est;Rural;Oui;27;25-34 ans;Aucun;3;Non;Catholique;0;Non;26,7;0,97;1;1,3871;0,267
F02100479;Kaboré;Adjara;+226 00 00 32 40;G021;Est;Rural;Oui;17;15-24 ans;Aucun;3;Oui;Catholique;0;Oui;;1,17;1;1,1673;0,267
F02100480;Bado;Odile;+226 00 00 83 66;G021;Est;Rural;Oui;18;15-24 ans;Aucun;3;Non;Musulmane;0;Non;16,3;2,63;1;1,0232;0,267
F02100481;Sawadogo;Salimata;+226 00 00 63 37;G021;Est;Rural;Oui;43;35-49 ans;Aucun;2;Oui;Musulmane;6;Non;22,2;3,45;1;0,9622;0,267
F02100482;Sawadogo;Aminata;+226 00 00 83 90;G021;Est;Rural;Oui;44;35-49 ans;Secondaire ou plus;1;Non;Musulmane;1;Oui;22,7;13,51;1;0,964;0,267
F02100483;Traoré;Bintou;+226 00 00 98 23;G021;Est;Rural;Oui;38;35-49 ans;Aucun;3;Oui;Musulmane;5;Oui;22,5;6,52;1;1,5344;0,267
F02100484;Compaoré;Fatimata;+226 00 00 20 41;G021;Est;Rural;Oui;45;35-49 ans;Aucun;2;Non;Musulmane;10;Non;18,6;0,5;1;1,5834;0,267
F02200485;Kaboré;Fatimata;+226 00 00 87 33;G022;Boucle du Mouhoun;Urbain;Oui;38;35-49 ans;Secondaire ou plus;3;Non;Catholique;6;Non;27,7;7,96;1;1,3044;0,733
F02200486;Ilboudo;Clarisse;+226 00 00 77 95;G022;Boucle du Mouhoun;Urbain;Oui;27;25-34 ans;Secondaire ou plus;1;Oui;Musulmane;1;Non;18,8;15,0;0;0,7888;0,733
F02200487;Bado;Bintou;+226 00 00 33 78;G022;Boucle du Mouhoun;Urbain;Oui;35;35-49 ans;Primaire;3;Oui;Protestante;3;Non;24,0;11,72;1;1,1562;0,733
F02200488;Ilboudo;Salimata;+226 00 00 46 65;G022;Boucle du Mouhoun;Urbain;Oui;27;25-34 ans;Secondaire ou plus;4;Oui;Musulmane;5;Non;22,1;2,04;1;1,1866;0,733
F02200489;Traoré;Fatimata;+226 00 00 55 84;G022;Boucle du Mouhoun;Urbain;Oui;21;15-24 ans;Secondaire ou plus;5;Oui;Musulmane;1;Non;25,1;9,0;0;1,3335;0,733
F02200490;Ouédraogo;Odile;+226 00 00 60 23;G022;Boucle du Mouhoun;Urbain;Oui;33;25-34 ans;Aucun;5;Oui;Catholique;3;Non;17,8;6,35;1;1,1684;0,733
F02200491;Sawadogo;Aminata;+226 00 00 69 88;G022;Boucle du Mouhoun;Urbain;Oui;38;35-49 ans;Primaire;3;Non;Catholique;3;Non;21,1;6,7;1;0,6581;0,733
F02200492;Ouédraogo;Bintou;+226 00 00 12 51;G022;Boucle du Mouhoun;Urbain;Oui;21;15-24 ans;Secondaire ou plus;3;Oui;Traditionnelle;1;Oui;28,4;9,0;0;1,5226;0,733
F02200493;Traoré;Mariam;+226 00 00 53 45;G022;Boucle du Mouhoun;Urbain;Oui;29;25-34 ans;Aucun;4;Oui;Musulmane;3;Oui;20,1;6,23;1;1,5136;0,733
F02200494;Traoré;Adjara;+226 00 00 85 37;G022;Boucle du Mouhoun;Urbain;Oui;35;35-49 ans;Aucun;5;Oui;Musulmane;5;Non;23,3;5,58;1;1,4122;0,733
F02200495;Kaboré;Mariam;+226 00 00 98 85;G022;Boucle du Mouhoun;Urbain;Oui;25;25-34 ans;Primaire;3;Oui;Musulmane;2;Oui;24,0;13,0;0;1,0604;0,733
F02200496;Bado;Mariam;+226 00 00 31 72;G022;Boucle du Mouhoun;Urbain;Oui;34;25-34 ans;Aucun;4;Oui;Musulmane;5;Non;;1,57;1;1,1275;0,733
F02200497;Compaoré;Clarisse;+226 00 00 85 88;G022;Boucle du Mouhoun;Urbain;Oui;20;15-24 ans;Primaire;5;Non;Musulmane;0;Non;23,4;8,0;0;1,0138;0,733
F02200498;Traoré;Awa;+226 00 00 30 69;G022;Boucle du Mouhoun;Urbain;Oui;27;25-34 ans;Aucun;3;Oui;Musulmane;2;Oui;26,4;0,14;1;1,3442;0,733
F02200499;Kaboré;Odile;+226 00 00 72 70;G022;Boucle du Mouhoun;Urbain;Oui;31;25-34 ans;Primaire;5;Oui;Traditionnelle;0;Non;22,7;6,34;1;0,8633;0,733
F02200500;Bado;Adjara;+226 00 00 97 52;G022;Boucle du Mouhoun;Urbain;Oui;49;35-49 ans;Aucun;3;Oui;Musulmane;2;Oui;23,4;0,73;1;0,6303;0,733
F02200501;Bado;Bintou;+226 00 00 11 56;G022;Boucle du Mouhoun;Urbain;Oui;45;35-49 ans;Secondaire ou plus;3;Oui;Musulmane;8;Non;25,6;11,15;1;1,4707;0,733
F02200502;Yaméogo;Salimata;+226 00 00 36 88;G022;Boucle du Mouhoun;Urbain;Oui;18;15-24 ans;Secondaire ou plus;4;Oui;Musulmane;0;Oui;23,0;6,0;0;0,8399;0,733
F02200503;Compaoré;Bintou;+226 00 00 47 95;G022;Boucle du Mouhoun;Urbain;Oui;39;35-49 ans;Primaire;2;Oui;Musulmane;4;Non;15,1;0,88;1;1,0189;0,733
F02200504;Kaboré;Odile;+226 00 00 41 12;G022;Boucle du Mouhoun;Urbain;Oui;49;35-49 ans;Secondaire ou plus;2;Oui;Catholique;3;Non;15,9;4,57;1;1,3548;0,733
F02200505;Traoré;Aminata;+226 00 00 45 16;G022;Boucle du Mouhoun;Urbain;Oui;42;35-49 ans;Secondaire ou plus;5;Oui;Traditionnelle;1;Oui;22,8;30,0;0;0,7811;0,733
F02200506;Compaoré;Salimata;+226 00 00 67 41;G022;Boucle du Mouhoun;Urbain;Oui;32;25-34 ans;Secondaire ou plus;4;Oui;Catholique;2;Oui;21,0;14,53;1;1,1823;0,733
F02200507;Zongo;Clarisse;+226 00 00 32 91;G022;Boucle du Mouhoun;Urbain;Oui;17;15-24 ans;Primaire;3;Oui;Musulmane;0;Non;16,7;4,05;1;0,8028;0,733
F02200508;Sawadogo;Aminata;+226 00 00 10 52;G022;Boucle du Mouhoun;Urbain;Oui;16;15-24 ans;Secondaire ou plus;3;Non;Catholique;0;Oui;21,4;4,0;0;0,6598;0,733
F02200509;Compaoré;Rasmata;+226 00 00 75 35;G022;Boucle du Mouhoun;Urbain;Oui;28;25-34 ans;Secondaire ou plus;5;;Musulmane;1;Oui;29,8;10,63;1;0,8056;0,733
F02200510;Bado;Aminata;+226 00 00 61 34;G022;Boucle du Mouhoun;Urbain;Oui;49;35-49 ans;Aucun;5;Non;Musulmane;7;Non;25,0;9,37;1;1,4617;0,733
F02200511;Kaboré;Salimata;+226 00 00 59 60;G022;Boucle du Mouhoun;Urbain;Oui;48;35-49 ans;Secondaire ou plus;4;Oui;Musulmane;8;Oui;23,3;13,73;1;1,2464;0,733
F02200512;Zongo;Awa;+226 00 00 58 51;G022;Boucle du Mouhoun;Urbain;Oui;48;35-49 ans;Primaire;1;Oui;Catholique;12;Oui;22,1;2,75;1;0,96;0,733
F02200513;Ouédraogo;Awa;+226 00 00 58 50;G022;Boucle du Mouhoun;Urbain;Oui;23;15-24 ans;Primaire;3;Oui;Musulmane;2;Non;23,8;5,81;1;0,8144;0,733
F02200514;Kaboré;Clarisse;+226 00 00 74 21;G022;Boucle du Mouhoun;Urbain;Oui;39;35-49 ans;Aucun;5;Non;Musulmane;6;Oui;26,5;10,26;1;1,4063;0,733
F02300515;Kinda;Odile;+226 00 00 45 76;G023;Sahel;Rural;Oui;30;25-34 ans;Aucun;4;Oui;Musulmane;2;Non;19,5;9,03;1;0,8023;0,25
F02300516;Bado;Fatimata;+226 00 00 72 47;G023;Sahel;Rural;Oui;30;25-34 ans;Aucun;4;Oui;Musulmane;4;Non;20,7;1,9;1;0,6712;0,25
F02300517;Ouédraogo;Adjara;+226 00 00 23 76;G023;Sahel;Rural;Oui;46;35-49 ans;Primaire;2;Oui;Traditionnelle;9;Non;19,8;10,4;1;0,6833;0,25
F02300518;Bado;Rasmata;+226 00 00 57 28;G023;Sahel;Rural;Oui;17;15-24 ans;Aucun;3;Oui;Traditionnelle;0;Oui;19,6;3,09;1;1,2999;0,25
F02300519;Compaoré;Awa;+226 00 00 75 41;G023;Sahel;Rural;Oui;42;35-49 ans;Primaire;2;Oui;Protestante;5;Oui;21,7;19,57;1;0,7192;0,25
F02300520;Sawadogo;Odile;+226 00 00 31 79;G023;Sahel;Rural;Oui;25;25-34 ans;Aucun;3;Non;Musulmane;0;Oui;20,8;1,31;1;0,7943;0,25
F02300521;Traoré;Adjara;+226 00 00 25 64;G023;Sahel;Rural;Oui;49;35-49 ans;Aucun;3;Oui;Musulmane;6;Non;18,0;3,66;1;1,5202;0,25
F02300522;Ilboudo;Awa;+226 00 00 63 22;G023;Sahel;Rural;Oui;49;35-49 ans;Aucun;3;Non;Catholique;8;Non;19,7;21,6;1;1,3301;0,25
F02300523;Ilboudo;Mariam;+226 00 00 50 47;G023;Sahel;Rural;Oui;31;25-34 ans;Aucun;5;Non;Musulmane;5;Oui;21,5;1,39;1;0,9271;0,25
F02300524;Kaboré;Aminata;+226 00 00 15 53;G023;Sahel;Rural;Oui;21;15-24 ans;Aucun;2;Oui;Musulmane;0;Non;18,7;8,59;1;0,709;0,25
F02300525;Kinda;Clarisse;+226 00 00 29 43;G023;Sahel;Rural;Oui;37;35-49 ans;Aucun;3;Oui;Musulmane;7;Non;26,0;1,83;1;1,4877;0,25
F02300526;Sawadogo;Adjara;+226 00 00 49 26;G023;Sahel;Rural;Oui;23;15-24 ans;Primaire;2;Non;Traditionnelle;0;Oui;21,6;1,44;1;1,0993;0,25
F02300527;Ilboudo;Fatimata;+226 00 00 22 34;G023;Sahel;Rural;Oui;34;25-34 ans;Aucun;2;Non;Protestante;6;Oui;18,7;5,39;1;1,1987;0,25
F02300528;Ilboudo;Aminata;+226 00 00 36 92;G023;Sahel;Rural;Oui;39;35-49 ans;Aucun;4;Non;Catholique;8;Non;18,3;0,91;1;0,9338;0,25
F02300529;Kinda;Salimata;+226 00 00 75 68;G023;Sahel;Rural;Oui;18;15-24 ans;Aucun;3;Oui;Musulmane;0;Non;22,6;6,0;0;1,3263;0,25
F02300530;Ilboudo;Odile;+226 00 00 60 48;G023;Sahel;Rural;Oui;45;35-49 ans;Primaire;2;Non;Musulmane;7;Non;17,1;3,68;1;0,6461;0,25
F02300531;Kinda;Fatimata;+226 00 00 20 57;G023;Sahel;Rural;Oui;31;25-34 ans;Aucun;1;Non;Protestante;5;Non;16,3;0,69;1;1,2224;0,25
F02300532;Compaoré;Clarisse;+226 00 00 51 71;G023;Sahel;Rural;Oui;35;35-49 ans;Primaire;2;Non;Musulmane;2;Non;23,8;6,53;1;1,5977;0,25
F02300533;Kinda;Awa;+226 00 00 86 58;G023;Sahel;Rural;Oui;33;25-34 ans;Aucun;2;Non;Catholique;2;Non;20,5;3,96;1;1,1834;0,25
F02300534;Kinda;Adjara;+226 00 00 95 40;G023;Sahel;Rural;Oui;46;35-49 ans;Aucun;4;Non;Musulmane;6;Oui;22,3;0,46;1;0,992;0,25
F02400535;Compaoré;Adjara;+226 00 00 81 24;G024;Centre;Urbain;Oui;28;25-34 ans;Aucun;4;Oui;Catholique;0;Oui;23,0;16,0;0;1,2497;0,733
F02400536;Bado;Rasmata;+226 00 00 79 92;G024;Centre;Urbain;Oui;20;15-24 ans;Aucun;2;Oui;Musulmane;0;Oui;24,8;1,63;1;0,8768;0,733
F02400537;Ouédraogo;Odile;+226 00 00 67 85;G024;Centre;Urbain;Oui;31;25-34 ans;Primaire;5;Oui;Musulmane;2;Oui;18,9;9,17;1;0,6764;0,733
F02400538;Bado;Clarisse;+226 00 00 97 19;G024;Centre;Urbain;Oui;21;15-24 ans;Aucun;2;Oui;Catholique;1;Oui;22,9;9,0;0;1,2584;0,733
F02400539;Bado;Fatimata;+226 00 00 36 32;G024;Centre;Urbain;Oui;36;35-49 ans;Secondaire ou plus;3;Non;Musulmane;7;Oui;24,8;6,55;1;1,4793;0,733
F02400540;Bado;Awa;+226 00 00 85 60;G024;Centre;Urbain;Oui;43;35-49 ans;Aucun;4;Oui;Protestante;4;Non;;9,89;1;1,307;0,733
F02400541;Sawadogo;Clarisse;+226 00 00 12 73;G024;Centre;Urbain;Oui;15;15-24 ans;Secondaire ou plus;3;Oui;Musulmane;0;Non;22,6;3,0;0;0,913;0,733
F02400542;Ilboudo;Aminata;+226 00 00 20 80;G024;Centre;Urbain;Oui;35;35-49 ans;Primaire;3;Oui;Musulmane;8;Non;25,2;2,02;1;1,1928;0,733
F02400543;Yaméogo;Bintou;+226 00 00 27 15;G024;Centre;Urbain;Oui;26;25-34 ans;Primaire;2;Oui;Catholique;3;Oui;21,7;1,05;1;1,1056;0,733
F02400544;Zongo;Fatimata;+226 00 00 22 78;G024;Centre;Urbain;Oui;16;15-24 ans;Secondaire ou plus;4;Oui;Catholique;0;Oui;21,3;1,78;1;0,9515;0,733
F02400545;Kaboré;Awa;+226 00 00 23 39;G024;Centre;Urbain;Oui;33;25-34 ans;Primaire;4;Oui;Catholique;6;Oui;23,4;12,94;1;1,2517;0,733
F02400546;Bado;Mariam;+226 00 00 54 97;G024;Centre;Urbain;Oui;41;35-49 ans;Secondaire ou plus;3;Oui;Musulmane;4;Oui;22,0;0,54;1;0,7214;0,733
F02400547;Ouédraogo;Rasmata;+226 00 00 28 64;G024;Centre;Urbain;Oui;35;35-49 ans;Primaire;4;Oui;Protestante;4;Oui;19,7;2,01;1;0,8633;0,733
F02400548;Compaoré;Salimata;+226 00 00 40 52;G024;Centre;Urbain;Oui;17;15-24 ans;Primaire;4;Non;Musulmane;0;Oui;21,8;5,0;0;0,8179;0,733
F02400549;Yaméogo;Awa;+226 00 00 94 57;G024;Centre;Urbain;Oui;16;15-24 ans;Secondaire ou plus;4;Oui;Protestante;0;Non;21,6;4,0;0;0,7237;0,733
F02500550;Yaméogo;Salimata;+226 00 00 70 87;G025;Hauts-Bassins;Rural;Non;23;15-24 ans;Aucun;3;Non;Musulmane;2;Non;24,1;7,29;1;1,5858;0,323
F02500551;Kaboré;Fatimata;+226 00 00 48 76;G025;Hauts-Bassins;Rural;Non;42;35-49 ans;Aucun;2;Oui;Protestante;2;Non;22,7;27,16;1;0,6547;0,323
F02500552;Bado;Awa;+226 00 00 75 85;G025;Hauts-Bassins;Rural;Non;38;35-49 ans;Secondaire ou plus;3;Non;Musulmane;2;Oui;16,0;14,52;1;1,2755;0,323
F02500553;Zongo;Salimata;+226 00 00 69 63;G025;Hauts-Bassins;Rural;Non;43;35-49 ans;Primaire;2;Oui;Catholique;9;Non;25,7;10,58;1;1,2241;0,323
F02500554;Zongo;Adjara;+226 00 00 95 97;G025;Hauts-Bassins;Rural;Non;16;15-24 ans;Aucun;1;Non;Musulmane;0;Non;15,7;4,0;0;1,0494;0,323
F02500555;Ouédraogo;Awa;+226 00 00 39 94;G025;Hauts-Bassins;Rural;Non;22;15-24 ans;Aucun;2;Oui;Protestante;0;Non;21,4;10,0;0;1,5097;0,323
F02500556;Sawadogo;Awa;+226 00 00 79 12;G025;Hauts-Bassins;Rural;Non;44;35-49 ans;Aucun;4;Oui;Musulmane;8;Non;27,6;0,12;1;1,5762;0,323
F02500557;Traoré;Salimata;+226 00 00 61 87;G025;Hauts-Bassins;Rural;Non;43;35-49 ans;Aucun;1;Non;Musulmane;7;Non;22,0;14,12;1;1,1403;0,323
F02500558;Zongo;Fatimata;+226 00 00 64 15;G025;Hauts-Bassins;Rural;Non;23;15-24 ans;Aucun;4;Non;Musulmane;2;Non;23,4;11,0;0;0,6567;0,323
F02500559;Kaboré;Adjara;+226 00 00 31 26;G025;Hauts-Bassins;Rural;Non;48;35-49 ans;Primaire;1;Non;Musulmane;12;Non;22,6;2,89;1;1,3892;0,323
F02500560;Kinda;Salimata;+226 00 00 62 58;G025;Hauts-Bassins;Rural;Non;43;35-49 ans;Primaire;1;Non;Musulmane;4;Oui;21,7;5,34;1;0,7707;0,323
F02500561;Compaoré;Salimata;+226 00 00 38 44;G025;Hauts-Bassins;Rural;Non;41;35-49 ans;Secondaire ou plus;2;Non;Traditionnelle;8;Oui;23,3;29,0;0;0,6063;0,323
F02500562;Ilboudo;Adjara;+226 00 00 81 55;G025;Hauts-Bassins;Rural;Non;22;15-24 ans;Aucun;3;Non;Musulmane;2;Non;23,4;10,0;0;1,1232;0,323
F02500563;Ilboudo;Adjara;+226 00 00 90 83;G025;Hauts-Bassins;Rural;Non;30;25-34 ans;Aucun;4;Oui;Musulmane;1;Non;17,0;5,86;1;1,2666;0,323
F02500564;Ouédraogo;Adjara;+226 00 00 40 34;G025;Hauts-Bassins;Rural;Non;16;15-24 ans;Aucun;3;Non;Musulmane;0;Non;17,3;0,54;1;0,7549;0,323
F02500565;Ilboudo;Bintou;+226 00 00 61 80;G025;Hauts-Bassins;Rural;Non;19;15-24 ans;Primaire;1;Oui;Catholique;2;Non;18,8;4,3;1;1,1865;0,323
F02500566;Zongo;Awa;+226 00 00 69 82;G025;Hauts-Bassins;Rural;Non;36;35-49 ans;Primaire;4;Oui;Musulmane;5;Non;25,0;8,35;1;1,5523;0,323
F02500567;Kaboré;Fatimata;+226 00 00 64 32;G025;Hauts-Bassins;Rural;Non;45;35-49 ans;Primaire;3;Non;Musulmane;6;Oui;19,6;8,77;1;1,4807;0,323
F02500568;Yaméogo;Bintou;+226 00 00 34 19;G025;Hauts-Bassins;Rural;Non;37;35-49 ans;Aucun;1;Non;Musulmane;4;Oui;15,9;13,2;1;0,9121;0,323
F02500569;Traoré;Adjara;+226 00 00 97 96;G025;Hauts-Bassins;Rural;Non;20;15-24 ans;Aucun;5;Oui;Musulmane;2;Oui;23,2;1,32;1;0,653;0,323
F02500570;Ilboudo;Odile;+226 00 00 41 40;G025;Hauts-Bassins;Rural;Non;39;35-49 ans;Aucun;1;Non;Traditionnelle;5;Oui;;1,68;1;1,007;0,323
F02500571;Kaboré;Rasmata;+226 00 00 39 24;G025;Hauts-Bassins;Rural;Non;15;15-24 ans;Aucun;3;Non;Musulmane;0;Oui;21,1;3,0;0;1,4431;0,323
F02500572;Kinda;Adjara;+226 00 00 38 41;G025;Hauts-Bassins;Rural;Non;22;15-24 ans;Aucun;2;Non;Musulmane;0;Non;24,2;10,0;0;1,3692;0,323
F02500573;Sawadogo;Awa;+226 00 00 50 24;G025;Hauts-Bassins;Rural;Non;35;35-49 ans;Aucun;3;Non;Musulmane;4;Non;20,6;14,5;1;0,7477;0,323
F02500574;Yaméogo;Fatimata;+226 00 00 90 56;G025;Hauts-Bassins;Rural;Non;29;25-34 ans;Primaire;3;Non;Catholique;2;Non;18,1;17,0;0;1,0034;0,323
F02500575;Compaoré;Mariam;+226 00 00 36 88;G025;Hauts-Bassins;Rural;Non;47;35-49 ans;Aucun;3;Non;Musulmane;2;Non;20,0;7,06;1;0,6708;0,323
F02500576;Ilboudo;Bintou;+226 00 00 80 44;G025;Hauts-Bassins;Rural;Non;17;15-24 ans;Aucun;2;Non;Musulmane;0;Non;20,9;5,0;0;0,8104;0,323
F02500577;Kinda;Aminata;+226 00 00 83 71;G025;Hauts-Bassins;Rural;Non;27;25-34 ans;Primaire;2;Oui;Musulmane;3;Non;23,8;1,63;1;1,2454;0,323
F02500578;Bado;Fatimata;+226 00 00 53 64;G025;Hauts-Bassins;Rural;Non;17;15-24 ans;Aucun;4;Oui;Musulmane;0;Non;18,0;1,11;1;0,6637;0,323
F02500579;Compaoré;Aminata;+226 00 00 27 84;G025;Hauts-Bassins;Rural;Non;18;15-24 ans;Aucun;1;Oui;Musulmane;0;Oui;;6,0;0;0,7999;0,323
F02500580;Ouédraogo;Clarisse;+226 00 00 66 43;G025;Hauts-Bassins;Rural;Non;35;35-49 ans;Aucun;2;Oui;Musulmane;4;Non;18,4;3,88;1;1,286;0,323
F02600581;Zongo;Aminata;+226 00 00 62 63;G026;Nord;Rural;Oui;26;25-34 ans;Aucun;1;Non;Musulmane;0;Non;20,7;11,59;1;1,3781;0,333
F02600582;Yaméogo;Awa;+226 00 00 28 44;G026;Nord;Rural;Oui;36;35-49 ans;Aucun;2;Non;Catholique;3;Non;24,0;24,0;0;0,6847;0,333
F02600583;Compaoré;Mariam;+226 00 00 57 83;G026;Nord;Rural;Oui;37;35-49 ans;Aucun;2;Non;Musulmane;6;Non;22,9;1,79;1;0,7108;0,333
F02600584;Bado;Aminata;+226 00 00 59 90;G026;Nord;Rural;Oui;23;15-24 ans;Aucun;1;Oui;Catholique;0;Non;17,0;4,41;1;0,8195;0,333
F02600585;Yaméogo;Fatimata;+226 00 00 42 31;G026;Nord;Rural;Oui;15;15-24 ans;Primaire;1;Non;Musulmane;0;Non;17,8;0,66;1;0,8062;0,333
F02600586;Ilboudo;Awa;+226 00 00 74 12;G026;Nord;Rural;Oui;44;35-49 ans;Primaire;2;Non;Catholique;9;Non;23,9;0,62;1;1,2343;0,333
F02600587;Compaoré;Bintou;+226 00 00 62 85;G026;Nord;Rural;Oui;43;35-49 ans;Aucun;1;Non;Catholique;6;Non;24,3;19,71;1;1,4267;0,333
F02600588;Traoré;Awa;+226 00 00 61 22;G026;Nord;Rural;Oui;46;35-49 ans;Secondaire ou plus;2;Non;Musulmane;7;Non;26,7;4,46;1;1,2526;0,333
F02600589;Kaboré;Odile;+226 00 00 52 73;G026;Nord;Rural;Oui;35;35-49 ans;Aucun;1;Oui;Traditionnelle;5;Non;22,8;2,04;1;0,8883;0,333
F02600590;Compaoré;Adjara;+226 00 00 64 32;G026;Nord;Rural;Oui;32;25-34 ans;Aucun;3;Oui;Catholique;6;Non;24,2;11,03;1;0,6147;0,333
F02600591;Bado;Mariam;+226 00 00 27 17;G026;Nord;Rural;Oui;38;35-49 ans;Aucun;1;Non;Musulmane;7;Non;25,2;7,46;1;1,3892;0,333
F02600592;Kinda;Awa;+226 00 00 79 63;G026;Nord;Rural;Oui;35;35-49 ans;Primaire;2;Oui;Musulmane;1;Non;24,0;21,55;1;0,6821;0,333
F02700593;Yaméogo;Fatimata;+226 00 00 31 56;G027;Est;Rural;Oui;37;35-49 ans;Aucun;3;Oui;Musulmane;6;Oui;23,8;4,71;1;1,409;0,316
F02700594;Kinda;Adjara;+226 00 00 80 51;G027;Est;Rural;Oui;28;25-34 ans;Primaire;3;Non;Catholique;3;Oui;22,0;4,27;1;1,1739;0,316
F02700595;Zongo;Bintou;+226 00 00 18 21;G027;Est;Rural;Oui;28;25-34 ans;Aucun;1;Oui;Musulmane;4;Oui;17,1;3,35;1;0,9724;0,316
F02700596;Kinda;Clarisse;+226 00 00 38 27;G027;Est;Rural;Oui;49;35-49 ans;Aucun;3;Oui;Traditionnelle;8;Non;22,9;1,71;1;1,3081;0,316
F02700597;Zongo;Adjara;+226 00 00 91 28;G027;Est;Rural;Oui;37;35-49 ans;Primaire;2;Oui;Traditionnelle;7;Oui;16,8;6,66;1;0,9995;0,316
F02700598;Kinda;Bintou;+226 00 00 84 57;G027;Est;Rural;Oui;23;15-24 ans;Aucun;2;Non;Musulmane;1;Oui;21,1;5,08;1;1,069;0,316
F02700599;Ouédraogo;Aminata;+226 00 00 88 49;G027;Est;Rural;Oui;19;15-24 ans;Aucun;1;Non;Musulmane;0;Non;18,3;7,0;0;1,2191;0,316
F02700600;Bado;Mariam;+226 00 00 61 16;G027;Est;Rural;Oui;19;15-24 ans;Aucun;5;Non;Musulmane;0;Oui;18,9;5,79;1;1,0521;0,316
F02700601;Ilboudo;Fatimata;+226 00 00 78 47;G027;Est;Rural;Oui;16;15-24 ans;Aucun;2;Oui;Protestante;0;Oui;22,0;4,0;0;1,153;0,316
F02700602;Compaoré;Awa;+226 00 00 91 26;G027;Est;Rural;Oui;17;15-24 ans;Aucun;2;Non;Traditionnelle;0;Oui;22,5;5,0;0;1,0736;0,316
F02700603;Ilboudo;Clarisse;+226 00 00 88 24;G027;Est;Rural;Oui;16;15-24 ans;Aucun;3;Non;Catholique;0;Non;20,6;3,6;1;0,9796;0,316
F02700604;Ilboudo;Odile;+226 00 00 39 38;G027;Est;Rural;Oui;15;15-24 ans;Primaire;1;Non;Protestante;0;Oui;19,7;3,0;0;0,8718;0,316
F02700605;Yaméogo;Fatimata;+226 00 00 50 28;G027;Est;Rural;Oui;23;15-24 ans;Primaire;3;Non;Musulmane;2;Oui;17,5;6,12;1;1,4384;0,316
F02700606;Zongo;Fatimata;+226 00 00 75 76;G027;Est;Rural;Oui;37;35-49 ans;Primaire;3;Non;Protestante;4;Oui;22,8;2,17;1;1,4358;0,316
F02700607;Zongo;Awa;+226 00 00 98 69;G027;Est;Rural;Oui;45;35-49 ans;Aucun;1;Non;Musulmane;6;Non;19,0;7,49;1;0,9805;0,316
F02700608;Ouédraogo;Adjara;+226 00 00 17 84;G027;Est;Rural;Oui;22;15-24 ans;Aucun;1;Non;Musulmane;2;Non;16,7;10,0;0;1,5027;0,316
F02700609;Traoré;Salimata;+226 00 00 49 25;G027;Est;Rural;Oui;47;35-49 ans;Primaire;1;Oui;Musulmane;5;Non;22,1;1,29;1;1,243;0,316
F02700610;Bado;Clarisse;+226 00 00 87 94;G027;Est;Rural;Oui;22;15-24 ans;Aucun;4;Non;Musulmane;2;Oui;24,6;7,99;1;1,5045;0,316
F02700611;Traoré;Fatimata;+226 00 00 62 61;G027;Est;Rural;Oui;38;35-49 ans;Aucun;1;Non;Musulmane;4;Non;18,0;16,85;1;0,8863;0,316
F02800612;Traoré;Clarisse;+226 00 00 76 71;G028;Boucle du Mouhoun;Urbain;Oui;31;25-34 ans;Secondaire ou plus;5;Oui;Catholique;2;Oui;20,5;19,0;0;1,0022;0,708
F02800613;Ilboudo;Odile;+226 00 00 44 32;G028;Boucle du Mouhoun;Urbain;Oui;30;25-34 ans;Primaire;5;Oui;Catholique;1;Oui;;13,49;1;1,5818;0,708
F02800614;Bado;Odile;+226 00 00 66 75;G028;Boucle du Mouhoun;Urbain;Oui;41;35-49 ans;Aucun;4;Oui;Catholique;5;Non;;18,51;1;0,9557;0,708
F02800615;Zongo;Mariam;+226 00 00 28 75;G028;Boucle du Mouhoun;Urbain;Oui;23;15-24 ans;Aucun;2;Oui;Traditionnelle;3;Non;21,6;4,83;1;1,2702;0,708
F02800616;Kinda;Bintou;+226 00 00 94 48;G028;Boucle du Mouhoun;Urbain;Oui;33;25-34 ans;Secondaire ou plus;2;Non;Musulmane;1;Oui;19,6;4,2;1;0,7349;0,708
F02800617;Kinda;Adjara;+226 00 00 74 89;G028;Boucle du Mouhoun;Urbain;Oui;37;35-49 ans;Secondaire ou plus;3;Oui;Catholique;4;Non;20,9;19,72;1;1,1798;0,708
F02800618;Kaboré;Adjara;+226 00 00 46 81;G028;Boucle du Mouhoun;Urbain;Oui;47;35-49 ans;Secondaire ou plus;3;Oui;Musulmane;4;Oui;23,5;2,44;1;0,7368;0,708
F02800619;Bado;Bintou;+226 00 00 55 52;G028;Boucle du Mouhoun;Urbain;Oui;26;25-34 ans;Secondaire ou plus;5;Oui;Musulmane;2;Non;21,1;0,76;1;1,3672;0,708
F02800620;Sawadogo;Bintou;+226 00 00 94 51;G028;Boucle du Mouhoun;Urbain;Oui;37;35-49 ans;Secondaire ou plus;3;Oui;Musulmane;1;Non;18,8;25,0;0;1,1631;0,708
F02800621;Compaoré;Bintou;+226 00 00 98 49;G028;Boucle du Mouhoun;Urbain;Oui;37;35-49 ans;Aucun;5;Oui;Catholique;10;Non;27,4;12,09;1;0,7984;0,708
F02800622;Ilboudo;Fatimata;+226 00 00 40 62;G028;Boucle du Mouhoun;Urbain;Oui;36;35-49 ans;Primaire;5;Oui;Musulmane;2;Oui;28,0;0,58;1;1,2157;0,708
F02800623;Yaméogo;Bintou;+226 00 00 77 83;G028;Boucle du Mouhoun;Urbain;Oui;34;25-34 ans;Aucun;2;Oui;Traditionnelle;8;Non;22,6;1,78;1;0,7161;0,708
F02800624;Yaméogo;Fatimata;+226 00 00 40 71;G028;Boucle du Mouhoun;Urbain;Oui;46;35-49 ans;Aucun;3;Oui;Musulmane;5;Non;24,4;2,43;1;1,1753;0,708
F02800625;Compaoré;Mariam;+226 00 00 11 87;G028;Boucle du Mouhoun;Urbain;Oui;15;15-24 ans;Primaire;4;;Musulmane;0;Oui;24,6;3,0;0;0,7049;0,708
F02800626;Yaméogo;Salimata;+226 00 00 63 73;G028;Boucle du Mouhoun;Urbain;Oui;37;35-49 ans;Secondaire ou plus;2;Oui;Catholique;1;Oui;17,1;10,33;1;0,6282;0,708
F02800627;Kinda;Mariam;+226 00 00 33 60;G028;Boucle du Mouhoun;Urbain;Oui;32;25-34 ans;Aucun;2;Oui;Musulmane;5;Oui;22,7;20,0;0;1,1146;0,708
F02800628;Compaoré;Awa;+226 00 00 49 23;G028;Boucle du Mouhoun;Urbain;Oui;33;25-34 ans;Primaire;3;Oui;Catholique;4;Oui;24,5;21,0;0;1,0;0,708
F02800629;Kaboré;Clarisse;+226 00 00 89 50;G028;Boucle du Mouhoun;Urbain;Oui;15;15-24 ans;Primaire;2;Oui;Musulmane;0;Non;22,6;0,9;1;1,349;0,708
F02800630;Ouédraogo;Awa;+226 00 00 46 86;G028;Boucle du Mouhoun;Urbain;Oui;28;25-34 ans;Secondaire ou plus;3;Oui;Musulmane;2;Non;25,9;16,0;0;1,3214;0,708
F02800631;Zongo;Aminata;+226 00 00 15 95;G028;Boucle du Mouhoun;Urbain;Oui;42;35-49 ans;Aucun;1;Non;Musulmane;5;Non;21,9;13,46;1;0,9096;0,708
F02800632;Ilboudo;Fatimata;+226 00 00 58 80;G028;Boucle du Mouhoun;Urbain;Oui;28;25-34 ans;Secondaire ou plus;4;Oui;Catholique;1;Oui;21,7;16,0;0;1,3006;0,708
F02800633;Ilboudo;Salimata;+226 00 00 48 82;G028;Boucle du Mouhoun;Urbain;Oui;18;15-24 ans;Primaire;2;Non;Catholique;1;Oui;21,2;3,26;1;0,7764;0,708
F02800634;Ouédraogo;Salimata;+226 00 00 36 31;G028;Boucle du Mouhoun;Urbain;Oui;30;25-34 ans;Secondaire ou plus;3;Oui;Musulmane;2;Oui;25,2;6,41;1;0,6684;0,708
F02800635;Traoré;Fatimata;+226 00 00 36 69;G028;Boucle du Mouhoun;Urbain;Oui;38;35-49 ans;Secondaire ou plus;5;Oui;Musulmane;3;Oui;19,0;7,59;1;1,5642;0,708
F02900636;Yaméogo;Rasmata;+226 00 00 40 65;G029;Sahel;Rural;Oui;37;35-49 ans;Primaire;1;Non;Musulmane;1;Non;19,1;25,0;0;1,4014;0,412
F02900637;Bado;Bintou;+226 00 00 94 87;G029;Sahel;Rural;Oui;22;15-24 ans;Primaire;1;Non;Catholique;0;Non;15,1;0,33;1;1,3356;0,412
F02900638;Yaméogo;Odile;+226 00 00 63 81;G029;Sahel;Rural;Oui;30;25-34 ans;Primaire;2;Non;Musulmane;4;Non;12,9;8,15;1;1,2125;0,412
F02900639;Bado;Salimata;+226 00 00 20 58;G029;Sahel;Rural;Oui;23;15-24 ans;Secondaire ou plus;2;Oui;Musulmane;1;Non;18,5;1,27;1;0,7442;0,412
F02900640;Kinda;Fatimata;+226 00 00 37 56;G029;Sahel;Rural;Oui;37;35-49 ans;Aucun;2;Oui;Traditionnelle;7;Non;18,6;6,19;1;1,5492;0,412
F02900641;Sawadogo;Rasmata;+226 00 00 88 93;G029;Sahel;Rural;Oui;46;35-49 ans;Aucun;1;Oui;Musulmane;11;Non;22,0;6,96;1;1,2251;0,412
F02900642;Bado;Clarisse;+226 00 00 83 86;G029;Sahel;Rural;Oui;26;25-34 ans;Secondaire ou plus;2;Non;Catholique;3;Oui;17,8;2,53;1;1,0838;0,412
F02900643;Kaboré;Fatimata;+226 00 00 88 36;G029;Sahel;Rural;Oui;15;15-24 ans;Primaire;2;Oui;Traditionnelle;0;Non;15,1;3,0;0;1,2899;0,412
F02900644;Ouédraogo;Clarisse;+226 00 00 25 80;G029;Sahel;Rural;Oui;32;25-34 ans;Aucun;1;Oui;Musulmane;2;Non;22,3;4,49;1;1,0256;0,412
F02900645;Traoré;Odile;+226 00 00 11 55;G029;Sahel;Rural;Oui;37;35-49 ans;Aucun;3;Non;Traditionnelle;2;Non;24,2;2,47;1;0,725;0,412
F02900646;Zongo;Rasmata;+226 00 00 45 92;G029;Sahel;Rural;Oui;34;25-34 ans;Aucun;4;Oui;Traditionnelle;5;Non;17,9;2,23;1;0,6951;0,412
F02900647;Yaméogo;Mariam;+226 00 00 89 70;G029;Sahel;Rural;Oui;37;35-49 ans;Aucun;2;Non;Musulmane;5;Non;15,3;25,0;0;1,5845;0,412
F02900648;Sawadogo;Fatimata;+226 00 00 34 30;G029;Sahel;Rural;Oui;31;25-34 ans;Aucun;4;Oui;Musulmane;1;Non;15,3;11,78;1;1,0189;0,412
F02900649;Sawadogo;Salimata;+226 00 00 81 15;G029;Sahel;Rural;Oui;45;35-49 ans;Aucun;3;Oui;Musulmane;2;Non;16,2;3,23;1;1,1539;0,412
F02900650;Bado;Bintou;+226 00 00 76 47;G029;Sahel;Rural;Oui;45;35-49 ans;Aucun;3;Non;Traditionnelle;10;Non;20,1;8,55;1;1,0846;0,412
F02900651;Ouédraogo;Bintou;+226 00 00 81 80;G029;Sahel;Rural;Oui;47;35-49 ans;Primaire;3;Non;Catholique;9;Oui;14,2;3,41;1;1,1083;0,412
F02900652;Sawadogo;Fatimata;+226 00 00 31 17;G029;Sahel;Rural;Oui;42;35-49 ans;Aucun;1;Non;Musulmane;7;Non;15,3;2,47;1;1,0053;0,412
F03000653;Traoré;Salimata;+226 00 00 98 93;G030;Centre;Rural;Oui;26;25-34 ans;Aucun;4;Oui;Musulmane;3;Oui;24,6;9,6;1;1,4646;0,208
F03000654;Yaméogo;Fatimata;+226 00 00 66 22;G030;Centre;Rural;Oui;20;15-24 ans;Aucun;2;Non;Musulmane;0;Non;20,8;3,38;1;0,7347;0,208
F03000655;Traoré;Bintou;+226 00 00 42 80;G030;Centre;Rural;Oui;17;15-24 ans;Aucun;3;Non;Musulmane;0;Non;23,1;2,59;1;1,3579;0,208
F03000656;Kaboré;Rasmata;+226 00 00 89 82;G030;Centre;Rural;Oui;18;15-24 ans;Primaire;2;Non;Musulmane;1;Non;22,5;4,84;1;1,0583;0,208
F03000657;Compaoré;Rasmata;+226 00 00 15 38;G030;Centre;Rural;Oui;40;35-49 ans;Aucun;2;Non;Traditionnelle;5;Non;18,9;3,03;1;1,0832;0,208
F03000658;Bado;Fatimata;+226 00 00 61 77;G030;Centre;Rural;Oui;19;15-24 ans;Aucun;4;Non;Musulmane;2;Non;25,1;7,0;0;0,9057;0,208
F03000659;Kinda;Adjara;+226 00 00 68 71;G030;Centre;Rural;Oui;49;35-49 ans;Aucun;1;Non;Musulmane;5;Non;24,2;2,86;1;1,5439;0,208
F03000660;Compaoré;Odile;+226 00 00 33 26;G030;Centre;Rural;Oui;31;25-34 ans;Primaire;1;Non;Musulmane;0;Non;22,5;18,27;1;1,3748;0,208
F03000661;Ilboudo;Mariam;+226 00 00 86 28;G030;Centre;Rural;Oui;21;15-24 ans;Aucun;2;Oui;Musulmane;1;Non;20,7;9,0;0;0,7289;0,208
F03000662;Traoré;Salimata;+226 00 00 74 39;G030;Centre;Rural;Oui;40;35-49 ans;Aucun;1;Non;Musulmane;2;Oui;23,5;10,18;1;1,2875;0,208
F03000663;Bado;Odile;+226 00 00 85 52;G030;Centre;Rural;Oui;48;35-49 ans;Aucun;4;Non;Traditionnelle;12;Non;30,2;8,18;1;1,4381;0,208
F03000664;Ilboudo;Rasmata;+226 00 00 72 97;G030;Centre;Rural;Oui;48;35-49 ans;Aucun;3;Non;Musulmane;8;Non;25,6;2,73;1;1,0244;0,208
F03000665;Compaoré;Rasmata;+226 00 00 95 71;G030;Centre;Rural;Oui;29;25-34 ans;Aucun;3;Oui;Catholique;2;Oui;23,1;4,14;1;0,7357;0,208
F03000666;Ouédraogo;Adjara;+226 00 00 91 72;G030;Centre;Rural;Oui;37;35-49 ans;Aucun;3;Non;Protestante;5;Non;23,3;10,28;1;1,0601;0,208
F03000667;Ouédraogo;Salimata;+226 00 00 36 76;G030;Centre;Rural;Oui;45;35-49 ans;Primaire;3;Non;Musulmane;8;Non;22,3;2,34;1;0,6273;0,208
F03000668;Compaoré;Clarisse;+226 00 00 37 11;G030;Centre;Rural;Oui;29;25-34 ans;Aucun;4;Oui;Musulmane;5;Non;21,9;15,48;1;1,1073;0,208
F03000669;Bado;Clarisse;+226 00 00 34 86;G030;Centre;Rural;Oui;33;25-34 ans;Aucun;2;Oui;Catholique;3;Non;25,6;1,49;1;0,6932;0,208
F03000670;Kaboré;Fatimata;+226 00 00 65 94;G030;Centre;Rural;Oui;25;25-34 ans;Aucun;1;Non;Musulmane;2;Non;19,4;8,76;1;1,0407;0,208
F03000671;Ilboudo;Bintou;+226 00 00 63 32;G030;Centre;Rural;Oui;23;15-24 ans;Aucun;3;Non;Protestante;0;Oui;15,8;11,0;0;0,7967;0,208
F03000672;Sawadogo;Aminata;+226 00 00 41 90;G030;Centre;Rural;Oui;33;25-34 ans;Secondaire ou plus;2;Non;Catholique;2;Oui;25,6;21,0;0;1,3331;0,208
F03000673;Kinda;Aminata;+226 00 00 29 79;G030;Centre;Rural;Oui;37;35-49 ans;Secondaire ou plus;1;Non;Catholique;1;Oui;;9,18;1;0,6812;0,208
F03000674;Yaméogo;Rasmata;+226 00 00 92 63;G030;Centre;Rural;Oui;33;25-34 ans;Aucun;2;Non;Musulmane;4;Non;22,8;14,36;1;0,9703;0,208
F03000675;Sawadogo;Bintou;+226 00 00 81 71;G030;Centre;Rural;Oui;43;35-49 ans;Aucun;2;Non;Protestante;6;Non;23,3;8,12;1;1,1815;0,208
F03000676;Bado;Clarisse;+226 00 00 81 13;G030;Centre;Rural;Oui;48;35-49 ans;Aucun;4;Non;Musulmane;4;Non;25,6;6,22;1;1,5067;0,208
F03100677;Ilboudo;Adjara;+226 00 00 80 54;G031;Hauts-Bassins;Rural;Oui;25;25-34 ans;Secondaire ou plus;5;Oui;Catholique;1;Non;19,2;5,59;1;0,9294;0,25
F03100678;Kinda;Adjara;+226 00 00 81 85;G031;Hauts-Bassins;Rural;Oui;49;35-49 ans;Aucun;1;Non;Catholique;3;Non;19,3;19,18;1;1,275;0,25
F03100679;Ilboudo;Adjara;+226 00 00 19 34;G031;Hauts-Bassins;Rural;Oui;44;35-49 ans;Aucun;2;Non;Musulmane;7;Non;22,7;2,23;1;0,9194;0,25
F03100680;Zongo;Clarisse;+226 00 00 38 45;G031;Hauts-Bassins;Rural;Oui;34;25-34 ans;Aucun;3;Oui;Musulmane;4;Oui;22,3;12,94;1;0,6326;0,25
F03100681;Kaboré;Fatimata;+226 00 00 72 32;G031;Hauts-Bassins;Rural;Oui;17;15-24 ans;Aucun;3;Oui;Musulmane;0;Oui;21,0;5,0;0;1,1962;0,25
F03100682;Ilboudo;Aminata;+226 00 00 75 45;G031;Hauts-Bassins;Rural;Oui;20;15-24 ans;Aucun;4;Non;Catholique;0;Non;21,7;1,21;1;0,9027;0,25
F03100683;Yaméogo;Salimata;+226 00 00 85 11;G031;Hauts-Bassins;Rural;Oui;36;35-49 ans;Aucun;2;Non;Musulmane;5;Non;27,7;1,27;1;1,225;0,25
F03100684;Compaoré;Adjara;+226 00 00 43 75;G031;Hauts-Bassins;Rural;Oui;29;25-34 ans;Aucun;3;Non;Musulmane;1;Non;18,9;17,0;0;1,2333;0,25
F03100685;Bado;Salimata;+226 00 00 43 28;G031;Hauts-Bassins;Rural;Oui;44;35-49 ans;Aucun;2;Non;Musulmane;3;Non;26,3;3,11;1;1,456;0,25
F03100686;Zongo;Bintou;+226 00 00 26 94;G031;Hauts-Bassins;Rural;Oui;47;35-49 ans;Aucun;2;Non;Musulmane;4;Non;17,6;2,19;1;0,6022;0,25
F03100687;Zongo;Mariam;+226 00 00 67 60;G031;Hauts-Bassins;Rural;Oui;39;35-49 ans;Primaire;4;Non;Musulmane;9;Non;22,6;0,45;1;0,7095;0,25
F03100688;Compaoré;Odile;+226 00 00 54 65;G031;Hauts-Bassins;Rural;Oui;49;35-49 ans;Aucun;4;Non;Catholique;3;Non;;12,45;1;1,1626;0,25
F03100689;Traoré;Clarisse;+226 00 00 90 32;G031;Hauts-Bassins;Rural;Oui;35;35-49 ans;Secondaire ou plus;3;Non;Musulmane;1;Oui;16,9;1,04;1;0,8668;0,25
F03100690;Kaboré;Odile;+226 00 00 65 59;G031;Hauts-Bassins;Rural;Oui;27;25-34 ans;Primaire;3;Non;Protestante;5;Non;21,6;1,18;1;0,865;0,25
F03100691;Kaboré;Odile;+226 00 00 21 13;G031;Hauts-Bassins;Rural;Oui;30;25-34 ans;Aucun;3;Non;Musulmane;5;Oui;19,2;8,55;1;0,8535;0,25
F03100692;Compaoré;Mariam;+226 00 00 20 86;G031;Hauts-Bassins;Rural;Oui;29;25-34 ans;Aucun;3;Non;Catholique;5;Non;20,6;0,43;1;0,9804;0,25
F03100693;Ouédraogo;Clarisse;+226 00 00 50 87;G031;Hauts-Bassins;Rural;Oui;20;15-24 ans;Aucun;4;Oui;Musulmane;1;Non;18,8;4,74;1;1,4201;0,25
F03100694;Traoré;Salimata;+226 00 00 25 63;G031;Hauts-Bassins;Rural;Oui;31;25-34 ans;Primaire;1;Non;Protestante;2;Oui;25,2;19,0;0;1,2354;0,25
F03100695;Ouédraogo;Odile;+226 00 00 87 24;G031;Hauts-Bassins;Rural;Oui;41;35-49 ans;Aucun;2;Oui;Traditionnelle;4;Non;18,6;10,51;1;1,5996;0,25
F03100696;Yaméogo;Adjara;+226 00 00 48 36;G031;Hauts-Bassins;Rural;Oui;15;15-24 ans;Aucun;4;Oui;Musulmane;0;Non;19,0;0,35;1;1,1574;0,25
F03100697;Compaoré;Odile;+226 00 00 38 17;G031;Hauts-Bassins;Rural;Oui;33;25-34 ans;Aucun;2;Oui;Protestante;0;Non;13,5;11,01;1;1,3773;0,25
F03100698;Traoré;Adjara;+226 00 00 50 55;G031;Hauts-Bassins;Rural;Oui;39;35-49 ans;Aucun;1;Oui;Catholique;5;Non;16,5;3,48;1;1,0417;0,25
F03100699;Kaboré;Salimata;+226 00 00 22 94;G031;Hauts-Bassins;Rural;Oui;48;35-49 ans;Primaire;1;Oui;Catholique;6;Non;19,1;17,32;1;0,7233;0,25
F03100700;Kinda;Clarisse;+226 00 00 27 77;G031;Hauts-Bassins;Rural;Oui;43;35-49 ans;Aucun;3;Oui;Musulmane;8;Non;20,9;0,67;1;1,3952;0,25
F03200701;Ouédraogo;Adjara;+226 00 00 60 44;G032;Nord;Urbain;Non;35;35-49 ans;Secondaire ou plus;3;Non;Catholique;1;Non;22,3;23,0;0;1,3633;0,611
F03200702;Kinda;Aminata;+226 00 00 41 39;G032;Nord;Urbain;Non;46;35-49 ans;Secondaire ou plus;3;Non;Musulmane;2;Oui;18,2;5,26;1;1,5028;0,611
F03200703;Ilboudo;Rasmata;+226 00 00 32 75;G032;Nord;Urbain;Non;33;25-34 ans;Aucun;3;Non;Catholique;4;Non;22,5;21,0;0;1,5045;0,611
F03200704;Compaoré;Bintou;+226 00 00 76 98;G032;Nord;Urbain;Non;36;35-49 ans;Aucun;3;Non;Catholique;2;Non;21,5;10,72;1;1,3421;0,611
F03200705;Ouédraogo;Rasmata;+226 00 00 35 76;G032;Nord;Urbain;Non;29;25-34 ans;Primaire;3;Oui;Catholique;2;Non;18,3;17,0;0;1,4326;0,611
F03200706;Ilboudo;Rasmata;+226 00 00 69 48;G032;Nord;Urbain;Non;22;15-24 ans;Aucun;3;Oui;Musulmane;3;Non;28,6;10,0;0;1,187;0,611
F03200707;Compaoré;Fatimata;+226 00 00 63 83;G032;Nord;Urbain;Non;35;35-49 ans;Secondaire ou plus;3;Non;Protestante;2;Non;20,4;7,66;1;0,8516;0,611
F03200708;Traoré;Aminata;+226 00 00 56 85;G032;Nord;Urbain;Non;36;35-49 ans;Aucun;4;Oui;Musulmane;5;Non;23,1;15,09;1;0,6336;0,611
F03200709;Sawadogo;Aminata;+226 00 00 22 53;G032;Nord;Urbain;Non;34;25-34 ans;Secondaire ou plus;1;Oui;Musulmane;2;Non;23,9;22,0;0;1,0336;0,611
F03200710;Bado;Salimata;+226 00 00 72 36;G032;Nord;Urbain;Non;23;15-24 ans;Primaire;3;Oui;Musulmane;3;Oui;21,0;0,66;1;1,5676;0,611
F03200711;Sawadogo;Aminata;+226 00 00 69 80;G032;Nord;Urbain;Non;48;35-49 ans;Aucun;5;Oui;Musulmane;5;Non;22,2;16,5;1;1,0267;0,611
F03200712;Bado;Mariam;+226 00 00 57 63;G032;Nord;Urbain;Non;20;15-24 ans;Primaire;3;Non;Protestante;1;Non;21,5;8,0;0;0,9983;0,611
F03200713;Ilboudo;Aminata;+226 00 00 81 58;G032;Nord;Urbain;Non;39;35-49 ans;Aucun;5;Non;Musulmane;3;Non;21,1;27,0;0;1,2095;0,611
F03200714;Compaoré;Mariam;+226 00 00 96 91;G032;Nord;Urbain;Non;40;35-49 ans;Primaire;4;Oui;Musulmane;6;Non;27,0;3,04;1;1,022;0,611
F03200715;Kaboré;Awa;+226 00 00 73 19;G032;Nord;Urbain;Non;21;15-24 ans;Secondaire ou plus;4;Oui;Traditionnelle;0;Non;21,1;9,0;0;1,5057;0,611
F03200716;Kinda;Mariam;+226 00 00 66 55;G032;Nord;Urbain;Non;16;15-24 ans;Aucun;3;Oui;Musulmane;0;Non;21,6;4,0;0;1,5488;0,611
F03200717;Zongo;Clarisse;+226 00 00 40 15;G032;Nord;Urbain;Non;29;25-34 ans;Primaire;3;Oui;Musulmane;1;Oui;24,2;17,0;0;0,9375;0,611
F03200718;Zongo;Clarisse;+226 00 00 75 37;G032;Nord;Urbain;Non;30;25-34 ans;Secondaire ou plus;3;Non;Musulmane;6;Non;18,9;18,0;0;1,1138;0,611
F03300719;Traoré;Fatimata;+226 00 00 37 30;G033;Est;Urbain;Oui;15;15-24 ans;Aucun;3;Oui;Musulmane;0;Non;25,7;3,0;0;1,4619;0,667
F03300720;Bado;Clarisse;+226 00 00 62 24;G033;Est;Urbain;Oui;41;35-49 ans;Secondaire ou plus;5;Oui;Musulmane;6;Oui;25,0;29,0;0;1,5021;0,667
F03300721;Kaboré;Aminata;+226 00 00 76 93;G033;Est;Urbain;Oui;22;15-24 ans;Primaire;3;Oui;Musulmane;1;Oui;20,8;4,04;1;1,2515;0,667
F03300722;Traoré;Aminata;+226 00 00 91 81;G033;Est;Urbain;Oui;19;15-24 ans;Aucun;2;Non;Musulmane;0;Oui;23,0;0,29;1;1,4296;0,667
F03300723;Ouédraogo;Aminata;+226 00 00 52 44;G033;Est;Urbain;Oui;41;35-49 ans;Secondaire ou plus;4;Oui;Catholique;4;Oui;22,8;28,89;1;0,8927;0,667
F03300724;Traoré;Bintou;+226 00 00 77 14;G033;Est;Urbain;Oui;22;15-24 ans;Primaire;5;Non;Musulmane;1;Oui;20,8;8,47;1;0,7056;0,667
F03300725;Zongo;Aminata;+226 00 00 94 46;G033;Est;Urbain;Oui;22;15-24 ans;Secondaire ou plus;3;Oui;Musulmane;0;Non;26,3;10,0;0;1,0935;0,667
F03300726;Ouédraogo;Awa;+226 00 00 64 19;G033;Est;Urbain;Oui;40;35-49 ans;Aucun;5;Oui;Musulmane;8;Non;;3,66;1;1,0341;0,667
F03300727;Ilboudo;Awa;+226 00 00 49 94;G033;Est;Urbain;Oui;45;35-49 ans;Primaire;4;Oui;Musulmane;8;Non;28,1;11,35;1;1,3235;0,667
F03300728;Traoré;Clarisse;+226 00 00 36 96;G033;Est;Urbain;Oui;44;35-49 ans;Aucun;3;Oui;Musulmane;1;Oui;22,2;7,18;1;1,3218;0,667
F03300729;Bado;Salimata;+226 00 00 49 84;G033;Est;Urbain;Oui;32;25-34 ans;Primaire;2;Non;Protestante;5;Non;22,8;2,51;1;0,7048;0,667
F03300730;Sawadogo;Mariam;+226 00 00 61 76;G033;Est;Urbain;Oui;16;15-24 ans;Primaire;4;Oui;Traditionnelle;0;Oui;24,3;4,0;0;1,0876;0,667
F03300731;Bado;Mariam;+226 00 00 26 37;G033;Est;Urbain;Oui;35;35-49 ans;Primaire;4;Non;Protestante;2;Non;29,9;9,59;1;1,0164;0,667
F03300732;Kaboré;Clarisse;+226 00 00 65 43;G033;Est;Urbain;Oui;24;15-24 ans;Secondaire ou plus;5;Oui;Catholique;1;Non;21,3;12,0;0;1,1765;0,667
F03300733;Ouédraogo;Aminata;+226 00 00 78 54;G033;Est;Urbain;Oui;46;35-49 ans;Aucun;3;Oui;Catholique;6;Non;26,7;9,35;1;1,1768;0,667
F03400734;Yaméogo;Aminata;+226 00 00 64 69;G034;Boucle du Mouhoun;Urbain;Non;36;35-49 ans;Aucun;4;Oui;Musulmane;7;Non;18,9;2,42;1;0,7158;0,636
F03400735;Ouédraogo;Clarisse;+226 00 00 51 63;G034;Boucle du Mouhoun;Urbain;Non;15;15-24 ans;Aucun;1;Oui;Musulmane;0;Non;;3,0;0;0,9227;0,636
F03400736;Yaméogo;Rasmata;+226 00 00 53 72;G034;Boucle du Mouhoun;Urbain;Non;24;15-24 ans;Secondaire ou plus;3;Oui;Musulmane;1;Oui;21,3;12,0;0;0,7136;0,636
F03400737;Zongo;Odile;+226 00 00 13 49;G034;Boucle du Mouhoun;Urbain;Non;23;15-24 ans;Aucun;5;Oui;Musulmane;1;Non;23,1;11,0;0;1,3871;0,636
F03400738;Kaboré;Fatimata;+226 00 00 97 81;G034;Boucle du Mouhoun;Urbain;Non;22;15-24 ans;Primaire;4;Oui;Catholique;1;Non;20,8;9,71;1;0,788;0,636
F03400739;Ilboudo;Mariam;+226 00 00 24 32;G034;Boucle du Mouhoun;Urbain;Non;16;15-24 ans;Aucun;5;Non;Musulmane;0;Non;20,7;0,76;1;0,7463;0,636
F03400740;Yaméogo;Bintou;+226 00 00 35 50;G034;Boucle du Mouhoun;Urbain;Non;29;25-34 ans;Primaire;4;Oui;Catholique;3;Non;25,1;4,85;1;1,1241;0,636
F03400741;Traoré;Mariam;+226 00 00 34 37;G034;Boucle du Mouhoun;Urbain;Non;15;15-24 ans;Aucun;4;Non;Musulmane;0;Non;22,0;3,0;0;0,9075;0,636
F03400742;Sawadogo;Odile;+226 00 00 51 24;G034;Boucle du Mouhoun;Urbain;Non;19;15-24 ans;Secondaire ou plus;4;Oui;Musulmane;0;Oui;23,8;7,0;0;0,9988;0,636
F03400743;Zongo;Bintou;+226 00 00 20 57;G034;Boucle du Mouhoun;Urbain;Non;49;35-49 ans;Primaire;5;Non;Musulmane;3;Oui;22,5;20,56;1;0,8149;0,636
F03400744;Bado;Rasmata;+226 00 00 91 18;G034;Boucle du Mouhoun;Urbain;Non;32;25-34 ans;Aucun;4;Oui;Musulmane;1;Non;23,5;20,0;0;1,4075;0,636
F03400745;Traoré;Rasmata;+226 00 00 43 57;G034;Boucle du Mouhoun;Urbain;Non;41;35-49 ans;Aucun;3;Oui;Musulmane;6;Non;26,2;4,66;1;0,9057;0,636
F03400746;Traoré;Adjara;+226 00 00 53 40;G034;Boucle du Mouhoun;Urbain;Non;42;35-49 ans;Secondaire ou plus;2;Non;Catholique;2;Non;25,9;20,59;1;0,6521;0,636
F03400747;Ilboudo;Aminata;+226 00 00 56 98;G034;Boucle du Mouhoun;Urbain;Non;24;15-24 ans;Secondaire ou plus;3;Oui;Musulmane;4;Oui;26,5;12,0;0;1,3153;0,636
F03400748;Compaoré;Adjara;+226 00 00 66 96;G034;Boucle du Mouhoun;Urbain;Non;41;35-49 ans;Aucun;4;Non;Musulmane;1;Non;24,4;6,4;1;0,6091;0,636
F03400749;Kaboré;Clarisse;+226 00 00 76 96;G034;Boucle du Mouhoun;Urbain;Non;16;15-24 ans;Secondaire ou plus;2;Oui;Musulmane;0;Non;20,1;4,0;0;1,4135;0,636
F03400750;Traoré;Bintou;+226 00 00 74 58;G034;Boucle du Mouhoun;Urbain;Non;25;25-34 ans;Secondaire ou plus;5;Oui;Musulmane;1;Oui;26,4;0,26;1;1,4583;0,636
F03400751;Kinda;Aminata;+226 00 00 56 50;G034;Boucle du Mouhoun;Urbain;Non;20;15-24 ans;Secondaire ou plus;4;Oui;Protestante;0;Oui;25,3;8,0;0;0,9438;0,636
F03400752;Kinda;Awa;+226 00 00 19 91;G034;Boucle du Mouhoun;Urbain;Non;39;35-49 ans;Primaire;3;Oui;Musulmane;4;Non;18,7;11,73;1;0,7176;0,636
F03400753;Yaméogo;Clarisse;+226 00 00 95 88;G034;Boucle du Mouhoun;Urbain;Non;20;15-24 ans;Secondaire ou plus;5;Oui;Traditionnelle;1;Non;27,8;5,36;1;0,9517;0,636
F03400754;Sawadogo;Bintou;+226 00 00 37 34;G034;Boucle du Mouhoun;Urbain;Non;26;25-34 ans;Primaire;3;Oui;Musulmane;3;Non;24,7;2,79;1;0,9445;0,636
F03400755;Ouédraogo;Clarisse;+226 00 00 84 26;G034;Boucle du Mouhoun;Urbain;Non;32;25-34 ans;Primaire;4;Oui;Musulmane;2;Non;27,5;3,28;1;0,8812;0,636
F03500756;Bado;Bintou;+226 00 00 25 15;G035;Sahel;Rural;Oui;32;25-34 ans;Aucun;1;Non;Musulmane;5;Non;24,8;14,55;1;0,7605;0,267
F03500757;Bado;Salimata;+226 00 00 34 25;G035;Sahel;Rural;Oui;25;25-34 ans;Aucun;3;Non;Musulmane;1;Non;21,6;11,59;1;1,4059;0,267
F03500758;Zongo;Mariam;+226 00 00 26 30;G035;Sahel;Rural;Oui;21;15-24 ans;Secondaire ou plus;4;Non;Traditionnelle;0;Oui;19,9;7,37;1;0,8167;0,267
F03500759;Ouédraogo;Salimata;+226 00 00 88 18;G035;Sahel;Rural;Oui;31;25-34 ans;Secondaire ou plus;2;Oui;Catholique;4;Non;;12,93;1;0,9704;0,267
F03500760;Ouédraogo;Awa;+226 00 00 16 56;G035;Sahel;Rural;Oui;31;25-34 ans;Secondaire ou plus;3;Oui;Protestante;2;Oui;21,9;2,68;1;1,2823;0,267
F03500761;Compaoré;Fatimata;+226 00 00 37 20;G035;Sahel;Rural;Oui;36;35-49 ans;Aucun;2;Oui;Traditionnelle;4;Non;;24,0;0;0,6831;0,267
F03500762;Yaméogo;Awa;+226 00 00 69 44;G035;Sahel;Rural;Oui;39;35-49 ans;Primaire;3;Oui;Musulmane;3;Oui;21,9;11,4;1;0,8797;0,267
F03500763;Ouédraogo;Rasmata;+226 00 00 36 92;G035;Sahel;Rural;Oui;38;35-49 ans;Primaire;1;Non;Musulmane;5;Non;20,2;25,73;1;1,4653;0,267
F03500764;Bado;Bintou;+226 00 00 53 52;G035;Sahel;Rural;Oui;24;15-24 ans;Aucun;2;;Musulmane;3;Non;21,8;12,0;0;1,493;0,267
F03500765;Traoré;Awa;+226 00 00 43 77;G035;Sahel;Rural;Oui;48;35-49 ans;Aucun;4;Non;Musulmane;11;Oui;23,8;18,37;1;0,7373;0,267
F03500766;Zongo;Mariam;+226 00 00 59 71;G035;Sahel;Rural;Oui;29;25-34 ans;Aucun;1;Non;Musulmane;6;Non;19,7;2,55;1;1,4951;0,267
F03500767;Compaoré;Rasmata;+226 00 00 72 79;G035;Sahel;Rural;Oui;32;25-34 ans;Aucun;2;Non;Musulmane;3;Non;20,4;1,58;1;1,3375;0,267
F03500768;Ilboudo;Odile;+226 00 00 30 90;G035;Sahel;Rural;Oui;25;25-34 ans;Aucun;3;Oui;Traditionnelle;4;Non;23,4;1,35;1;1,3286;0,267
F03500769;Kinda;Salimata;+226 00 00 16 54;G035;Sahel;Rural;Oui;26;25-34 ans;Aucun;2;Oui;Musulmane;1;Non;20,8;8,95;1;0,8771;0,267
F03500770;Kaboré;Clarisse;+226 00 00 71 92;G035;Sahel;Rural;Oui;41;35-49 ans;Aucun;2;Non;Musulmane;7;Non;23,3;1,13;1;1,0261;0,267
F03500771;Bado;Awa;+226 00 00 36 17;G035;Sahel;Rural;Oui;20;15-24 ans;Secondaire ou plus;3;Non;Musulmane;1;Oui;23,9;8,0;0;1,4862;0,267
F03500772;Zongo;Aminata;+226 00 00 70 82;G035;Sahel;Rural;Oui;42;35-49 ans;Primaire;1;Oui;Musulmane;3;Oui;26,0;9,16;1;1,5214;0,267
F03500773;Kaboré;Bintou;+226 00 00 79 68;G035;Sahel;Rural;Oui;20;15-24 ans;Aucun;3;Non;Catholique;0;Non;21,0;4,01;1;1,4769;0,267
F03500774;Ouédraogo;Mariam;+226 00 00 31 19;G035;Sahel;Rural;Oui;20;15-24 ans;Aucun;3;Oui;Catholique;0;Non;;8,0;0;0,9271;0,267
F03500775;Kinda;Salimata;+226 00 00 49 36;G035;Sahel;Rural;Oui;48;35-49 ans;Aucun;1;Oui;Musulmane;6;Non;24,0;4,79;1;0,7945;0,267
F03500776;Bado;Fatimata;+226 00 00 77 72;G035;Sahel;Rural;Oui;37;35-49 ans;Aucun;3;Non;Musulmane;3;Oui;23,3;9,03;1;0,8427;0,267
F03500777;Traoré;Bintou;+226 00 00 13 11;G035;Sahel;Rural;Oui;37;35-49 ans;Aucun;3;Oui;Musulmane;2;Oui;24,7;10,63;1;0,6665;0,267
F03500778;Traoré;Bintou;+226 00 00 48 62;G035;Sahel;Rural;Oui;22;15-24 ans;Aucun;2;Non;Protestante;0;Non;22,3;10,0;0;1,4645;0,267
F03500779;Kinda;Rasmata;+226 00 00 26 20;G035;Sahel;Rural;Oui;39;35-49 ans;Aucun;3;Non;Traditionnelle;4;Non;25,3;13,96;1;0,6106;0,267
F03500780;Kinda;Bintou;+226 00 00 92 86;G035;Sahel;Rural;Oui;28;25-34 ans;Secondaire ou plus;3;Oui;Traditionnelle;3;Oui;24,1;16,0;0;1,5929;0,267
F03500781;Ouédraogo;Odile;+226 00 00 39 68;G035;Sahel;Rural;Oui;19;15-24 ans;Aucun;2;Non;Musulmane;0;Non;21,3;7,0;0;1,5734;0,267
F03500782;Yaméogo;Awa;+226 00 00 86 84;G035;Sahel;Rural;Oui;48;35-49 ans;Aucun;2;Non;Musulmane;6;Non;21,5;12,92;1;1,0786;0,267
F03500783;Kaboré;Rasmata;+226 00 00 41 61;G035;Sahel;Rural;Oui;45;35-49 ans;Aucun;2;Oui;Musulmane;5;Oui;22,4;8,63;1;1,0194;0,267
F03500784;Traoré;Fatimata;+226 00 00 68 95;G035;Sahel;Rural;Oui;27;25-34 ans;Aucun;4;Non;Traditionnelle;4;Non;24,7;10,67;1;0,749;0,267
F03500785;Bado;Rasmata;+226 00 00 17 91;G035;Sahel;Rural;Oui;35;35-49 ans;Aucun;3;Oui;Catholique;4;Oui;21,0;9,07;1;1,1091;0,267
F03600786;Kaboré;Odile;+226 00 00 83 78;G036;Centre;Urbain;Non;31;25-34 ans;Aucun;3;Oui;Musulmane;4;Non;19,9;6,18;1;1,4539;0,5
F03600787;Ilboudo;Fatimata;+226 00 00 39 13;G036;Centre;Urbain;Non;21;15-24 ans;Secondaire ou plus;5;Oui;Musulmane;2;Non;21,1;6,23;1;1,412;0,5
F03600788;Bado;Salimata;+226 00 00 35 86;G036;Centre;Urbain;Non;41;35-49 ans;Primaire;5;Oui;Musulmane;6;Non;21,8;6,17;1;0,6451;0,5
F03600789;Ilboudo;Aminata;+226 00 00 87 96;G036;Centre;Urbain;Non;39;35-49 ans;Secondaire ou plus;4;Oui;Catholique;1;Oui;20,5;27,0;0;0,9767;0,5
F03600790;Compaoré;Fatimata;+226 00 00 53 89;G036;Centre;Urbain;Non;19;15-24 ans;Primaire;3;Oui;Catholique;1;Non;19,8;7,0;0;1,0451;0,5
F03600791;Kaboré;Bintou;+226 00 00 93 10;G036;Centre;Urbain;Non;46;35-49 ans;Secondaire ou plus;4;Oui;Catholique;4;Oui;22,6;3,33;1;1,3309;0,5
F03600792;Compaoré;Rasmata;+226 00 00 13 39;G036;Centre;Urbain;Non;46;35-49 ans;Aucun;4;Non;Traditionnelle;7;Non;19,5;3,27;1;1,0029;0,5
F03600793;Yaméogo;Bintou;+226 00 00 63 29;G036;Centre;Urbain;Non;37;35-49 ans;Aucun;3;Oui;Musulmane;4;Non;21,0;25,0;0;1,3491;0,5
F03600794;Kaboré;Odile;+226 00 00 37 58;G036;Centre;Urbain;Non;16;15-24 ans;Aucun;2;;Musulmane;0;Non;17,4;4,0;0;1,2406;0,5
F03600795;Zongo;Rasmata;+226 00 00 48 25;G036;Centre;Urbain;Non;22;15-24 ans;Aucun;2;Oui;Musulmane;1;Non;20,2;0,06;1;0,7534;0,5
F03600796;Kaboré;Odile;+226 00 00 85 46;G036;Centre;Urbain;Non;39;35-49 ans;Secondaire ou plus;2;Oui;Protestante;2;Oui;14,9;6,91;1;0,9101;0,5
F03600797;Zongo;Odile;+226 00 00 97 37;G036;Centre;Urbain;Non;34;25-34 ans;Aucun;4;Oui;Traditionnelle;4;Non;19,2;6,1;1;1,0967;0,5
F03600798;Kinda;Aminata;+226 00 00 41 25;G036;Centre;Urbain;Non;47;35-49 ans;Primaire;3;Oui;Traditionnelle;8;Non;20,9;23,64;1;0,8893;0,5
F03600799;Yaméogo;Adjara;+226 00 00 30 22;G036;Centre;Urbain;Non;39;35-49 ans;Aucun;3;Oui;Musulmane;5;Non;19,4;5,43;1;1,1756;0,5
F03700800;Yaméogo;Fatimata;+226 00 00 20 53;G037;Hauts-Bassins;Urbain;Oui;37;35-49 ans;Primaire;3;Non;Traditionnelle;6;Non;21,2;21,75;1;0,9598;0,75
F03700801;Kinda;Mariam;+226 00 00 16 50;G037;Hauts-Bassins;Urbain;Oui;44;35-49 ans;Secondaire ou plus;3;Oui;Musulmane;2;Oui;26,4;11,35;1;1,3836;0,75
F03700802;Ouédraogo;Aminata;+226 00 00 55 87;G037;Hauts-Bassins;Urbain;Oui;49;35-49 ans;Aucun;5;Non;Catholique;9;Oui;24,2;7,48;1;1,3827;0,75
F03700803;Zongo;Adjara;+226 00 00 63 56;G037;Hauts-Bassins;Urbain;Oui;17;15-24 ans;Secondaire ou plus;3;Oui;Traditionnelle;0;Non;22,7;4,12;1;0,7168;0,75
F03700804;Yaméogo;Adjara;+226 00 00 92 36;G037;Hauts-Bassins;Urbain;Oui;48;35-49 ans;Secondaire ou plus;4;Non;Protestante;5;Non;25,5;14,46;1;1,0044;0,75
F03700805;Kaboré;Rasmata;+226 00 00 70 65;G037;Hauts-Bassins;Urbain;Oui;25;25-34 ans;Primaire;4;;Musulmane;1;Oui;23,1;5,99;1;1,0962;0,75
F03700806;Ilboudo;Awa;+226 00 00 18 45;G037;Hauts-Bassins;Urbain;Oui;19;15-24 ans;Primaire;4;Oui;Musulmane;4;Oui;23,9;4,29;1;0,947;0,75
F03700807;Ouédraogo;Bintou;+226 00 00 34 49;G037;Hauts-Bassins;Urbain;Oui;40;35-49 ans;Aucun;4;Non;Protestante;7;Non;20,9;0,64;1;1,3748;0,75
F03700808;Yaméogo;Aminata;+226 00 00 67 71;G037;Hauts-Bassins;Urbain;Oui;22;15-24 ans;Secondaire ou plus;4;Oui;Traditionnelle;1;Oui;23,5;7,09;1;0,765;0,75
F03700809;Zongo;Rasmata;+226 00 00 84 97;G037;Hauts-Bassins;Urbain;Oui;25;25-34 ans;Primaire;4;Oui;Protestante;1;Non;22,4;13,0;0;1,2266;0,75
F03700810;Ilboudo;Bintou;+226 00 00 24 56;G037;Hauts-Bassins;Urbain;Oui;24;15-24 ans;Primaire;4;Oui;Musulmane;0;Non;18,7;9,05;1;1,1559;0,75
F03700811;Ouédraogo;Awa;+226 00 00 79 19;G037;Hauts-Bassins;Urbain;Oui;48;35-49 ans;Primaire;1;Oui;Musulmane;6;Non;23,2;1,21;1;1,235;0,75
F03700812;Bado;Bintou;+226 00 00 71 68;G037;Hauts-Bassins;Urbain;Oui;30;25-34 ans;Primaire;4;Oui;Musulmane;6;Oui;23,6;0,46;1;1,2012;0,75
F03700813;Traoré;Clarisse;+226 00 00 23 34;G037;Hauts-Bassins;Urbain;Oui;32;25-34 ans;Primaire;4;Oui;Traditionnelle;2;Non;18,9;3,35;1;1,3002;0,75
F03700814;Zongo;Salimata;+226 00 00 64 76;G037;Hauts-Bassins;Urbain;Oui;45;35-49 ans;Secondaire ou plus;3;Non;Musulmane;6;Non;21,0;11,1;1;0,6389;0,75
F03700815;Traoré;Aminata;+226 00 00 83 67;G037;Hauts-Bassins;Urbain;Oui;41;35-49 ans;Aucun;5;Oui;Musulmane;5;Oui;24,3;5,39;1;0,9918;0,75
F03700816;Traoré;Fatimata;+226 00 00 80 68;G037;Hauts-Bassins;Urbain;Oui;35;35-49 ans;Primaire;4;Oui;Musulmane;3;Non;25,5;2,97;1;1,3853;0,75
F03700817;Zongo;Odile;+226 00 00 45 75;G037;Hauts-Bassins;Urbain;Oui;17;15-24 ans;Primaire;5;Non;Traditionnelle;0;Oui;23,7;4,88;1;1,0882;0,75
F03700818;Traoré;Odile;+226 00 00 65 54;G037;Hauts-Bassins;Urbain;Oui;47;35-49 ans;Primaire;4;Oui;Catholique;11;Non;27,8;18,85;1;0,8117;0,75
F03700819;Compaoré;Odile;+226 00 00 43 40;G037;Hauts-Bassins;Urbain;Oui;17;15-24 ans;Primaire;4;Oui;Traditionnelle;0;Oui;19,6;5,0;0;1,2561;0,75
F03700820;Yaméogo;Aminata;+226 00 00 57 21;G037;Hauts-Bassins;Urbain;Oui;25;25-34 ans;Aucun;3;Oui;Musulmane;1;Oui;24,7;4,54;1;0,6865;0,75
F03700821;Traoré;Adjara;+226 00 00 39 82;G037;Hauts-Bassins;Urbain;Oui;40;35-49 ans;Aucun;3;Oui;Musulmane;3;Non;25,3;4,36;1;0,8584;0,75
F03700822;Kaboré;Aminata;+226 00 00 80 51;G037;Hauts-Bassins;Urbain;Oui;44;35-49 ans;Secondaire ou plus;5;Oui;Musulmane;8;Non;22,9;32,0;0;1,1347;0,75
F03700823;Compaoré;Awa;+226 00 00 27 68;G037;Hauts-Bassins;Urbain;Oui;32;25-34 ans;Aucun;2;Non;Traditionnelle;2;Non;22,3;15,3;1;1,1511;0,75
F03800824;Yaméogo;Awa;+226 00 00 22 39;G038;Nord;Rural;Oui;35;35-49 ans;Aucun;2;Oui;Musulmane;0;Non;20,9;15,02;1;1,0579;0,278
F03800825;Traoré;Salimata;+226 00 00 69 65;G038;Nord;Rural;Oui;36;35-49 ans;Aucun;1;Non;Musulmane;2;Oui;19,7;1,04;1;0,9221;0,278
F03800826;Bado;Adjara;+226 00 00 76 88;G038;Nord;Rural;Oui;15;15-24 ans;Aucun;3;Non;Musulmane;0;Non;17,5;3,0;0;1,2966;0,278
F03800827;Sawadogo;Rasmata;+226 00 00 70 68;G038;Nord;Rural;Oui;39;35-49 ans;Primaire;3;Oui;Musulmane;4;Oui;20,4;0,01;1;0,7554;0,278
F03800828;Zongo;Bintou;+226 00 00 26 77;G038;Nord;Rural;Oui;49;35-49 ans;Aucun;3;Non;Musulmane;4;Oui;19,0;0,47;1;0,7729;0,278
F03800829;Zongo;Odile;+226 00 00 24 90;G038;Nord;Rural;Oui;16;15-24 ans;Primaire;3;Non;Musulmane;0;Non;17,9;2,38;1;0,7223;0,278
F03800830;Sawadogo;Adjara;+226 00 00 52 19;G038;Nord;Rural;Oui;47;35-49 ans;Primaire;3;Non;Musulmane;6;Oui;24,7;16,81;1;0,8243;0,278
F03800831;Traoré;Mariam;+226 00 00 89 83;G038;Nord;Rural;Oui;44;35-49 ans;Aucun;2;Non;Musulmane;9;Oui;24,4;0,93;1;1,0606;0,278
F03800832;Ouédraogo;Adjara;+226 00 00 77 95;G038;Nord;Rural;Oui;41;35-49 ans;Aucun;3;Non;Catholique;6;Oui;15,6;16,25;1;1,3208;0,278
F03800833;Kinda;Adjara;+226 00 00 84 15;G038;Nord;Rural;Oui;20;15-24 ans;Aucun;2;Non;Traditionnelle;1;Non;15,7;8,0;0;0,7854;0,278
F03800834;Compaoré;Odile;+226 00 00 85 74;G038;Nord;Rural;Oui;21;15-24 ans;Primaire;4;Non;Catholique;1;Oui;22,5;5,35;1;0,9485;0,278
F03800835;Kaboré;Awa;+226 00 00 28 88;G038;Nord;Rural;Oui;25;25-34 ans;Aucun;2;Non;Musulmane;4;Non;23,8;8,0;1;1,5809;0,278
F03800836;Sawadogo;Fatimata;+226 00 00 53 53;G038;Nord;Rural;Oui;39;35-49 ans;Aucun;1;Non;Catholique;9;Non;22,0;3,41;1;1,32;0,278
F03800837;Zongo;Awa;+226 00 00 22 63;G038;Nord;Rural;Oui;45;35-49 ans;Primaire;2;Oui;Catholique;5;Non;27,2;1,06;1;0,8342;0,278
F03800838;Bado;Fatimata;+226 00 00 43 59;G038;Nord;Rural;Oui;31;25-34 ans;Aucun;4;Non;Musulmane;5;Oui;22,2;0,7;1;0,8203;0,278
F03800839;Ilboudo;Fatimata;+226 00 00 10 37;G038;Nord;Rural;Oui;36;35-49 ans;Aucun;2;Oui;Musulmane;4;Non;22,0;2,89;1;1,5477;0,278
F03800840;Yaméogo;Adjara;+226 00 00 10 21;G038;Nord;Rural;Oui;17;15-24 ans;Aucun;2;Non;Catholique;0;Non;17,3;5,0;0;1,5222;0,278
F03800841;Kinda;Adjara;+226 00 00 73 31;G038;Nord;Rural;Oui;46;35-49 ans;Aucun;2;Oui;Catholique;7;Oui;25,7;4,03;1;1,1745;0,278
F03900842;Compaoré;Bintou;+226 00 00 76 33;G039;Est;Rural;Non;27;25-34 ans;Primaire;2;Non;Musulmane;1;Oui;19,4;2,9;1;0,608;0,227
F03900843;Zongo;Odile;+226 00 00 32 22;G039;Est;Rural;Non;25;25-34 ans;Aucun;2;Non;Musulmane;3;Non;23,5;13,0;0;1,2025;0,227
F03900844;Yaméogo;Salimata;+226 00 00 16 85;G039;Est;Rural;Non;28;25-34 ans;Aucun;3;Oui;Musulmane;1;Oui;20,6;16,0;0;0,9443;0,227
F03900845;Compaoré;Clarisse;+226 00 00 80 55;G039;Est;Rural;Non;20;15-24 ans;Aucun;3;Oui;Musulmane;0;Non;23,3;0,82;1;1,5648;0,227
F03900846;Sawadogo;Odile;+226 00 00 35 79;G039;Est;Rural;Non;22;15-24 ans;Aucun;2;Non;Musulmane;0;Non;21,7;5,63;1;1,3713;0,227
F03900847;Traoré;Salimata;+226 00 00 63 30;G039;Est;Rural;Non;36;35-49 ans;Aucun;5;Non;Catholique;6;Non;25,3;3,43;1;0,7455;0,227
F03900848;Sawadogo;Salimata;+226 00 00 43 46;G039;Est;Rural;Non;15;15-24 ans;Aucun;4;Oui;Musulmane;0;Oui;25,0;3,0;0;0,6841;0,227
F03900849;Kinda;Mariam;+226 00 00 38 46;G039;Est;Rural;Non;27;25-34 ans;Primaire;1;Oui;Musulmane;2;Oui;12,3;15,0;0;1,5604;0,227
F03900850;Ouédraogo;Aminata;+226 00 00 11 50;G039;Est;Rural;Non;42;35-49 ans;Primaire;1;Non;Musulmane;2;Non;18,2;5,59;1;1,4547;0,227
F03900851;Ilboudo;Adjara;+226 00 00 44 94;G039;Est;Rural;Non;49;35-49 ans;Aucun;2;Non;Catholique;5;Oui;16,4;5,01;1;1,361;0,227
F03900852;Ouédraogo;Aminata;+226 00 00 53 56;G039;Est;Rural;Non;46;35-49 ans;Aucun;3;Non;Musulmane;3;Non;21,7;2,58;1;1,0506;0,227
F03900853;Compaoré;Fatimata;+226 00 00 21 59;G039;Est;Rural;Non;21;15-24 ans;Aucun;1;Non;Musulmane;0;Non;16,6;0,21;1;1,3664;0,227
F03900854;Kaboré;Fatimata;+226 00 00 89 21;G039;Est;Rural;Non;38;35-49 ans;Aucun;2;Non;Traditionnelle;6;Non;17,4;5,73;1;0,8277;0,227
F03900855;Ouédraogo;Awa;+226 00 00 70 45;G039;Est;Rural;Non;30;25-34 ans;Aucun;1;Oui;Musulmane;1;Non;17,9;5,53;1;0,786;0,227
F03900856;Ouédraogo;Fatimata;+226 00 00 65 88;G039;Est;Rural;Non;30;25-34 ans;Aucun;3;Oui;Musulmane;9;Oui;16,7;4,84;1;1,5628;0,227
F03900857;Zongo;Awa;+226 00 00 52 82;G039;Est;Rural;Non;36;35-49 ans;Aucun;3;Non;Musulmane;2;Oui;20,0;16,51;1;1,5207;0,227
F03900858;Traoré;Odile;+226 00 00 43 33;G039;Est;Rural;Non;47;35-49 ans;Secondaire ou plus;2;Oui;Musulmane;3;Oui;;3,02;1;0,962;0,227
F03900859;Bado;Rasmata;+226 00 00 46 40;G039;Est;Rural;Non;29;25-34 ans;Primaire;2;Non;Protestante;4;Oui;17,9;17,0;0;1,3345;0,227
F03900860;Kinda;Fatimata;+226 00 00 57 26;G039;Est;Rural;Non;32;25-34 ans;Aucun;3;Non;Traditionnelle;0;Non;22,5;7,16;1;0,7859;0,227
F03900861;Zongo;Salimata;+226 00 00 74 91;G039;Est;Rural;Non;31;25-34 ans;Aucun;4;Oui;Musulmane;6;Non;23,0;4,44;1;0,8671;0,227
F03900862;Zongo;Aminata;+226 00 00 40 22;G039;Est;Rural;Non;20;15-24 ans;Aucun;3;Oui;Protestante;0;Oui;22,8;7,14;1;1,0711;0,227
F03900863;Yaméogo;Mariam;+226 00 00 92 98;G039;Est;Rural;Non;25;25-34 ans;Aucun;2;Non;Musulmane;2;Oui;21,7;2,18;1;0,944;0,227
F04000864;Compaoré;Bintou;+226 00 00 76 37;G040;Boucle du Mouhoun;Rural;Oui;25;25-34 ans;Aucun;2;Non;Musulmane;5;Oui;20,7;3,76;1;1,1961;0,474
F04000865;Bado;Mariam;+226 00 00 39 53;G040;Boucle du Mouhoun;Rural;Oui;36;35-49 ans;Primaire;1;Oui;Musulmane;2;Non;19,4;4,79;1;1,0746;0,474
F04000866;Compaoré;Bintou;+226 00 00 20 87;G040;Boucle du Mouhoun;Rural;Oui;25;25-34 ans;Aucun;2;Non;Musulmane;1;Non;16,6;13,0;0;1,4046;0,474
F04000867;Sawadogo;Adjara;+226 00 00 44 90;G040;Boucle du Mouhoun;Rural;Oui;24;15-24 ans;Primaire;2;Non;Musulmane;1;Oui;22,2;12,0;0;1,4114;0,474
F04000868;Sawadogo;Awa;+226 00 00 84 56;G040;Boucle du Mouhoun;Rural;Oui;42;35-49 ans;Primaire;1;Non;Catholique;4;Oui;21,0;5,01;1;0,8043;0,474
F04000869;Sawadogo;Odile;+226 00 00 42 23;G040;Boucle du Mouhoun;Rural;Oui;34;25-34 ans;Primaire;2;Non;Traditionnelle;2;Oui;19,5;9,95;1;0,7149;0,474
F04000870;Ilboudo;Bintou;+226 00 00 75 15;G040;Boucle du Mouhoun;Rural;Oui;33;25-34 ans;Primaire;2;Non;Traditionnelle;3;Oui;20,1;0,42;1;0,9062;0,474
F04000871;Kinda;Bintou;+226 00 00 91 95;G040;Boucle du Mouhoun;Rural;Oui;46;35-49 ans;Aucun;2;Non;Musulmane;8;Oui;18,2;4,09;1;1,2034;0,474
F04000872;Ilboudo;Adjara;+226 00 00 63 50;G040;Boucle du Mouhoun;Rural;Oui;44;35-49 ans;Aucun;1;Non;Traditionnelle;4;Oui;23,4;5,38;1;1,2967;0,474
F04000873;Kaboré;Awa;+226 00 00 13 71;G040;Boucle du Mouhoun;Rural;Oui;24;15-24 ans;Aucun;1;Non;Catholique;2;Oui;26,2;12,0;0;1,2506;0,474
F04000874;Traoré;Salimata;+226 00 00 57 93;G040;Boucle du Mouhoun;Rural;Oui;20;15-24 ans;Aucun;3;Non;Musulmane;0;Oui;16,7;1,33;1;1,0051;0,474
F04000875;Ilboudo;Salimata;+226 00 00 50 67;G040;Boucle du Mouhoun;Rural;Oui;43;35-49 ans;Aucun;3;Oui;Protestante;9;Oui;23,0;1,57;1;1,0791;0,474
F04000876;Yaméogo;Rasmata;+226 00 00 66 45;G040;Boucle du Mouhoun;Rural;Oui;37;35-49 ans;Primaire;1;Oui;Catholique;6;Oui;22,7;15,68;1;1,1212;0,474
F04000877;Ilboudo;Bintou;+226 00 00 57 49;G040;Boucle du Mouhoun;Rural;Oui;18;15-24 ans;Primaire;2;Oui;Catholique;1;Non;14,5;6,0;0;0,7716;0,474
F04000878;Ilboudo;Bintou;+226 00 00 21 48;G040;Boucle du Mouhoun;Rural;Oui;20;15-24 ans;Primaire;1;Non;Musulmane;1;Oui;13,2;0,46;1;1,2478;0,474
F04000879;Traoré;Salimata;+226 00 00 51 12;G040;Boucle du Mouhoun;Rural;Oui;44;35-49 ans;Aucun;3;Non;Protestante;7;Oui;24,6;10,02;1;1,3397;0,474
F04000880;Yaméogo;Clarisse;+226 00 00 30 64;G040;Boucle du Mouhoun;Rural;Oui;37;35-49 ans;Aucun;3;Oui;Catholique;1;Oui;24,9;1,69;1;1,1617;0,474
F04000881;Yaméogo;Odile;+226 00 00 77 16;G040;Boucle du Mouhoun;Rural;Oui;37;35-49 ans;Primaire;1;Non;Musulmane;5;Oui;24,0;0,09;1;0,8741;0,474
F04000882;Sawadogo;Clarisse;+226 00 00 13 88;G040;Boucle du Mouhoun;Rural;Oui;40;35-49 ans;Aucun;3;Non;Musulmane;2;Oui;20,8;0,48;1;1,5285;0,474
F04100883;Ouédraogo;Clarisse;+226 00 00 44 46;G041;Sahel;Rural;Non;33;25-34 ans;Primaire;5;Non;Protestante;2;Non;22,8;3,08;1;0,8024;0,375
F04100884;Zongo;Bintou;+226 00 00 26 56;G041;Sahel;Rural;Non;32;25-34 ans;Aucun;3;Non;Traditionnelle;2;Non;19,5;3,13;1;0,9972;0,375
F04100885;Yaméogo;Awa;+226 00 00 56 13;G041;Sahel;Rural;Non;17;15-24 ans;Aucun;5;Oui;Catholique;0;Oui;21,1;2,21;1;1,0304;0,375
F04100886;Kaboré;Salimata;+226 00 00 10 68;G041;Sahel;Rural;Non;46;35-49 ans;Primaire;4;Non;Musulmane;7;Non;23,2;1,24;1;0,713;0,375
F04100887;Zongo;Odile;+226 00 00 37 67;G041;Sahel;Rural;Non;28;25-34 ans;Secondaire ou plus;2;Non;Musulmane;2;Non;23,0;6,59;1;0,625;0,375
F04100888;Compaoré;Bintou;+226 00 00 67 28;G041;Sahel;Rural;Non;48;35-49 ans;Aucun;4;Non;Musulmane;6;Oui;25,9;27,16;1;1,2735;0,375
F04100889;Kinda;Odile;+226 00 00 94 31;G041;Sahel;Rural;Non;48;35-49 ans;Aucun;1;Non;Catholique;4;Non;25,4;13,84;1;0,8385;0,375
F04100890;Zongo;Rasmata;+226 00 00 16 29;G041;Sahel;Rural;Non;33;25-34 ans;Aucun;2;Non;Musulmane;2;Oui;22,3;12,25;1;1,5479;0,375
F04100891;Yaméogo;Bintou;+226 00 00 62 88;G041;Sahel;Rural;Non;42;35-49 ans;Aucun;2;Oui;Traditionnelle;5;Non;20,3;16,71;1;0,6097;0,375
F04100892;Bado;Aminata;+226 00 00 75 32;G041;Sahel;Rural;Non;42;35-49 ans;Aucun;3;Non;Catholique;3;Non;21,2;1,37;1;1,3743;0,375
F04100893;Bado;Clarisse;+226 00 00 35 62;G041;Sahel;Rural;Non;19;15-24 ans;Aucun;3;Oui;Protestante;0;Oui;25,7;6,08;1;0,972;0,375
F04100894;Ouédraogo;Rasmata;+226 00 00 73 47;G041;Sahel;Rural;Non;21;15-24 ans;Aucun;3;Non;Catholique;1;Non;27,6;9,0;0;1,148;0,375
F04100895;Ouédraogo;Mariam;+226 00 00 88 90;G041;Sahel;Rural;Non;30;25-34 ans;Aucun;3;Oui;Musulmane;3;Non;22,1;18,0;0;0,8252;0,375
F04100896;Yaméogo;Salimata;+226 00 00 79 75;G041;Sahel;Rural;Non;25;25-34 ans;Primaire;1;Non;Protestante;2;Oui;20,1;2,14;1;1,5778;0,375
F04100897;Yaméogo;Fatimata;+226 00 00 12 59;G041;Sahel;Rural;Non;23;15-24 ans;Aucun;2;Non;Musulmane;2;Oui;28,6;3,26;1;0,7716;0,375
F04100898;Kinda;Mariam;+226 00 00 74 65;G041;Sahel;Rural;Non;38;35-49 ans;Secondaire ou plus;2;Oui;Musulmane;6;Non;26,8;8,07;1;1,3644;0,375
F04100899;Bado;Mariam;+226 00 00 54 43;G041;Sahel;Rural;Non;15;15-24 ans;Secondaire ou plus;2;Oui;Catholique;0;Oui;26,4;1,45;1;0,9054;0,375
F04100900;Kaboré;Mariam;+226 00 00 35 93;G041;Sahel;Rural;Non;42;35-49 ans;Aucun;2;Oui;Catholique;7;Non;22,0;3,72;1;1,0431;0,375
F04100901;Bado;Rasmata;+226 00 00 22 55;G041;Sahel;Rural;Non;43;35-49 ans;Primaire;3;Non;Musulmane;4;Non;24,8;4,0;1;0,7108;0,375
F04100902;Compaoré;Salimata;+226 00 00 64 34;G041;Sahel;Rural;Non;15;15-24 ans;Primaire;3;;Catholique;0;Non;22,1;2,19;1;1,0408;0,375
F04100903;Yaméogo;Mariam;+226 00 00 52 17;G041;Sahel;Rural;Non;49;35-49 ans;Aucun;2;Oui;Musulmane;12;Oui;22,0;7,47;1;1,5465;0,375
F04100904;Kinda;Adjara;+226 00 00 13 63;G041;Sahel;Rural;Non;26;25-34 ans;Aucun;2;Oui;Musulmane;0;Oui;24,9;3,61;1;0,8636;0,375
F04100905;Kaboré;Salimata;+226 00 00 41 15;G041;Sahel;Rural;Non;19;15-24 ans;Primaire;3;Oui;Musulmane;0;Non;16,0;0,38;1;0,9442;0,375
F04100906;Ilboudo;Adjara;+226 00 00 15 12;G041;Sahel;Rural;Non;15;15-24 ans;Aucun;5;Non;Catholique;0;Non;25,3;1,04;1;0,7632;0,375
F04200907;Kaboré;Fatimata;+226 00 00 64 98;G042;Centre;Rural;Oui;35;35-49 ans;Aucun;2;Oui;Protestante;7;Non;26,4;5,11;1;1,5337;0,267
F04200908;Zongo;Rasmata;+226 00 00 25 29;G042;Centre;Rural;Oui;36;35-49 ans;Primaire;3;Oui;Catholique;2;Non;23,3;17,14;1;1,1266;0,267
F04200909;Traoré;Rasmata;+226 00 00 56 18;G042;Centre;Rural;Oui;22;15-24 ans;Aucun;2;Non;Musulmane;0;Non;17,9;6,83;1;1,2446;0,267
F04200910;Zongo;Fatimata;+226 00 00 78 52;G042;Centre;Rural;Oui;19;15-24 ans;Aucun;2;Non;Musulmane;0;Non;20,3;7,0;0;0,9602;0,267
F04200911;Ouédraogo;Aminata;+226 00 00 16 80;G042;Centre;Rural;Oui;38;35-49 ans;Aucun;2;Non;Protestante;4;Non;21,6;2,36;1;0,8899;0,267
F04200912;Traoré;Adjara;+226 00 00 82 77;G042;Centre;Rural;Oui;43;35-49 ans;Secondaire ou plus;3;Non;Musulmane;5;Non;24,7;12,32;1;1,053;0,267
F04200913;Ouédraogo;Rasmata;+226 00 00 97 77;G042;Centre;Rural;Oui;29;25-34 ans;Aucun;2;Oui;Musulmane;1;Non;25,1;2,15;1;1,2041;0,267
F04200914;Compaoré;Rasmata;+226 00 00 52 66;G042;Centre;Rural;Oui;16;15-24 ans;Aucun;4;Non;Traditionnelle;0;Non;21,9;4,0;0;1,0679;0,267
F04200915;Yaméogo;Salimata;+226 00 00 46 36;G042;Centre;Rural;Oui;26;25-34 ans;Secondaire ou plus;1;Oui;Catholique;1;Non;21,5;0,59;1;0,899;0,267
F04200916;Traoré;Salimata;+226 00 00 77 36;G042;Centre;Rural;Oui;16;15-24 ans;Aucun;2;Non;Musulmane;0;Non;16,1;4,0;0;0,9346;0,267
F04200917;Zongo;Adjara;+226 00 00 20 23;G042;Centre;Rural;Oui;15;15-24 ans;Aucun;2;Non;Musulmane;0;Non;20,1;3,0;0;0,6577;0,267
F04200918;Zongo;Mariam;+226 00 00 36 56;G042;Centre;Rural;Oui;16;15-24 ans;Aucun;3;Oui;Musulmane;0;Non;22,0;4,0;0;1,4712;0,267
F04200919;Zongo;Aminata;+226 00 00 49 62;G042;Centre;Rural;Oui;18;15-24 ans;Primaire;4;Non;Musulmane;0;Non;24,1;6,0;0;0,8029;0,267
F04200920;Traoré;Bintou;+226 00 00 47 58;G042;Centre;Rural;Oui;36;35-49 ans;Aucun;2;Oui;Catholique;2;Non;18,5;16,74;1;1,0068;0,267
F04200921;Yaméogo;Adjara;+226 00 00 67 87;G042;Centre;Rural;Oui;19;15-24 ans;Aucun;3;Oui;Musulmane;1;Non;22,0;7,0;0;0,9196;0,267
F04300922;Kinda;Aminata;+226 00 00 94 68;G043;Hauts-Bassins;Urbain;Oui;28;25-34 ans;Primaire;2;Non;Musulmane;1;Oui;18,5;11,91;1;0,8137;0,688
F04300923;Ilboudo;Aminata;+226 00 00 90 34;G043;Hauts-Bassins;Urbain;Oui;31;25-34 ans;Secondaire ou plus;3;Non;Catholique;4;Oui;22,7;19,0;0;1,5389;0,688
F04300924;Zongo;Fatimata;+226 00 00 66 83;G043;Hauts-Bassins;Urbain;Oui;46;35-49 ans;Primaire;3;Non;Musulmane;10;Non;23,9;7,32;1;1,3035;0,688
F04300925;Sawadogo;Salimata;+226 00 00 42 73;G043;Hauts-Bassins;Urbain;Oui;47;35-49 ans;Primaire;5;Oui;Musulmane;8;Oui;23,7;2,62;1;0,8826;0,688
F04300926;Bado;Mariam;+226 00 00 26 88;G043;Hauts-Bassins;Urbain;Oui;45;35-49 ans;Secondaire ou plus;3;Oui;Protestante;6;Oui;21,9;19,5;1;1,2013;0,688
F04300927;Kinda;Awa;+226 00 00 47 15;G043;Hauts-Bassins;Urbain;Oui;49;35-49 ans;Primaire;2;Oui;Musulmane;6;Oui;21,0;9,42;1;1,2981;0,688
F04300928;Ouédraogo;Bintou;+226 00 00 50 98;G043;Hauts-Bassins;Urbain;Oui;46;35-49 ans;Aucun;3;Oui;Protestante;12;Oui;23,2;0,6;1;1,3164;0,688
F04300929;Bado;Aminata;+226 00 00 35 50;G043;Hauts-Bassins;Urbain;Oui;23;15-24 ans;Aucun;3;Non;Musulmane;2;Non;22,7;11,0;0;1,132;0,688
F04300930;Compaoré;Mariam;+226 00 00 22 70;G043;Hauts-Bassins;Urbain;Oui;26;25-34 ans;Primaire;3;Oui;Musulmane;3;Oui;24,9;6,33;1;0,6965;0,688
F04300931;Bado;Clarisse;+226 00 00 58 91;G043;Hauts-Bassins;Urbain;Oui;16;15-24 ans;Secondaire ou plus;4;Oui;Musulmane;0;Oui;27,2;4,0;0;1,2027;0,688
F04300932;Yaméogo;Salimata;+226 00 00 54 35;G043;Hauts-Bassins;Urbain;Oui;21;15-24 ans;Primaire;4;Non;Musulmane;0;Non;24,5;9,0;0;0,9083;0,688
F04300933;Kinda;Salimata;+226 00 00 42 58;G043;Hauts-Bassins;Urbain;Oui;34;25-34 ans;Aucun;3;;Musulmane;3;Non;22,4;6,03;1;0,8936;0,688
F04300934;Compaoré;Fatimata;+226 00 00 91 34;G043;Hauts-Bassins;Urbain;Oui;27;25-34 ans;Secondaire ou plus;3;Non;Catholique;1;Oui;22,5;15,0;0;0,9285;0,688
F04300935;Ouédraogo;Fatimata;+226 00 00 12 27;G043;Hauts-Bassins;Urbain;Oui;23;15-24 ans;Aucun;5;Oui;Traditionnelle;1;Non;23,4;3,2;1;0,9989;0,688
F04300936;Compaoré;Aminata;+226 00 00 83 26;G043;Hauts-Bassins;Urbain;Oui;22;15-24 ans;Secondaire ou plus;5;Non;Musulmane;1;Oui;21,3;9,99;1;0,9252;0,688
F04300937;Traoré;Clarisse;+226 00 00 45 90;G043;Hauts-Bassins;Urbain;Oui;26;25-34 ans;Aucun;4;Non;Musulmane;4;Non;18,7;14,0;0;1,1312;0,688
F04400938;Yaméogo;Aminata;+226 00 00 63 88;G044;Nord;Rural;Non;48;35-49 ans;Aucun;3;Non;Catholique;6;Non;20,8;22,95;1;1,0034;0,208
F04400939;Ouédraogo;Adjara;+226 00 00 92 55;G044;Nord;Rural;Non;16;15-24 ans;Aucun;5;Oui;Catholique;0;Non;23,7;1,27;1;1,4057;0,208
F04400940;Kaboré;Fatimata;+226 00 00 45 43;G044;Nord;Rural;Non;36;35-49 ans;Aucun;1;Non;Catholique;2;Non;23,5;2,35;1;1,1254;0,208
F04400941;Kaboré;Fatimata;+226 00 00 93 33;G044;Nord;Rural;Non;31;25-34 ans;Aucun;2;Non;Musulmane;3;Non;21,4;5,33;1;1,3707;0,208
F04400942;Sawadogo;Awa;+226 00 00 14 66;G044;Nord;Rural;Non;26;25-34 ans;Secondaire ou plus;3;Non;Musulmane;1;Non;26,5;14,0;0;1,3743;0,208
F04400943;Kinda;Odile;+226 00 00 94 89;G044;Nord;Rural;Non;47;35-49 ans;Aucun;2;Non;Musulmane;7;Non;18,8;1,53;1;1,0168;0,208
F04400944;Ouédraogo;Aminata;+226 00 00 85 64;G044;Nord;Rural;Non;29;25-34 ans;Aucun;3;Oui;Catholique;7;Non;20,9;5,91;1;0,8114;0,208
F04400945;Traoré;Salimata;+226 00 00 27 98;G044;Nord;Rural;Non;44;35-49 ans;Aucun;5;Oui;Catholique;5;Oui;25,4;3,04;1;0,8094;0,208
F04400946;Ilboudo;Fatimata;+226 00 00 89 40;G044;Nord;Rural;Non;30;25-34 ans;Aucun;2;Oui;Musulmane;3;Non;17,4;0,23;1;0,9627;0,208
F04400947;Ouédraogo;Mariam;+226 00 00 36 61;G044;Nord;Rural;Non;16;15-24 ans;Aucun;2;Non;Musulmane;0;Non;;4,0;0;1,4816;0,208
F04400948;Sawadogo;Aminata;+226 00 00 13 69;G044;Nord;Rural;Non;31;25-34 ans;Aucun;1;Oui;Traditionnelle;3;Non;18,4;2,46;1;1,5632;0,208
F04400949;Ouédraogo;Fatimata;+226 00 00 35 41;G044;Nord;Rural;Non;49;35-49 ans;Primaire;4;Non;Musulmane;8;Non;23,3;2,78;1;1,5418;0,208
F04400950;Kinda;Mariam;+226 00 00 65 67;G044;Nord;Rural;Non;44;35-49 ans;Aucun;1;Oui;Musulmane;6;Oui;18,7;7,99;1;0,9305;0,208
F04400951;Yaméogo;Mariam;+226 00 00 72 45;G044;Nord;Rural;Non;15;15-24 ans;Secondaire ou plus;4;Oui;Catholique;0;Non;25,0;1,58;1;1,2292;0,208
F04400952;Ilboudo;Aminata;+226 00 00 90 70;G044;Nord;Rural;Non;19;15-24 ans;Aucun;3;Oui;Musulmane;0;Non;21,0;7,0;0;0,8565;0,208
F04400953;Compaoré;Adjara;+226 00 00 92 74;G044;Nord;Rural;Non;47;35-49 ans;Aucun;1;Non;Catholique;9;Non;23,4;8,38;1;1,3177;0,208
F04400954;Ilboudo;Bintou;+226 00 00 33 70;G044;Nord;Rural;Non;31;25-34 ans;Aucun;3;Non;Musulmane;1;Non;20,1;7,4;1;0,6787;0,208
F04400955;Sawadogo;Mariam;+226 00 00 27 87;G044;Nord;Rural;Non;28;25-34 ans;Primaire;2;Oui;Catholique;4;Non;24,9;1,68;1;1,4772;0,208
F04400956;Zongo;Awa;+226 00 00 56 55;G044;Nord;Rural;Non;17;15-24 ans;Primaire;3;;Traditionnelle;0;Oui;19,7;2,55;1;1,5677;0,208
F04400957;Ouédraogo;Bintou;+226 00 00 50 55;G044;Nord;Rural;Non;15;15-24 ans;Aucun;4;Oui;Musulmane;0;Non;18,9;3,0;0;0,6217;0,208
F04400958;Ilboudo;Bintou;+226 00 00 12 17;G044;Nord;Rural;Non;46;35-49 ans;Aucun;3;Non;Musulmane;4;Non;22,0;5,07;1;1,4684;0,208
F04400959;Ilboudo;Bintou;+226 00 00 32 33;G044;Nord;Rural;Non;28;25-34 ans;Aucun;5;Oui;Musulmane;2;Non;21,8;1,2;1;0,9459;0,208
F04400960;Compaoré;Fatimata;+226 00 00 77 39;G044;Nord;Rural;Non;31;25-34 ans;Aucun;4;Oui;Protestante;1;Non;26,2;1,8;1;1,4564;0,208
F04400961;Ouédraogo;Adjara;+226 00 00 25 37;G044;Nord;Rural;Non;32;25-34 ans;Aucun;2;Non;Musulmane;1;Oui;22,3;7,34;1;0,7258;0,208
F04500962;Kinda;Salimata;+226 00 00 42 17;G045;Est;Rural;Oui;15;15-24 ans;Aucun;1;Non;Musulmane;0;Oui;21,3;3,0;0;0,9282;0,308
F04500963;Sawadogo;Odile;+226 00 00 74 27;G045;Est;Rural;Oui;37;35-49 ans;Primaire;3;Non;Protestante;5;Oui;24,5;0,03;1;0,6117;0,308
F04500964;Sawadogo;Salimata;+226 00 00 37 93;G045;Est;Rural;Oui;48;35-49 ans;Secondaire ou plus;2;Non;Musulmane;7;Oui;22,3;3,38;1;0,6148;0,308
F04500965;Yaméogo;Rasmata;+226 00 00 98 83;G045;Est;Rural;Oui;33;25-34 ans;Aucun;1;Non;Musulmane;4;Oui;22,2;2,21;1;0,6905;0,308
F04500966;Kinda;Bintou;+226 00 00 76 10;G045;Est;Rural;Oui;33;25-34 ans;Aucun;1;Oui;Musulmane;1;Oui;21,7;1,95;1;0,9396;0,308
F04500967;Ilboudo;Awa;+226 00 00 30 34;G045;Est;Rural;Oui;17;15-24 ans;Aucun;2;Oui;Musulmane;0;Non;21,3;0,63;1;0,9445;0,308
F04500968;Bado;Odile;+226 00 00 60 67;G045;Est;Rural;Oui;20;15-24 ans;Aucun;3;Oui;Catholique;0;Oui;;3,77;1;0,8387;0,308
F04500969;Ilboudo;Awa;+226 00 00 98 52;G045;Est;Rural;Oui;21;15-24 ans;Aucun;3;Oui;Catholique;0;Oui;21,4;9,0;0;1,1282;0,308
F04500970;Traoré;Odile;+226 00 00 85 22;G045;Est;Rural;Oui;20;15-24 ans;Aucun;2;Non;Musulmane;0;Oui;22,6;8,0;0;0,6869;0,308
F04500971;Yaméogo;Awa;+226 00 00 76 84;G045;Est;Rural;Oui;30;25-34 ans;Aucun;4;Oui;Musulmane;1;Oui;28,6;3,8;1;1,0143;0,308
F04500972;Ouédraogo;Mariam;+226 00 00 80 98;G045;Est;Rural;Oui;47;35-49 ans;Aucun;3;Non;Musulmane;10;Non;21,6;1,27;1;1,2221;0,308
F04500973;Bado;Mariam;+226 00 00 71 87;G045;Est;Rural;Oui;25;25-34 ans;Secondaire ou plus;4;Oui;Protestante;2;Oui;27,0;2,22;1;1,3231;0,308
F04500974;Ilboudo;Adjara;+226 00 00 61 71;G045;Est;Rural;Oui;44;35-49 ans;Primaire;3;Non;Catholique;3;Oui;26,7;27,45;1;1,0596;0,308
F04500975;Yaméogo;Awa;+226 00 00 81 88;G045;Est;Rural;Oui;39;35-49 ans;Aucun;3;Oui;Musulmane;2;Oui;25,2;0,52;1;1,5943;0,308
F04500976;Yaméogo;Rasmata;+226 00 00 65 20;G045;Est;Rural;Oui;29;25-34 ans;Aucun;3;Non;Musulmane;3;Oui;21,3;9,43;1;1,398;0,308
F04500977;Sawadogo;Aminata;+226 00 00 69 42;G045;Est;Rural;Oui;40;35-49 ans;Aucun;1;Non;Musulmane;6;Oui;25,0;8,06;1;0,6384;0,308
F04500978;Kaboré;Bintou;+226 00 00 96 37;G045;Est;Rural;Oui;22;15-24 ans;Aucun;3;Non;Protestante;1;Oui;22,2;0,17;1;0,7959;0,308
F04500979;Compaoré;Clarisse;+226 00 00 11 85;G045;Est;Rural;Oui;43;35-49 ans;Primaire;3;Non;Musulmane;5;Oui;24,0;9,85;1;1,1882;0,308
F04500980;Ouédraogo;Awa;+226 00 00 29 17;G045;Est;Rural;Oui;37;35-49 ans;Secondaire ou plus;4;Non;Musulmane;2;Oui;25,8;0,96;1;0,6503;0,308
F04500981;Ilboudo;Mariam;+226 00 00 28 47;G045;Est;Rural;Oui;20;15-24 ans;Aucun;3;Non;Catholique;0;Oui;20,2;0,49;1;0,72;0,308
F04500982;Sawadogo;Awa;+226 00 00 14 34;G045;Est;Rural;Oui;38;35-49 ans;Aucun;2;Non;Musulmane;3;Non;22,2;26,0;0;0,8392;0,308
F04500983;Ilboudo;Aminata;+226 00 00 62 16;G045;Est;Rural;Oui;33;25-34 ans;Aucun;3;Non;Musulmane;2;Non;24,1;21,0;0;1,1494;0,308
F04500984;Ouédraogo;Adjara;+226 00 00 62 41;G045;Est;Rural;Oui;40;35-49 ans;Aucun;2;;Musulmane;3;Oui;21,7;11,4;1;0,7972;0,308
F04500985;Ilboudo;Odile;+226 00 00 84 52;G045;Est;Rural;Oui;32;25-34 ans;Aucun;1;Non;Musulmane;4;Non;17,1;2,23;1;1,349;0,308
F04500986;Bado;Bintou;+226 00 00 43 32;G045;Est;Rural;Oui;45;35-49 ans;Primaire;3;Non;Musulmane;1;Oui;20,8;7,19;1;1,3046;0,308
F04500987;Kaboré;Odile;+226 00 00 65 59;G045;Est;Rural;Oui;19;15-24 ans;Primaire;3;Non;Musulmane;0;Oui;21,3;2,68;1;0,8811;0,308
F04600988;Bado;Mariam;+226 00 00 82 35;G046;Boucle du Mouhoun;Urbain;Non;20;15-24 ans;Secondaire ou plus;4;Oui;Musulmane;0;Oui;27,9;2,25;1;1,0819;0,667
F04600989;Yaméogo;Odile;+226 00 00 95 38;G046;Boucle du Mouhoun;Urbain;Non;22;15-24 ans;Primaire;3;Oui;Catholique;2;Oui;23,1;0,97;1;0,7446;0,667
F04600990;Yaméogo;Odile;+226 00 00 30 64;G046;Boucle du Mouhoun;Urbain;Non;30;25-34 ans;Aucun;3;Non;Catholique;2;Non;20,5;18,0;0;1,0799;0,667
F04600991;Ouédraogo;Awa;+226 00 00 38 78;G046;Boucle du Mouhoun;Urbain;Non;47;35-49 ans;Primaire;5;Oui;Musulmane;4;Oui;24,8;35,0;0;1,089;0,667
F04600992;Traoré;Aminata;+226 00 00 80 98;G046;Boucle du Mouhoun;Urbain;Non;39;35-49 ans;Primaire;4;Oui;Musulmane;2;Non;25,5;2,8;1;0,9202;0,667
F04600993;Ilboudo;Bintou;+226 00 00 98 84;G046;Boucle du Mouhoun;Urbain;Non;29;25-34 ans;Aucun;5;Non;Traditionnelle;6;Non;20,1;1,54;1;1,2884;0,667
F04600994;Sawadogo;Fatimata;+226 00 00 31 14;G046;Boucle du Mouhoun;Urbain;Non;38;35-49 ans;Secondaire ou plus;3;Oui;Catholique;2;Oui;27,2;26,0;0;1,4246;0,667
F04600995;Sawadogo;Bintou;+226 00 00 44 36;G046;Boucle du Mouhoun;Urbain;Non;47;35-49 ans;Secondaire ou plus;1;Oui;Musulmane;6;Oui;24,9;14,22;1;1,1809;0,667
F04600996;Yaméogo;Salimata;+226 00 00 25 62;G046;Boucle du Mouhoun;Urbain;Non;32;25-34 ans;Primaire;4;Oui;Traditionnelle;2;Oui;30,0;7,16;1;1,5504;0,667
F04600997;Sawadogo;Aminata;+226 00 00 92 67;G046;Boucle du Mouhoun;Urbain;Non;36;35-49 ans;Primaire;5;Oui;Musulmane;7;Non;23,0;24,0;0;1,1644;0,667
F04600998;Zongo;Awa;+226 00 00 49 54;G046;Boucle du Mouhoun;Urbain;Non;35;35-49 ans;Primaire;5;Oui;Protestante;6;Oui;27,1;23,0;0;1,5229;0,667
F04600999;Bado;Awa;+226 00 00 68 72;G046;Boucle du Mouhoun;Urbain;Non;16;15-24 ans;Aucun;1;Non;Musulmane;0;Non;;4,0;0;0,8281;0,667
F04601000;Traoré;Adjara;+226 00 00 34 59;G046;Boucle du Mouhoun;Urbain;Non;20;15-24 ans;Aucun;3;Oui;Musulmane;0;Oui;20,6;8,0;0;0,7239;0,667
F04601001;Kinda;Bintou;+226 00 00 73 98;G046;Boucle du Mouhoun;Urbain;Non;36;35-49 ans;Primaire;4;Oui;Catholique;3;Oui;26,9;10,43;1;1,1029;0,667
F04601002;Kinda;Mariam;+226 00 00 93 36;G046;Boucle du Mouhoun;Urbain;Non;28;25-34 ans;Aucun;5;Non;Musulmane;2;Oui;22,7;16,0;0;1,0034;0,667
F04701003;Kaboré;Bintou;+226 00 00 98 29;G047;Sahel;Urbain;Non;27;25-34 ans;Secondaire ou plus;2;Oui;Musulmane;2;Oui;21,8;2,51;1;1,0785;0,75
F04701004;Ouédraogo;Salimata;+226 00 00 65 50;G047;Sahel;Urbain;Non;24;15-24 ans;Primaire;4;Oui;Musulmane;3;Non;18,4;8,25;1;0,8371;0,75
F04701005;Kaboré;Awa;+226 00 00 17 13;G047;Sahel;Urbain;Non;26;25-34 ans;Primaire;3;Oui;Traditionnelle;0;Oui;15,7;1,35;1;1,049;0,75
F04701006;Zongo;Salimata;+226 00 00 29 95;G047;Sahel;Urbain;Non;36;35-49 ans;Primaire;5;Oui;Protestante;6;Non;17,7;16,67;1;0,8056;0,75
F04701007;Sawadogo;Odile;+226 00 00 97 69;G047;Sahel;Urbain;Non;24;15-24 ans;Primaire;4;Oui;Protestante;3;Oui;14,5;12,0;0;0,9676;0,75
F04701008;Kinda;Mariam;+226 00 00 25 75;G047;Sahel;Urbain;Non;23;15-24 ans;Secondaire ou plus;4;Oui;Musulmane;0;Oui;18,4;11,0;0;0,9624;0,75
F04701009;Yaméogo;Fatimata;+226 00 00 79 44;G047;Sahel;Urbain;Non;29;25-34 ans;Primaire;4;Oui;Traditionnelle;2;Oui;22,1;6,3;1;0,8403;0,75
F04701010;Yaméogo;Fatimata;+226 00 00 37 63;G047;Sahel;Urbain;Non;29;25-34 ans;Aucun;2;Oui;Musulmane;2;Non;;12,24;1;1,512;0,75
F04701011;Compaoré;Salimata;+226 00 00 56 28;G047;Sahel;Urbain;Non;34;25-34 ans;Aucun;3;Oui;Protestante;0;Non;17,9;2,38;1;1,2198;0,75
F04701012;Kaboré;Awa;+226 00 00 40 54;G047;Sahel;Urbain;Non;33;25-34 ans;Primaire;4;Oui;Musulmane;6;Non;22,3;2,53;1;1,1518;0,75
F04701013;Kinda;Clarisse;+226 00 00 51 38;G047;Sahel;Urbain;Non;39;35-49 ans;Secondaire ou plus;4;Oui;Protestante;5;Oui;17,7;4,67;1;1,4561;0,75
F04701014;Bado;Rasmata;+226 00 00 32 17;G047;Sahel;Urbain;Non;41;35-49 ans;Primaire;2;Oui;Musulmane;6;Oui;17,9;2,35;1;0,8679;0,75
F04701015;Compaoré;Adjara;+226 00 00 69 91;G047;Sahel;Urbain;Non;37;35-49 ans;Secondaire ou plus;3;Oui;Catholique;1;Oui;18,7;19,13;1;0,7671;0,75
F04701016;Kaboré;Aminata;+226 00 00 79 45;G047;Sahel;Urbain;Non;38;35-49 ans;Aucun;2;Non;Musulmane;4;Non;18,5;14,45;1;1,1057;0,75
F04701017;Zongo;Awa;+226 00 00 41 70;G047;Sahel;Urbain;Non;25;25-34 ans;Secondaire ou plus;4;Oui;Musulmane;1;Oui;18,4;13,0;0;0,9776;0,75
F04701018;Yaméogo;Adjara;+226 00 00 97 76;G047;Sahel;Urbain;Non;34;25-34 ans;Secondaire ou plus;4;Non;Catholique;4;Oui;18,0;22,0;0;1,3903;0,75
F04701019;Ouédraogo;Aminata;+226 00 00 98 67;G047;Sahel;Urbain;Non;32;25-34 ans;Aucun;4;Oui;Musulmane;1;Non;18,5;5,51;1;0,9697;0,75
F04701020;Compaoré;Bintou;+226 00 00 73 40;G047;Sahel;Urbain;Non;25;25-34 ans;Primaire;4;Oui;Protestante;2;Oui;21,4;4,75;1;1,4131;0,75
F04701021;Zongo;Adjara;+226 00 00 82 66;G047;Sahel;Urbain;Non;32;25-34 ans;Aucun;2;Non;Musulmane;1;Oui;18,7;20,0;0;1,4195;0,75
F04701022;Ilboudo;Rasmata;+226 00 00 20 91;G047;Sahel;Urbain;Non;16;15-24 ans;Secondaire ou plus;4;Oui;Musulmane;0;Oui;17,2;1,38;1;1,494;0,75
F04701023;Sawadogo;Fatimata;+226 00 00 11 64;G047;Sahel;Urbain;Non;47;35-49 ans;Primaire;4;Oui;Catholique;6;Oui;19,2;3,2;1;0,9607;0,75
F04701024;Kaboré;Odile;+226 00 00 27 41;G047;Sahel;Urbain;Non;26;25-34 ans;Aucun;5;Oui;Catholique;2;Non;20,9;14,0;0;1,3177;0,75
F04701025;Ouédraogo;Fatimata;+226 00 00 72 18;G047;Sahel;Urbain;Non;28;25-34 ans;Aucun;4;Oui;Musulmane;3;Oui;24,8;14,17;1;0,7737;0,75
F04701026;Sawadogo;Fatimata;+226 00 00 10 28;G047;Sahel;Urbain;Non;41;35-49 ans;Secondaire ou plus;4;Oui;Traditionnelle;0;Oui;17,8;17,44;1;0,9274;0,75
F04701027;Bado;Adjara;+226 00 00 74 45;G047;Sahel;Urbain;Non;36;35-49 ans;Primaire;4;Oui;Catholique;7;Oui;21,6;19,56;1;1,1194;0,75
F04701028;Traoré;Rasmata;+226 00 00 78 52;G047;Sahel;Urbain;Non;35;35-49 ans;Primaire;4;Non;Protestante;5;Oui;23,6;0,05;1;1,3604;0,75
F04701029;Zongo;Salimata;+226 00 00 72 63;G047;Sahel;Urbain;Non;40;35-49 ans;Primaire;2;Oui;Catholique;7;Oui;18,4;15,56;1;1,164;0,75
F04701030;Kaboré;Fatimata;+226 00 00 63 61;G047;Sahel;Urbain;Non;49;35-49 ans;Primaire;4;Non;Protestante;8;Oui;17,9;2,19;1;1,5177;0,75
F04801031;Kinda;Salimata;+226 00 00 45 16;G048;Centre;Urbain;Non;47;35-49 ans;Aucun;3;Non;Musulmane;8;Non;22,5;6,65;1;0,7376;0,75
F04801032;Ouédraogo;Fatimata;+226 00 00 12 25;G048;Centre;Urbain;Non;36;35-49 ans;Primaire;5;Non;Musulmane;3;Non;25,8;11,09;1;1,102;0,75
F04801033;Ilboudo;Mariam;+226 00 00 41 40;G048;Centre;Urbain;Non;16;15-24 ans;Secondaire ou plus;3;Non;Musulmane;0;Oui;23,5;4,0;0;1,4419;0,75
F04801034;Zongo;Fatimata;+226 00 00 77 80;G048;Centre;Urbain;Non;20;15-24 ans;Primaire;3;Oui;Catholique;0;Oui;27,3;8,0;0;1,3655;0,75
F04801035;Ilboudo;Fatimata;+226 00 00 60 85;G048;Centre;Urbain;Non;19;15-24 ans;Primaire;4;Oui;Musulmane;0;Oui;26,0;0,31;1;0,7304;0,75
F04801036;Sawadogo;Awa;+226 00 00 97 23;G048;Centre;Urbain;Non;41;35-49 ans;Secondaire ou plus;3;Oui;Catholique;1;Oui;23,8;7,42;1;1,0168;0,75
F04801037;Compaoré;Awa;+226 00 00 33 59;G048;Centre;Urbain;Non;32;25-34 ans;Aucun;4;Non;Musulmane;2;Oui;21,3;2,11;1;1,3075;0,75
F04801038;Traoré;Rasmata;+226 00 00 58 91;G048;Centre;Urbain;Non;29;25-34 ans;Secondaire ou plus;3;Oui;Musulmane;2;Non;21,7;17,0;0;0,9914;0,75
F04801039;Kaboré;Salimata;+226 00 00 91 54;G048;Centre;Urbain;Non;22;15-24 ans;Primaire;2;Oui;Musulmane;1;Non;23,1;2,25;1;1,2329;0,75
F04801040;Ilboudo;Salimata;+226 00 00 49 98;G048;Centre;Urbain;Non;16;15-24 ans;Secondaire ou plus;3;Oui;Musulmane;0;Oui;20,2;4,0;0;0,8861;0,75
F04801041;Kaboré;Salimata;+226 00 00 45 21;G048;Centre;Urbain;Non;48;35-49 ans;Aucun;5;Oui;Protestante;6;Non;19,8;10,7;1;1,128;0,75
F04801042;Kaboré;Fatimata;+226 00 00 90 16;G048;Centre;Urbain;Non;30;25-34 ans;Primaire;5;Oui;Catholique;3;Oui;22,0;0,35;1;1,4186;0,75
F04901043;Bado;Rasmata;+226 00 00 38 49;G049;Hauts-Bassins;Urbain;Oui;42;35-49 ans;Aucun;4;Oui;Catholique;3;Oui;23,1;16,79;1;0,9981;0,69
F04901044;Yaméogo;Awa;+226 00 00 40 73;G049;Hauts-Bassins;Urbain;Oui;28;25-34 ans;Primaire;4;Oui;Musulmane;3;Non;21,3;16,0;0;1,2552;0,69
F04901045;Traoré;Salimata;+226 00 00 52 62;G049;Hauts-Bassins;Urbain;Oui;39;35-49 ans;Aucun;3;Oui;Musulmane;3;Oui;23,5;3,6;1;1,2047;0,69
F04901046;Kinda;Mariam;+226 00 00 21 59;G049;Hauts-Bassins;Urbain;Oui;33;25-34 ans;Secondaire ou plus;4;Oui;Protestante;4;Oui;;21,0;0;0,8472;0,69
F04901047;Traoré;Salimata;+226 00 00 12 27;G049;Hauts-Bassins;Urbain;Oui;23;15-24 ans;Primaire;4;;Catholique;0;Non;23,3;11,0;0;0,7101;0,69
F04901048;Traoré;Bintou;+226 00 00 66 95;G049;Hauts-Bassins;Urbain;Oui;15;15-24 ans;Primaire;3;Oui;Catholique;0;Non;21,7;3,0;0;1,1697;0,69
F04901049;Bado;Odile;+226 00 00 94 19;G049;Hauts-Bassins;Urbain;Oui;20;15-24 ans;Primaire;2;Oui;Musulmane;2;Non;18,7;4,96;1;1,3503;0,69
F04901050;Ilboudo;Aminata;+226 00 00 32 27;G049;Hauts-Bassins;Urbain;Oui;29;25-34 ans;Secondaire ou plus;3;Oui;Musulmane;2;Oui;18,0;17,0;0;1,5021;0,69
F04901051;Sawadogo;Mariam;+226 00 00 82 86;G049;Hauts-Bassins;Urbain;Oui;29;25-34 ans;Secondaire ou plus;4;Non;Musulmane;6;Oui;16,8;17,0;0;1,225;0,69
F04901052;Sawadogo;Adjara;+226 00 00 91 29;G049;Hauts-Bassins;Urbain;Oui;16;15-24 ans;Aucun;4;Non;Musulmane;0;Oui;20,8;0,17;1;1,1132;0,69
F04901053;Kaboré;Clarisse;+226 00 00 58 51;G049;Hauts-Bassins;Urbain;Oui;31;25-34 ans;Aucun;5;Oui;Musulmane;6;Oui;24,2;4,54;1;0,6874;0,69
F04901054;Zongo;Mariam;+226 00 00 29 29;G049;Hauts-Bassins;Urbain;Oui;28;25-34 ans;Secondaire ou plus;4;Oui;Musulmane;0;Oui;22,1;8,31;1;1,4186;0,69
F04901055;Sawadogo;Mariam;+226 00 00 74 59;G049;Hauts-Bassins;Urbain;Oui;47;35-49 ans;Aucun;5;Oui;Musulmane;7;Non;22,9;0,68;1;0,9419;0,69
F04901056;Ilboudo;Adjara;+226 00 00 27 12;G049;Hauts-Bassins;Urbain;Oui;15;15-24 ans;Primaire;3;Oui;Musulmane;0;Oui;;3,0;0;0,7596;0,69
F04901057;Compaoré;Mariam;+226 00 00 50 12;G049;Hauts-Bassins;Urbain;Oui;17;15-24 ans;Aucun;3;Non;Protestante;0;Non;21,5;5,0;0;1,0913;0,69
F04901058;Ilboudo;Rasmata;+226 00 00 36 63;G049;Hauts-Bassins;Urbain;Oui;21;15-24 ans;Aucun;3;Oui;Musulmane;1;Oui;20,5;6,92;1;1,253;0,69
F04901059;Ouédraogo;Salimata;+226 00 00 16 32;G049;Hauts-Bassins;Urbain;Oui;35;35-49 ans;Primaire;3;Oui;Musulmane;2;Non;19,9;10,75;1;0,8402;0,69
F04901060;Ilboudo;Adjara;+226 00 00 84 72;G049;Hauts-Bassins;Urbain;Oui;35;35-49 ans;Primaire;3;Oui;Musulmane;7;Oui;23,5;1,35;1;1,2195;0,69
F04901061;Yaméogo;Fatimata;+226 00 00 57 45;G049;Hauts-Bassins;Urbain;Oui;15;15-24 ans;Primaire;2;Oui;Musulmane;0;Oui;13,4;3,0;0;1,0766;0,69
F04901062;Compaoré;Mariam;+226 00 00 84 56;G049;Hauts-Bassins;Urbain;Oui;42;35-49 ans;Primaire;4;Oui;Musulmane;6;Oui;22,3;12,13;1;1,2157;0,69
F04901063;Kinda;Rasmata;+226 00 00 55 32;G049;Hauts-Bassins;Urbain;Oui;16;15-24 ans;Secondaire ou plus;3;Oui;Catholique;0;Non;18,2;4,0;0;0,6356;0,69
F04901064;Yaméogo;Rasmata;+226 00 00 32 38;G049;Hauts-Bassins;Urbain;Oui;20;15-24 ans;Primaire;4;Oui;Protestante;1;Non;22,1;8,0;0;1,1687;0,69
F04901065;Yaméogo;Rasmata;+226 00 00 63 60;G049;Hauts-Bassins;Urbain;Oui;16;15-24 ans;Aucun;5;Oui;Musulmane;0;Non;20,6;4,0;0;1,117;0,69
F04901066;Traoré;Salimata;+226 00 00 57 64;G049;Hauts-Bassins;Urbain;Oui;33;25-34 ans;Secondaire ou plus;4;Oui;Catholique;2;Oui;24,7;21,0;0;0,9543;0,69
F04901067;Compaoré;Mariam;+226 00 00 26 30;G049;Hauts-Bassins;Urbain;Oui;46;35-49 ans;Primaire;4;Oui;Catholique;5;Non;21,7;17,32;1;1,2846;0,69
F04901068;Sawadogo;Awa;+226 00 00 54 60;G049;Hauts-Bassins;Urbain;Oui;23;15-24 ans;Primaire;4;Oui;Musulmane;1;Non;20,7;3,09;1;0,6124;0,69
F04901069;Kaboré;Bintou;+226 00 00 35 50;G049;Hauts-Bassins;Urbain;Oui;22;15-24 ans;Aucun;2;Oui;Musulmane;1;Oui;13,0;8,61;1;1,526;0,69
F04901070;Yaméogo;Salimata;+226 00 00 58 78;G049;Hauts-Bassins;Urbain;Oui;34;25-34 ans;Primaire;5;Non;Traditionnelle;2;Non;20,4;20,69;1;1,4579;0,69
F04901071;Kaboré;Rasmata;+226 00 00 40 98;G049;Hauts-Bassins;Urbain;Oui;34;25-34 ans;Secondaire ou plus;3;Oui;Traditionnelle;4;Oui;18,3;22,0;0;1,0193;0,69
F05001072;Traoré;Odile;+226 00 00 57 85;G050;Nord;Urbain;Oui;19;15-24 ans;Aucun;4;Non;Musulmane;0;Non;19,1;7,0;0;0,9533;0,611
F05001073;Ilboudo;Mariam;+226 00 00 67 53;G050;Nord;Urbain;Oui;21;15-24 ans;Primaire;4;Oui;Musulmane;0;Oui;16,1;9,0;0;0,9626;0,611
F05001074;Kaboré;Rasmata;+226 00 00 78 92;G050;Nord;Urbain;Oui;35;35-49 ans;Secondaire ou plus;3;Oui;Protestante;3;Non;25,8;3,07;1;0,7157;0,611
F05001075;Traoré;Adjara;+226 00 00 64 63;G050;Nord;Urbain;Oui;37;35-49 ans;Primaire;4;Non;Protestante;7;Oui;24,4;4,68;1;0,7667;0,611
F05001076;Compaoré;Fatimata;+226 00 00 61 72;G050;Nord;Urbain;Oui;29;25-34 ans;Aucun;3;Oui;Musulmane;7;Non;24,0;4,56;1;1,3929;0,611
F05001077;Traoré;Odile;+226 00 00 62 43;G050;Nord;Urbain;Oui;17;15-24 ans;Secondaire ou plus;2;Oui;Musulmane;0;Non;;5,0;0;1,0506;0,611
F05001078;Traoré;Bintou;+226 00 00 83 92;G050;Nord;Urbain;Oui;28;25-34 ans;Aucun;3;Non;Protestante;4;Non;19,3;8,12;1;1,3992;0,611
F05001079;Bado;Aminata;+226 00 00 64 81;G050;Nord;Urbain;Oui;36;35-49 ans;Secondaire ou plus;4;Oui;Musulmane;3;Non;22,9;24,0;0;0,8086;0,611
F05001080;Compaoré;Rasmata;+226 00 00 85 50;G050;Nord;Urbain;Oui;28;25-34 ans;Secondaire ou plus;4;Oui;Catholique;4;Oui;22,8;0,94;1;1,1255;0,611
F05001081;Ouédraogo;Odile;+226 00 00 59 12;G050;Nord;Urbain;Oui;28;25-34 ans;Aucun;5;Non;Musulmane;1;Oui;24,7;11,26;1;1,0444;0,611
F05001082;Sawadogo;Aminata;+226 00 00 34 78;G050;Nord;Urbain;Oui;35;35-49 ans;Primaire;4;Oui;Musulmane;5;Oui;;2,49;1;0,6971;0,611
F05001083;Ouédraogo;Rasmata;+226 00 00 81 13;G050;Nord;Urbain;Oui;34;25-34 ans;Aucun;4;Oui;Musulmane;3;Non;21,8;7,75;1;1,3196;0,611
F05001084;Traoré;Fatimata;+226 00 00 45 62;G050;Nord;Urbain;Oui;25;25-34 ans;Aucun;5;Non;Musulmane;1;Non;22,1;4,02;1;1,1621;0,611
F05001085;Bado;Adjara;+226 00 00 72 90;G050;Nord;Urbain;Oui;32;25-34 ans;Secondaire ou plus;1;Oui;Musulmane;4;Non;22,3;10,31;1;1,2191;0,611
F05001086;Yaméogo;Clarisse;+226 00 00 13 49;G050;Nord;Urbain;Oui;15;15-24 ans;Secondaire ou plus;4;Oui;Musulmane;0;Oui;24,1;3,0;0;0,8615;0,611
F05001087;Ouédraogo;Awa;+226 00 00 85 80;G050;Nord;Urbain;Oui;30;25-34 ans;Primaire;5;Oui;Musulmane;1;Oui;;0,48;1;1,2397;0,611
F05001088;Bado;Aminata;+226 00 00 16 68;G050;Nord;Urbain;Oui;28;25-34 ans;Primaire;4;Oui;Musulmane;1;Non;24,7;12,75;1;1,1908;0,611
F05001089;Bado;Odile;+226 00 00 37 33;G050;Nord;Urbain;Oui;17;15-24 ans;Aucun;3;Oui;Musulmane;0;Oui;20,6;5,0;0;1,0763;0,611
F05101090;Bado;Odile;+226 00 00 31 97;G051;Est;Rural;Oui;43;35-49 ans;Aucun;3;Non;Musulmane;10;Non;16,7;1,63;1;0,9536;0,364
F05101091;Ouédraogo;Mariam;+226 00 00 91 94;G051;Est;Rural;Oui;21;15-24 ans;Aucun;2;Non;Musulmane;1;Non;19,5;8,57;1;1,5227;0,364
F05101092;Kinda;Clarisse;+226 00 00 46 22;G051;Est;Rural;Oui;33;25-34 ans;Aucun;5;Non;Catholique;2;Oui;17,4;10,37;1;0,8179;0,364
F05101093;Kaboré;Fatimata;+226 00 00 49 49;G051;Est;Rural;Oui;46;35-49 ans;Aucun;4;Oui;Catholique;5;Non;22,4;17,78;1;1,4748;0,364
F05101094;Yaméogo;Salimata;+226 00 00 70 15;G051;Est;Rural;Oui;26;25-34 ans;Secondaire ou plus;2;Non;Musulmane;2;Oui;23,6;14,0;0;0,6262;0,364
F05101095;Kinda;Clarisse;+226 00 00 36 36;G051;Est;Rural;Oui;31;25-34 ans;Primaire;2;Non;Musulmane;2;Non;22,8;0,41;1;0,7297;0,364
F05101096;Zongo;Bintou;+226 00 00 79 67;G051;Est;Rural;Oui;29;25-34 ans;Aucun;2;Oui;Musulmane;5;Non;18,4;0,47;1;0,6766;0,364
F05101097;Kaboré;Aminata;+226 00 00 65 40;G051;Est;Rural;Oui;24;15-24 ans;Aucun;4;Oui;Catholique;2;Non;19,5;12,0;0;1,5465;0,364
F05101098;Ilboudo;Rasmata;+226 00 00 30 75;G051;Est;Rural;Oui;29;25-34 ans;Primaire;1;Oui;Musulmane;2;Oui;18,5;6,73;1;1,0381;0,364
F05101099;Ilboudo;Clarisse;+226 00 00 96 62;G051;Est;Rural;Oui;25;25-34 ans;Aucun;3;;Musulmane;1;Non;21,9;10,96;1;1,1701;0,364
F05101100;Bado;Salimata;+226 00 00 73 21;G051;Est;Rural;Oui;29;25-34 ans;Aucun;2;Non;Musulmane;1;Non;17,4;4,47;1;0,7108;0,364
F05101101;Kinda;Bintou;+226 00 00 91 71;G051;Est;Rural;Oui;24;15-24 ans;Aucun;2;Oui;Musulmane;3;Non;20,0;12,0;0;1,4179;0,364
F05101102;Yaméogo;Bintou;+226 00 00 40 35;G051;Est;Rural;Oui;46;35-49 ans;Aucun;1;Oui;Traditionnelle;5;Non;18,0;16,57;1;0,6613;0,364
F05101103;Kinda;Awa;+226 00 00 57 12;G051;Est;Rural;Oui;18;15-24 ans;Primaire;3;Non;Protestante;0;Oui;18,3;6,0;0;0,7365;0,364
F05101104;Compaoré;Awa;+226 00 00 12 64;G051;Est;Rural;Oui;41;35-49 ans;Secondaire ou plus;5;Oui;Musulmane;3;Oui;28,9;6,94;1;0,6774;0,364
F05101105;Sawadogo;Mariam;+226 00 00 41 29;G051;Est;Rural;Oui;18;15-24 ans;Aucun;3;Oui;Musulmane;0;Non;19,6;6,0;0;1,1464;0,364
F05101106;Compaoré;Bintou;+226 00 00 66 66;G051;Est;Rural;Oui;20;15-24 ans;Secondaire ou plus;1;Non;Traditionnelle;1;Non;20,2;0,58;1;1,3833;0,364
F05101107;Bado;Awa;+226 00 00 62 56;G051;Est;Rural;Oui;49;35-49 ans;Aucun;1;Oui;Traditionnelle;4;Non;20,5;16,98;1;1,3475;0,364
F05101108;Ilboudo;Adjara;+226 00 00 12 23;G051;Est;Rural;Oui;25;25-34 ans;Aucun;1;Non;Catholique;2;Non;15,6;5,47;1;0,7065;0,364
F05101109;Ilboudo;Mariam;+226 00 00 43 28;G051;Est;Rural;Oui;24;15-24 ans;Primaire;3;Non;Musulmane;3;Oui;18,4;10,36;1;0,6961;0,364
F05101110;Sawadogo;Odile;+226 00 00 19 62;G051;Est;Rural;Oui;19;15-24 ans;Aucun;4;Non;Musulmane;1;Non;22,0;7,0;0;0,8675;0,364
F05101111;Yaméogo;Fatimata;+226 00 00 11 20;G051;Est;Rural;Oui;21;15-24 ans;Primaire;1;Oui;Musulmane;2;Non;16,2;2,42;1;0,8596;0,364
F05201112;Kinda;Adjara;+226 00 00 50 71;G052;Boucle du Mouhoun;Rural;Non;22;15-24 ans;Secondaire ou plus;3;Oui;Catholique;0;Non;21,1;10,0;0;1,2524;0,308
F05201113;Kinda;Clarisse;+226 00 00 35 97;G052;Boucle du Mouhoun;Rural;Non;23;15-24 ans;Aucun;3;Non;Musulmane;2;Non;18,1;11,0;0;0,9034;0,308
F05201114;Kinda;Mariam;+226 00 00 27 27;G052;Boucle du Mouhoun;Rural;Non;30;25-34 ans;Secondaire ou plus;2;Oui;Traditionnelle;3;Non;23,0;8,9;1;1,1617;0,308
F05201115;Kaboré;Rasmata;+226 00 00 65 19;G052;Boucle du Mouhoun;Rural;Non;30;25-34 ans;Aucun;1;Oui;Catholique;0;Non;20,3;18,0;0;0,8246;0,308
F05201116;Bado;Salimata;+226 00 00 12 59;G052;Boucle du Mouhoun;Rural;Non;28;25-34 ans;Aucun;3;Non;Musulmane;2;Non;23,3;2,59;1;1,4601;0,308
F05201117;Ilboudo;Mariam;+226 00 00 19 10;G052;Boucle du Mouhoun;Rural;Non;18;15-24 ans;Primaire;3;Oui;Protestante;0;Non;22,6;3,46;1;1,2402;0,308
F05201118;Compaoré;Rasmata;+226 00 00 54 55;G052;Boucle du Mouhoun;Rural;Non;44;35-49 ans;Aucun;2;Non;Musulmane;5;Non;23,1;3,65;1;1,5915;0,308
F05201119;Sawadogo;Fatimata;+226 00 00 35 14;G052;Boucle du Mouhoun;Rural;Non;44;35-49 ans;Primaire;1;Oui;Catholique;3;Non;21,4;10,79;1;1,1374;0,308
F05201120;Kaboré;Salimata;+226 00 00 41 49;G052;Boucle du Mouhoun;Rural;Non;45;35-49 ans;Primaire;3;Oui;Musulmane;8;Non;16,9;2,53;1;1,0868;0,308
F05201121;Bado;Salimata;+226 00 00 20 63;G052;Boucle du Mouhoun;Rural;Non;35;35-49 ans;Aucun;1;Non;Catholique;3;Non;18,3;7,22;1;1,0956;0,308
F05201122;Kinda;Clarisse;+226 00 00 94 11;G052;Boucle du Mouhoun;Rural;Non;38;35-49 ans;Aucun;2;Non;Musulmane;3;Non;22,4;17,34;1;0,6184;0,308
F05201123;Ouédraogo;Mariam;+226 00 00 75 36;G052;Boucle du Mouhoun;Rural;Non;45;35-49 ans;Aucun;2;Non;Traditionnelle;6;Oui;15,6;0,0;1;1,1861;0,308
F05201124;Yaméogo;Rasmata;+226 00 00 27 93;G052;Boucle du Mouhoun;Rural;Non;17;15-24 ans;Aucun;2;Oui;Musulmane;0;Non;18,5;5,0;0;1,5964;0,308
F05201125;Sawadogo;Mariam;+226 00 00 50 48;G052;Boucle du Mouhoun;Rural;Non;33;25-34 ans;Aucun;2;Non;Musulmane;4;Non;21,8;20,03;1;0,9242;0,308
F05201126;Sawadogo;Adjara;+226 00 00 20 41;G052;Boucle du Mouhoun;Rural;Non;20;15-24 ans;Aucun;2;Non;Musulmane;1;Non;20,8;8,0;0;0,7224;0,308
F05201127;Yaméogo;Adjara;+226 00 00 79 35;G052;Boucle du Mouhoun;Rural;Non;37;35-49 ans;Aucun;3;Non;Musulmane;6;Non;22,4;10,49;1;1,143;0,308
F05201128;Kaboré;Clarisse;+226 00 00 82 66;G052;Boucle du Mouhoun;Rural;Non;16;15-24 ans;Aucun;1;Non;Musulmane;0;Non;19,8;4,0;0;1,1278;0,308
F05201129;Traoré;Awa;+226 00 00 94 49;G052;Boucle du Mouhoun;Rural;Non;46;35-49 ans;Secondaire ou plus;3;Non;Protestante;4;Non;22,6;5,9;1;0,8685;0,308
F05201130;Ouédraogo;Awa;+226 00 00 12 72;G052;Boucle du Mouhoun;Rural;Non;32;25-34 ans;Aucun;1;Non;Protestante;3;Non;19,2;0,7;1;1,1583;0,308
F05201131;Ilboudo;Aminata;+226 00 00 91 39;G052;Boucle du Mouhoun;Rural;Non;20;15-24 ans;Aucun;2;Non;Traditionnelle;1;Non;21,5;5,76;1;0,8288;0,308
F05201132;Yaméogo;Adjara;+226 00 00 84 37;G052;Boucle du Mouhoun;Rural;Non;35;35-49 ans;Secondaire ou plus;3;Oui;Protestante;5;Non;19,6;23,0;0;0,9402;0,308
F05201133;Bado;Fatimata;+226 00 00 68 19;G052;Boucle du Mouhoun;Rural;Non;49;35-49 ans;Aucun;4;Non;Musulmane;8;Non;21,9;3,07;1;1,485;0,308
F05201134;Compaoré;Odile;+226 00 00 74 94;G052;Boucle du Mouhoun;Rural;Non;17;15-24 ans;Secondaire ou plus;2;Non;Musulmane;0;Non;19,8;5,0;0;1,2538;0,308
F05201135;Ilboudo;Rasmata;+226 00 00 39 51;G052;Boucle du Mouhoun;Rural;Non;36;35-49 ans;Aucun;2;Non;Musulmane;13;Non;27,2;8,61;1;1,3297;0,308
F05201136;Ilboudo;Awa;+226 00 00 70 25;G052;Boucle du Mouhoun;Rural;Non;25;25-34 ans;Aucun;2;Oui;Protestante;1;Non;22,5;6,64;1;1,2568;0,308
F05201137;Kaboré;Mariam;+226 00 00 80 57;G052;Boucle du Mouhoun;Rural;Non;37;35-49 ans;Aucun;1;Non;Musulmane;4;Non;21,9;4,5;1;1,5156;0,308
F05301138;Ilboudo;Aminata;+226 00 00 73 66;G053;Sahel;Rural;Oui;20;15-24 ans;Primaire;4;Oui;Musulmane;0;Non;19,6;8,0;0;0,7458;0,464
F05301139;Compaoré;Odile;+226 00 00 61 35;G053;Sahel;Rural;Oui;24;15-24 ans;Primaire;3;Oui;Catholique;0;Non;26,3;8,35;1;1,1866;0,464
F05301140;Bado;Adjara;+226 00 00 96 55;G053;Sahel;Rural;Oui;40;35-49 ans;Aucun;2;Oui;Musulmane;7;Non;25,8;7,4;1;0,8061;0,464
F05301141;Kaboré;Rasmata;+226 00 00 31 60;G053;Sahel;Rural;Oui;43;35-49 ans;Secondaire ou plus;3;Non;Musulmane;1;Non;21,2;31,0;0;1,0408;0,464
F05301142;Kaboré;Salimata;+226 00 00 81 39;G053;Sahel;Rural;Oui;41;35-49 ans;Primaire;1;Non;Musulmane;7;Non;25,1;14,13;1;0,7508;0,464
F05301143;Kinda;Fatimata;+226 00 00 54 21;G053;Sahel;Rural;Oui;25;25-34 ans;Primaire;3;Non;Catholique;4;Non;28,6;9,93;1;1,3361;0,464
F05301144;Compaoré;Mariam;+226 00 00 62 57;G053;Sahel;Rural;Oui;38;35-49 ans;Aucun;2;Non;Musulmane;3;Non;25,9;3,8;1;1,3476;0,464
F05301145;Zongo;Salimata;+226 00 00 60 61;G053;Sahel;Rural;Oui;29;25-34 ans;Aucun;3;Non;Musulmane;3;Non;24,4;0,99;1;0,7546;0,464
F05301146;Kaboré;Mariam;+226 00 00 57 73;G053;Sahel;Rural;Oui;32;25-34 ans;Primaire;2;Non;Musulmane;4;Non;23,8;0,1;1;0,9518;0,464
F05301147;Traoré;Aminata;+226 00 00 14 49;G053;Sahel;Rural;Oui;27;25-34 ans;Aucun;3;Non;Catholique;0;Non;23,0;0,34;1;1,4352;0,464
F05301148;Ilboudo;Odile;+226 00 00 82 24;G053;Sahel;Rural;Oui;30;25-34 ans;Aucun;1;Non;Catholique;2;Non;22,2;4,64;1;0,9227;0,464
F05301149;Zongo;Salimata;+226 00 00 15 44;G053;Sahel;Rural;Oui;29;25-34 ans;Aucun;4;Oui;Protestante;3;Non;23,4;0,54;1;1,0511;0,464
F05301150;Ouédraogo;Odile;+226 00 00 17 51;G053;Sahel;Rural;Oui;17;15-24 ans;Secondaire ou plus;4;Oui;Musulmane;0;Non;26,7;5,0;0;0,9629;0,464
F05301151;Ilboudo;Salimata;+226 00 00 46 77;G053;Sahel;Rural;Oui;34;25-34 ans;Aucun;3;Non;Musulmane;2;Non;23,9;7,17;1;1,4961;0,464
F05301152;Kinda;Adjara;+226 00 00 74 52;G053;Sahel;Rural;Oui;21;15-24 ans;Secondaire ou plus;2;Non;Musulmane;0;Non;23,4;9,0;0;1,1806;0,464
F05301153;Yaméogo;Mariam;+226 00 00 29 26;G053;Sahel;Rural;Oui;39;35-49 ans;Primaire;1;Oui;Musulmane;7;Non;;27,0;0;0,8215;0,464
F05301154;Compaoré;Bintou;+226 00 00 70 69;G053;Sahel;Rural;Oui;16;15-24 ans;Primaire;2;Non;Traditionnelle;0;Non;22,7;1,49;1;1,386;0,464
F05301155;Zongo;Bintou;+226 00 00 44 43;G053;Sahel;Rural;Oui;40;35-49 ans;Aucun;3;Non;Catholique;5;Non;23,6;0,28;1;1,3945;0,464
F05301156;Sawadogo;Rasmata;+226 00 00 27 11;G053;Sahel;Rural;Oui;19;15-24 ans;Aucun;4;Oui;Musulmane;0;Oui;23,6;2,1;1;0,7869;0,464
F05301157;Traoré;Adjara;+226 00 00 47 42;G053;Sahel;Rural;Oui;49;35-49 ans;Aucun;2;Non;Musulmane;8;Non;22,5;0,05;1;1,2604;0,464
F05301158;Kinda;Mariam;+226 00 00 57 34;G053;Sahel;Rural;Oui;23;15-24 ans;Primaire;2;Oui;Musulmane;3;Non;25,5;8,08;1;1,5442;0,464
F05301159;Traoré;Odile;+226 00 00 94 30;G053;Sahel;Rural;Oui;32;25-34 ans;Aucun;2;Non;Musulmane;3;Non;23,2;2,85;1;0,8679;0,464
F05301160;Ilboudo;Adjara;+226 00 00 25 85;G053;Sahel;Rural;Oui;35;35-49 ans;Aucun;2;Non;Musulmane;4;Non;22,2;4,75;1;1,1987;0,464
F05301161;Kaboré;Bintou;+226 00 00 32 67;G053;Sahel;Rural;Oui;41;35-49 ans;Secondaire ou plus;1;Oui;Musulmane;5;Oui;23,6;8,68;1;1,2647;0,464
F05301162;Kaboré;Bintou;+226 00 00 14 41;G053;Sahel;Rural;Oui;39;35-49 ans;Aucun;2;Non;Musulmane;5;Non;25,7;4,35;1;0,8573;0,464
F05301163;Compaoré;Bintou;+226 00 00 32 64;G053;Sahel;Rural;Oui;40;35-49 ans;Secondaire ou plus;2;Non;Musulmane;2;Non;23,9;10,34;1;0,9345;0,464
F05301164;Zongo;Odile;+226 00 00 65 22;G053;Sahel;Rural;Oui;28;25-34 ans;Aucun;1;Non;Protestante;5;Non;21,4;3,86;1;1,0196;0,464
F05301165;Bado;Clarisse;+226 00 00 18 11;G053;Sahel;Rural;Oui;35;35-49 ans;Aucun;1;Oui;Traditionnelle;4;Non;25,7;0,84;1;0,9127;0,464
F05401166;Yaméogo;Awa;+226 00 00 30 48;G054;Centre;Urbain;Oui;47;35-49 ans;Primaire;4;Oui;Musulmane;7;Non;24,4;4,3;1;1,5327;0,688
F05401167;Bado;Adjara;+226 00 00 53 89;G054;Centre;Urbain;Oui;49;35-49 ans;Secondaire ou plus;5;Oui;Traditionnelle;4;Oui;27,7;13,04;1;0,9493;0,688
F05401168;Zongo;Odile;+226 00 00 21 37;G054;Centre;Urbain;Oui;33;25-34 ans;Aucun;3;Non;Musulmane;6;Oui;22,1;3,35;1;0,9633;0,688
F05401169;Compaoré;Fatimata;+226 00 00 19 32;G054;Centre;Urbain;Oui;31;25-34 ans;Aucun;4;Oui;Musulmane;1;Non;19,6;19,0;0;0,7137;0,688
F05401170;Kinda;Fatimata;+226 00 00 72 93;G054;Centre;Urbain;Oui;21;15-24 ans;Aucun;3;Non;Catholique;1;Non;18,4;9,0;0;0,7698;0,688
F05401171;Ouédraogo;Mariam;+226 00 00 52 42;G054;Centre;Urbain;Oui;44;35-49 ans;Primaire;3;Non;Catholique;9;Non;18,3;32,0;0;1,0458;0,688
F05401172;Ilboudo;Clarisse;+226 00 00 90 14;G054;Centre;Urbain;Oui;37;35-49 ans;Primaire;3;Oui;Musulmane;4;Oui;18,8;1,09;1;1,5915;0,688
F05401173;Compaoré;Odile;+226 00 00 11 22;G054;Centre;Urbain;Oui;25;25-34 ans;Secondaire ou plus;3;Oui;Musulmane;1;Oui;20,2;13,0;0;1,2595;0,688
F05401174;Sawadogo;Adjara;+226 00 00 75 78;G054;Centre;Urbain;Oui;24;15-24 ans;Aucun;5;Oui;Musulmane;4;Oui;21,8;10,18;1;1,551;0,688
F05401175;Sawadogo;Odile;+226 00 00 56 23;G054;Centre;Urbain;Oui;19;15-24 ans;Aucun;2;Oui;Catholique;0;Non;25,1;3,26;1;1,3787;0,688
F05401176;Compaoré;Odile;+226 00 00 84 39;G054;Centre;Urbain;Oui;32;25-34 ans;Secondaire ou plus;5;Oui;Musulmane;2;Oui;19,8;6,94;1;1,2906;0,688
F05401177;Sawadogo;Clarisse;+226 00 00 59 17;G054;Centre;Urbain;Oui;24;15-24 ans;Primaire;3;Oui;Catholique;1;Oui;25,5;0,51;1;0,8471;0,688
F05401178;Compaoré;Awa;+226 00 00 33 78;G054;Centre;Urbain;Oui;16;15-24 ans;Secondaire ou plus;5;Non;Musulmane;0;Oui;19,9;0,89;1;1,567;0,688
F05401179;Sawadogo;Adjara;+226 00 00 74 82;G054;Centre;Urbain;Oui;23;15-24 ans;Primaire;2;Oui;Musulmane;0;Oui;21,9;11,0;0;0,7185;0,688
F05401180;Ouédraogo;Fatimata;+226 00 00 56 95;G054;Centre;Urbain;Oui;49;35-49 ans;Secondaire ou plus;4;Non;Musulmane;5;Oui;26,3;12,01;1;0,6141;0,688
F05401181;Kinda;Salimata;+226 00 00 17 22;G054;Centre;Urbain;Oui;46;35-49 ans;Primaire;4;Oui;Traditionnelle;5;Oui;20,7;5,86;1;0,844;0,688
F05501182;Kaboré;Salimata;+226 00 00 74 21;G055;Hauts-Bassins;Rural;Non;37;35-49 ans;Primaire;3;Oui;Protestante;3;Non;23,8;21,46;1;0,9662;0,136
F05501183;Traoré;Aminata;+226 00 00 22 15;G055;Hauts-Bassins;Rural;Non;49;35-49 ans;Aucun;2;Oui;Catholique;4;Non;25,8;18,54;1;1,12;0,136
F05501184;Ilboudo;Clarisse;+226 00 00 34 50;G055;Hauts-Bassins;Rural;Non;49;35-49 ans;Aucun;3;Non;Protestante;4;Non;20,1;19,66;1;0,8311;0,136
F05501185;Yaméogo;Salimata;+226 00 00 40 20;G055;Hauts-Bassins;Rural;Non;25;25-34 ans;Aucun;5;Non;Musulmane;1;Oui;20,9;0,68;1;1,0829;0,136
F05501186;Sawadogo;Aminata;+226 00 00 43 30;G055;Hauts-Bassins;Rural;Non;46;35-49 ans;Aucun;1;Non;Catholique;8;Non;22,9;13,57;1;0,8006;0,136
F05501187;Compaoré;Fatimata;+226 00 00 67 14;G055;Hauts-Bassins;Rural;Non;38;35-49 ans;Secondaire ou plus;3;Non;Musulmane;4;Oui;22,6;10,65;1;1,3835;0,136
F05501188;Kinda;Fatimata;+226 00 00 88 84;G055;Hauts-Bassins;Rural;Non;25;25-34 ans;Aucun;2;Non;Musulmane;0;Non;25,7;5,67;1;1,0817;0,136
F05501189;Compaoré;Clarisse;+226 00 00 26 81;G055;Hauts-Bassins;Rural;Non;24;15-24 ans;Aucun;3;Non;Musulmane;2;Non;20,8;1,73;1;1,135;0,136
F05501190;Yaméogo;Mariam;+226 00 00 43 35;G055;Hauts-Bassins;Rural;Non;41;35-49 ans;Aucun;4;Non;Catholique;7;Non;23,6;1,42;1;0,841;0,136
F05501191;Yaméogo;Mariam;+226 00 00 94 81;G055;Hauts-Bassins;Rural;Non;21;15-24 ans;Aucun;2;Non;Musulmane;3;Non;19,8;2,85;1;0,6278;0,136
F05501192;Sawadogo;Salimata;+226 00 00 73 48;G055;Hauts-Bassins;Rural;Non;38;35-49 ans;Aucun;2;Non;Catholique;8;Non;22,6;1,39;1;1,581;0,136
F05501193;Kaboré;Rasmata;+226 00 00 89 87;G055;Hauts-Bassins;Rural;Non;30;25-34 ans;Aucun;3;Non;Catholique;1;Oui;25,9;8,15;1;1,4852;0,136
F05501194;Kinda;Bintou;+226 00 00 41 41;G055;Hauts-Bassins;Rural;Non;25;25-34 ans;Aucun;3;Oui;Traditionnelle;1;Oui;19,3;6,81;1;0,6238;0,136
F05501195;Yaméogo;Fatimata;+226 00 00 32 95;G055;Hauts-Bassins;Rural;Non;31;25-34 ans;Aucun;5;Non;Catholique;1;Oui;24,9;5,84;1;0,9864;0,136
F05501196;Ouédraogo;Rasmata;+226 00 00 23 75;G055;Hauts-Bassins;Rural;Non;34;25-34 ans;Aucun;1;Non;Musulmane;1;Oui;28,4;5,69;1;1,5219;0,136
F05501197;Compaoré;Awa;+226 00 00 46 66;G055;Hauts-Bassins;Rural;Non;33;25-34 ans;Aucun;3;Non;Musulmane;3;Non;;17,27;1;1,1719;0,136
F05501198;Ilboudo;Bintou;+226 00 00 33 73;G055;Hauts-Bassins;Rural;Non;36;35-49 ans;Aucun;3;Non;Musulmane;5;Non;17,6;1,46;1;1,3516;0,136
F05501199;Kinda;Salimata;+226 00 00 19 54;G055;Hauts-Bassins;Rural;Non;21;15-24 ans;Primaire;2;Non;Musulmane;1;Non;24,3;1,63;1;1,0729;0,136
F05501200;Compaoré;Fatimata;+226 00 00 90 33;G055;Hauts-Bassins;Rural;Non;30;25-34 ans;Aucun;3;Non;Traditionnelle;2;Non;22,0;9,49;1;0,8821;0,136
F05501201;Yaméogo;Adjara;+226 00 00 66 91;G055;Hauts-Bassins;Rural;Non;30;25-34 ans;Aucun;2;Non;Musulmane;3;Non;21,9;3,67;1;0,9461;0,136
F05501202;Ouédraogo;Mariam;+226 00 00 92 92;G055;Hauts-Bassins;Rural;Non;18;15-24 ans;Aucun;3;Non;Protestante;1;Non;23,0;6,0;0;1,3267;0,136
F05501203;Yaméogo;Bintou;+226 00 00 77 37;G055;Hauts-Bassins;Rural;Non;33;25-34 ans;Aucun;1;Non;Musulmane;4;Non;18,5;0,81;1;1,2795;0,136
F05601204;Yaméogo;Adjara;+226 00 00 73 87;G056;Nord;Rural;Non;42;35-49 ans;Aucun;4;Non;Catholique;3;Non;28,1;2,92;1;1,0106;0,333
F05601205;Kaboré;Fatimata;+226 00 00 49 65;G056;Nord;Rural;Non;46;35-49 ans;Aucun;2;Oui;Protestante;6;Non;21,6;7,78;1;1,3585;0,333
F05601206;Yaméogo;Clarisse;+226 00 00 63 15;G056;Nord;Rural;Non;16;15-24 ans;Primaire;2;Oui;Catholique;0;Non;21,0;4,0;0;0,8024;0,333
F05601207;Zongo;Fatimata;+226 00 00 52 23;G056;Nord;Rural;Non;22;15-24 ans;Aucun;4;Oui;Protestante;0;Non;19,3;0,28;1;0,8954;0,333
F05601208;Sawadogo;Adjara;+226 00 00 89 60;G056;Nord;Rural;Non;28;25-34 ans;Aucun;2;Non;Musulmane;4;Oui;17,7;16,0;0;1,0427;0,333
F05601209;Kinda;Awa;+226 00 00 78 29;G056;Nord;Rural;Non;49;35-49 ans;Primaire;4;Non;Musulmane;13;Non;27,5;1,34;1;1,5523;0,333
F05601210;Zongo;Awa;+226 00 00 17 81;G056;Nord;Rural;Non;40;35-49 ans;Aucun;1;Non;Musulmane;6;Non;18,9;9,54;1;1,2867;0,333
F05601211;Sawadogo;Bintou;+226 00 00 54 86;G056;Nord;Rural;Non;33;25-34 ans;Aucun;4;Non;Catholique;3;Non;21,1;10,76;1;1,5848;0,333
F05601212;Ilboudo;Bintou;+226 00 00 22 39;G056;Nord;Rural;Non;43;35-49 ans;Aucun;3;Non;Catholique;2;Non;22,2;11,62;1;1,137;0,333
F05601213;Ilboudo;Mariam;+226 00 00 61 80;G056;Nord;Rural;Non;23;15-24 ans;Aucun;1;Oui;Musulmane;1;Non;19,6;0,42;1;1,239;0,333
F05601214;Zongo;Salimata;+226 00 00 58 26;G056;Nord;Rural;Non;16;15-24 ans;Aucun;3;Non;Musulmane;0;Non;23,6;4,0;0;0,6509;0,333
F05601215;Ilboudo;Odile;+226 00 00 67 10;G056;Nord;Rural;Non;29;25-34 ans;Aucun;5;Non;Protestante;5;Non;26,3;5,6;1;1,5647;0,333
F05601216;Bado;Aminata;+226 00 00 45 82;G056;Nord;Rural;Non;41;35-49 ans;Primaire;3;Non;Musulmane;4;Non;21,2;0,83;1;0,7553;0,333
F05601217;Ouédraogo;Rasmata;+226 00 00 26 46;G056;Nord;Rural;Non;41;35-49 ans;Aucun;3;Non;Catholique;7;Non;22,0;9,32;1;1,2522;0,333
F05601218;Traoré;Rasmata;+226 00 00 17 27;G056;Nord;Rural;Non;23;15-24 ans;Aucun;2;Non;Musulmane;0;Non;20,9;2,27;1;0,7047;0,333
F05601219;Sawadogo;Salimata;+226 00 00 59 80;G056;Nord;Rural;Non;25;25-34 ans;Primaire;2;Non;Musulmane;0;Non;21,4;3,23;1;0,6131;0,333
F05601220;Bado;Odile;+226 00 00 55 22;G056;Nord;Rural;Non;19;15-24 ans;Aucun;2;Oui;Protestante;0;Non;25,5;6,18;1;1,2518;0,333
F05601221;Ilboudo;Odile;+226 00 00 24 68;G056;Nord;Rural;Non;23;15-24 ans;Aucun;2;Non;Musulmane;1;Non;23,6;4,45;1;1,5117;0,333
F05601222;Zongo;Odile;+226 00 00 20 46;G056;Nord;Rural;Non;43;35-49 ans;Aucun;3;Non;Musulmane;5;Non;20,3;27,69;1;1,12;0,333
F05601223;Zongo;Clarisse;+226 00 00 48 92;G056;Nord;Rural;Non;35;35-49 ans;Aucun;1;Oui;Musulmane;2;Non;23,9;23,0;0;0,997;0,333
F05601224;Traoré;Aminata;+226 00 00 85 67;G056;Nord;Rural;Non;19;15-24 ans;Primaire;1;Oui;Musulmane;0;Non;17,1;4,78;1;0,8091;0,333
F05601225;Traoré;Awa;+226 00 00 95 46;G056;Nord;Rural;Non;40;35-49 ans;Aucun;2;Oui;Catholique;4;Non;24,3;14,94;1;1,0481;0,333
F05601226;Traoré;Clarisse;+226 00 00 19 89;G056;Nord;Rural;Non;39;35-49 ans;Secondaire ou plus;3;Oui;Musulmane;3;Non;25,6;6,59;1;1,2181;0,333
F05601227;Zongo;Odile;+226 00 00 50 83;G056;Nord;Rural;Non;19;15-24 ans;Primaire;2;Non;Musulmane;0;Oui;22,2;4,01;1;1,138;0,333
F05601228;Kaboré;Bintou;+226 00 00 30 33;G056;Nord;Rural;Non;18;15-24 ans;Aucun;4;Oui;Musulmane;0;Non;23,0;6,0;0;0,6884;0,333
F05601229;Zongo;Clarisse;+226 00 00 96 68;G056;Nord;Rural;Non;41;35-49 ans;Primaire;2;Non;Catholique;3;Oui;23,4;8,88;1;1,1042;0,333
F05601230;Yaméogo;Rasmata;+226 00 00 83 14;G056;Nord;Rural;Non;25;25-34 ans;Primaire;2;Non;Catholique;2;Non;20,5;9,14;1;0,661;0,333
F05701231;Compaoré;Rasmata;+226 00 00 94 34;G057;Est;Rural;Non;45;35-49 ans;Secondaire ou plus;3;Non;Traditionnelle;8;Oui;20,1;3,46;1;0,6039;0,4
F05701232;Kaboré;Clarisse;+226 00 00 80 25;G057;Est;Rural;Non;28;25-34 ans;Aucun;1;Oui;Musulmane;3;Oui;16,5;7,17;1;1,1959;0,4
F05701233;Ilboudo;Clarisse;+226 00 00 94 69;G057;Est;Rural;Non;35;35-49 ans;Secondaire ou plus;3;Oui;Protestante;2;Oui;19,4;23,0;0;0,8516;0,4
F05701234;Sawadogo;Salimata;+226 00 00 47 37;G057;Est;Rural;Non;33;25-34 ans;Primaire;3;Non;Catholique;4;Oui;20,1;3,85;1;1,4028;0,4
F05701235;Kaboré;Rasmata;+226 00 00 35 41;G057;Est;Rural;Non;28;25-34 ans;Aucun;4;Non;Traditionnelle;3;Oui;17,2;11,37;1;1,4751;0,4
F05701236;Traoré;Awa;+226 00 00 70 21;G057;Est;Rural;Non;33;25-34 ans;Aucun;3;Non;Musulmane;5;Oui;18,8;20,58;1;1,1691;0,4
F05701237;Compaoré;Mariam;+226 00 00 83 94;G057;Est;Rural;Non;29;25-34 ans;Aucun;2;Oui;Musulmane;0;Oui;23,5;3,23;1;1,2854;0,4
F05701238;Traoré;Aminata;+226 00 00 22 26;G057;Est;Rural;Non;45;35-49 ans;Aucun;2;Non;Musulmane;6;Oui;22,3;2,43;1;0,9434;0,4
F05701239;Ilboudo;Rasmata;+226 00 00 22 33;G057;Est;Rural;Non;20;15-24 ans;Aucun;3;Non;Traditionnelle;2;Oui;23,7;4,48;1;1,1639;0,4
F05701240;Sawadogo;Awa;+226 00 00 76 15;G057;Est;Rural;Non;16;15-24 ans;Secondaire ou plus;2;Non;Musulmane;0;Non;19,7;4,0;0;1,465;0,4
F05701241;Bado;Awa;+226 00 00 80 51;G057;Est;Rural;Non;39;35-49 ans;Aucun;2;Non;Musulmane;2;Non;19,9;27,0;0;1,2327;0,4
F05701242;Kaboré;Bintou;+226 00 00 77 36;G057;Est;Rural;Non;29;25-34 ans;Secondaire ou plus;1;Non;Musulmane;4;Oui;15,8;7,25;1;1,501;0,4
F05701243;Traoré;Adjara;+226 00 00 18 89;G057;Est;Rural;Non;29;25-34 ans;Primaire;1;Non;Traditionnelle;2;Oui;16,4;1,36;1;1,5702;0,4
F05701244;Zongo;Rasmata;+226 00 00 58 49;G057;Est;Rural;Non;45;35-49 ans;Aucun;4;Non;Protestante;12;Non;22,3;6,66;1;1,1498;0,4
F05701245;Compaoré;Rasmata;+226 00 00 15 31;G057;Est;Rural;Non;38;35-49 ans;Aucun;2;Non;Musulmane;7;Non;18,6;4,43;1;1,0066;0,4
F05701246;Zongo;Bintou;+226 00 00 57 14;G057;Est;Rural;Non;18;15-24 ans;Secondaire ou plus;3;Non;Musulmane;0;Oui;19,9;6,0;0;0,9005;0,4
F05701247;Ilboudo;Fatimata;+226 00 00 48 65;G057;Est;Rural;Non;19;15-24 ans;Aucun;3;Non;Musulmane;0;Oui;18,8;7,0;0;0,8815;0,4
F05701248;Kinda;Fatimata;+226 00 00 29 80;G057;Est;Rural;Non;44;35-49 ans;Primaire;1;Oui;Catholique;6;Oui;20,1;32,0;0;0,8407;0,4
F05701249;Kaboré;Fatimata;+226 00 00 58 42;G057;Est;Rural;Non;41;35-49 ans;Aucun;5;Non;Traditionnelle;8;Non;22,0;1,66;1;0,6732;0,4
F05701250;Kinda;Odile;+226 00 00 46 15;G057;Est;Rural;Non;16;15-24 ans;Aucun;2;Non;Musulmane;0;Oui;15,8;0,51;1;1,584;0,4
F05701251;Ouédraogo;Adjara;+226 00 00 86 17;G057;Est;Rural;Non;22;15-24 ans;Primaire;2;Oui;Musulmane;0;Oui;20,7;0,99;1;0,7216;0,4
F05701252;Zongo;Clarisse;+226 00 00 42 21;G057;Est;Rural;Non;35;35-49 ans;Aucun;4;Non;Musulmane;5;Oui;18,5;5,42;1;1,3931;0,4
F05701253;Kinda;Awa;+226 00 00 37 12;G057;Est;Rural;Non;37;35-49 ans;Aucun;2;Oui;Catholique;3;Oui;23,0;1,88;1;1,0453;0,4
F05701254;Kaboré;Clarisse;+226 00 00 66 79;G057;Est;Rural;Non;33;25-34 ans;Aucun;2;Oui;Musulmane;7;Oui;16,4;10,9;1;1,0168;0,4
F05701255;Kinda;Awa;+226 00 00 53 89;G057;Est;Rural;Non;25;25-34 ans;Aucun;1;Non;Catholique;1;Oui;;11,57;1;0,8587;0,4
F05701256;Kaboré;Salimata;+226 00 00 88 57;G057;Est;Rural;Non;33;25-34 ans;Aucun;1;Non;Musulmane;6;Oui;18,2;21,0;0;0,6507;0,4
F05701257;Sawadogo;Rasmata;+226 00 00 11 25;G057;Est;Rural;Non;15;15-24 ans;Aucun;3;Non;Musulmane;0;Oui;18,1;3,0;0;0,7126;0,4
F05701258;Kaboré;Awa;+226 00 00 72 62;G057;Est;Rural;Non;49;35-49 ans;Primaire;2;Non;Musulmane;9;Non;18,8;7,89;1;1,3194;0,4
F05701259;Sawadogo;Aminata;+226 00 00 63 31;G057;Est;Rural;Non;29;25-34 ans;Secondaire ou plus;2;Non;Protestante;4;Oui;16,0;5,49;1;0,7935;0,4
F05701260;Ilboudo;Bintou;+226 00 00 27 31;G057;Est;Rural;Non;23;15-24 ans;Secondaire ou plus;2;Non;Traditionnelle;3;Oui;21,4;11,0;0;1,2143;0,4
F05801261;Traoré;Salimata;+226 00 00 68 56;G058;Boucle du Mouhoun;Urbain;Oui;47;35-49 ans;Aucun;3;Non;Musulmane;8;Non;24,6;24,17;1;0,7694;0,545
F05801262;Ouédraogo;Mariam;+226 00 00 73 80;G058;Boucle du Mouhoun;Urbain;Oui;16;15-24 ans;Secondaire ou plus;2;Non;Musulmane;0;Non;23,1;4,0;0;0,7054;0,545
F05801263;Ouédraogo;Salimata;+226 00 00 21 63;G058;Boucle du Mouhoun;Urbain;Oui;16;15-24 ans;Aucun;5;Non;Protestante;0;Non;21,3;4,0;0;1,3443;0,545
F05801264;Sawadogo;Salimata;+226 00 00 12 16;G058;Boucle du Mouhoun;Urbain;Oui;20;15-24 ans;Secondaire ou plus;3;Oui;Musulmane;2;Non;19,9;8,0;0;1,5715;0,545
F05801265;Kaboré;Fatimata;+226 00 00 11 26;G058;Boucle du Mouhoun;Urbain;Oui;45;35-49 ans;Secondaire ou plus;5;Oui;Catholique;7;Oui;25,6;3,24;1;1,1862;0,545
F05801266;Ilboudo;Rasmata;+226 00 00 70 24;G058;Boucle du Mouhoun;Urbain;Oui;28;25-34 ans;Secondaire ou plus;3;Oui;Musulmane;3;Oui;22,9;2,17;1;1,1203;0,545
F05801267;Bado;Odile;+226 00 00 69 95;G058;Boucle du Mouhoun;Urbain;Oui;24;15-24 ans;Secondaire ou plus;5;Oui;Musulmane;3;Oui;19,0;12,0;0;0,6195;0,545
F05801268;Compaoré;Clarisse;+226 00 00 89 50;G058;Boucle du Mouhoun;Urbain;Oui;16;15-24 ans;Aucun;5;Non;Musulmane;0;Non;24,1;0,27;1;1,3532;0,545
F05801269;Ilboudo;Rasmata;+226 00 00 63 28;G058;Boucle du Mouhoun;Urbain;Oui;33;25-34 ans;Aucun;5;Oui;Musulmane;1;Oui;;21,0;0;0,6079;0,545
F05801270;Kaboré;Aminata;+226 00 00 28 42;G058;Boucle du Mouhoun;Urbain;Oui;22;15-24 ans;Aucun;3;Oui;Musulmane;2;Oui;20,8;6,97;1;0,9043;0,545
F05801271;Ilboudo;Fatimata;+226 00 00 19 85;G058;Boucle du Mouhoun;Urbain;Oui;25;25-34 ans;Aucun;4;Non;Musulmane;0;Non;25,2;5,42;1;0,9165;0,545
F05801272;Bado;Fatimata;+226 00 00 53 74;G058;Boucle du Mouhoun;Urbain;Oui;34;25-34 ans;Aucun;5;Oui;Musulmane;1;Oui;19,1;4,74;1;1,4541;0,545
F05801273;Traoré;Salimata;+226 00 00 16 70;G058;Boucle du Mouhoun;Urbain;Oui;43;35-49 ans;Secondaire ou plus;4;Oui;Musulmane;4;Oui;24,4;5,74;1;0,8244;0,545
F05801274;Traoré;Adjara;+226 00 00 77 90;G058;Boucle du Mouhoun;Urbain;Oui;37;35-49 ans;Aucun;4;Oui;Musulmane;8;Oui;22,3;13,17;1;0,9043;0,545
F05801275;Ilboudo;Clarisse;+226 00 00 77 36;G058;Boucle du Mouhoun;Urbain;Oui;24;15-24 ans;Primaire;2;Oui;Musulmane;3;Oui;21,7;12,0;0;1,3499;0,545
F05801276;Kinda;Odile;+226 00 00 79 92;G058;Boucle du Mouhoun;Urbain;Oui;36;35-49 ans;Primaire;4;Oui;Catholique;5;Non;23,6;0,71;1;1,5895;0,545
F05801277;Zongo;Odile;+226 00 00 37 91;G058;Boucle du Mouhoun;Urbain;Oui;49;35-49 ans;Primaire;4;Oui;Musulmane;4;Oui;27,2;4,82;1;1,4567;0,545
F05801278;Sawadogo;Bintou;+226 00 00 59 52;G058;Boucle du Mouhoun;Urbain;Oui;42;35-49 ans;Aucun;4;Oui;Musulmane;3;Oui;23,3;13,01;1;1,0007;0,545
F05801279;Kinda;Aminata;+226 00 00 75 85;G058;Boucle du Mouhoun;Urbain;Oui;15;15-24 ans;Primaire;5;Oui;Musulmane;0;Oui;23,8;3,0;0;1,5161;0,545
F05801280;Compaoré;Odile;+226 00 00 85 91;G058;Boucle du Mouhoun;Urbain;Oui;25;25-34 ans;Secondaire ou plus;3;Non;Catholique;4;Non;22,3;8,37;1;0,8876;0,545
F05801281;Sawadogo;Rasmata;+226 00 00 92 37;G058;Boucle du Mouhoun;Urbain;Oui;49;35-49 ans;Aucun;2;Oui;Catholique;5;Non;22,1;0,77;1;1,2823;0,545
F05801282;Bado;Adjara;+226 00 00 73 57;G058;Boucle du Mouhoun;Urbain;Oui;49;35-49 ans;Secondaire ou plus;2;Oui;Musulmane;8;Oui;21,2;5,69;1;0,7763;0,545
F05901283;Bado;Fatimata;+226 00 00 77 94;G059;Sahel;Rural;Non;25;25-34 ans;Primaire;2;Non;Musulmane;1;Non;20,3;2,25;1;1,113;0,312
F05901284;Bado;Rasmata;+226 00 00 34 56;G059;Sahel;Rural;Non;48;35-49 ans;Secondaire ou plus;3;Non;Musulmane;4;Non;21,9;36,0;0;1,0667;0,312
F05901285;Ouédraogo;Odile;+226 00 00 22 11;G059;Sahel;Rural;Non;48;35-49 ans;Primaire;5;Oui;Musulmane;6;Non;24,5;15,23;1;0,8671;0,312
F05901286;Ouédraogo;Odile;+226 00 00 16 37;G059;Sahel;Rural;Non;35;35-49 ans;Primaire;2;Oui;Musulmane;8;Non;24,1;3,85;1;0,8735;0,312
F05901287;Zongo;Aminata;+226 00 00 97 61;G059;Sahel;Rural;Non;40;35-49 ans;Aucun;2;Non;Musulmane;7;Non;27,2;9,77;1;1,0143;0,312
F05901288;Kinda;Clarisse;+226 00 00 31 55;G059;Sahel;Rural;Non;44;35-49 ans;Aucun;2;Non;Musulmane;6;Non;22,0;1,37;1;1,0661;0,312
F05901289;Zongo;Clarisse;+226 00 00 50 53;G059;Sahel;Rural;Non;31;25-34 ans;Aucun;3;Non;Protestante;4;Non;22,7;6,97;1;1,5425;0,312
F05901290;Zongo;Clarisse;+226 00 00 57 46;G059;Sahel;Rural;Non;38;35-49 ans;Aucun;2;;Catholique;8;Non;24,9;14,01;1;1,3495;0,312
F05901291;Ouédraogo;Salimata;+226 00 00 65 18;G059;Sahel;Rural;Non;28;25-34 ans;Primaire;3;Non;Catholique;2;Non;24,5;2,06;1;0,9489;0,312
F05901292;Bado;Salimata;+226 00 00 54 28;G059;Sahel;Rural;Non;24;15-24 ans;Aucun;3;Non;Musulmane;2;Non;23,2;1,42;1;1,2843;0,312
F05901293;Kaboré;Clarisse;+226 00 00 35 46;G059;Sahel;Rural;Non;32;25-34 ans;Aucun;2;Non;Catholique;5;Non;20,7;15,8;1;1,1491;0,312
F05901294;Ilboudo;Fatimata;+226 00 00 61 78;G059;Sahel;Rural;Non;49;35-49 ans;Aucun;3;Oui;Musulmane;5;Oui;;1,5;1;1,2002;0,312
F05901295;Zongo;Odile;+226 00 00 51 27;G059;Sahel;Rural;Non;25;25-34 ans;Aucun;2;Oui;Catholique;4;Non;19,2;12,94;1;1,4564;0,312
F05901296;Yaméogo;Awa;+226 00 00 11 76;G059;Sahel;Rural;Non;34;25-34 ans;Aucun;3;Non;Musulmane;5;Non;28,0;2,48;1;0,9929;0,312
F05901297;Bado;Adjara;+226 00 00 13 69;G059;Sahel;Rural;Non;17;15-24 ans;Aucun;1;Non;Catholique;0;Non;18,8;3,02;1;1,564;0,312
F05901298;Kinda;Aminata;+226 00 00 51 95;G059;Sahel;Rural;Non;41;35-49 ans;Aucun;3;Non;Musulmane;6;Non;21,5;0,9;1;1,3755;0,312
F06001299;Traoré;Fatimata;+226 00 00 40 83;G060;Centre;Urbain;Oui;25;25-34 ans;Aucun;3;Non;Catholique;0;Non;21,2;13,0;0;1,4178;0,462
F06001300;Ilboudo;Salimata;+226 00 00 89 61;G060;Centre;Urbain;Oui;47;35-49 ans;Aucun;4;Oui;Musulmane;1;Oui;26,6;8,04;1;1,2994;0,462
F06001301;Kinda;Clarisse;+226 00 00 40 62;G060;Centre;Urbain;Oui;30;25-34 ans;Aucun;4;Oui;Musulmane;4;Non;23,2;2,33;1;1,1642;0,462
F06001302;Kinda;Mariam;+226 00 00 93 77;G060;Centre;Urbain;Oui;41;35-49 ans;Secondaire ou plus;4;Oui;Catholique;4;Oui;20,8;10,05;1;0,8171;0,462
F06001303;Kaboré;Salimata;+226 00 00 83 14;G060;Centre;Urbain;Oui;40;35-49 ans;Secondaire ou plus;3;Oui;Musulmane;4;Oui;25,9;28,0;0;1,1636;0,462
F06001304;Ilboudo;Fatimata;+226 00 00 91 77;G060;Centre;Urbain;Oui;17;15-24 ans;Secondaire ou plus;3;Oui;Catholique;0;Oui;21,9;5,0;0;0,9476;0,462
F06001305;Sawadogo;Adjara;+226 00 00 21 65;G060;Centre;Urbain;Oui;29;25-34 ans;Aucun;3;Oui;Catholique;1;Oui;21,5;1,97;1;1,435;0,462
F06001306;Zongo;Aminata;+226 00 00 51 24;G060;Centre;Urbain;Oui;29;25-34 ans;Aucun;3;Non;Musulmane;3;Non;18,4;17,0;0;1,3843;0,462
F06001307;Sawadogo;Bintou;+226 00 00 31 66;G060;Centre;Urbain;Oui;40;35-49 ans;Secondaire ou plus;4;Oui;Musulmane;7;Oui;;28,0;0;0,6791;0,462
F06001308;Bado;Rasmata;+226 00 00 71 86;G060;Centre;Urbain;Oui;30;25-34 ans;Aucun;3;Oui;Musulmane;4;Oui;24,3;0,95;1;0,8451;0,462
F06001309;Zongo;Adjara;+226 00 00 32 81;G060;Centre;Urbain;Oui;45;35-49 ans;Primaire;3;Oui;Catholique;7;Oui;19,5;16,0;1;0,9805;0,462
F06001310;Ouédraogo;Fatimata;+226 00 00 89 34;G060;Centre;Urbain;Oui;22;15-24 ans;Aucun;3;Oui;Musulmane;0;Non;24,9;0,38;1;0,9274;0,462
F06001311;Compaoré;Adjara;+226 00 00 38 78;G060;Centre;Urbain;Oui;25;25-34 ans;Primaire;5;Oui;Musulmane;1;Oui;20,4;0,04;1;0,9466;0,462
F06101312;Compaoré;Mariam;+226 00 00 13 84;G061;Hauts-Bassins;Rural;Oui;39;35-49 ans;Aucun;3;Oui;Catholique;6;Oui;26,3;2,89;1;1,5405;0,25
F06101313;Yaméogo;Odile;+226 00 00 26 28;G061;Hauts-Bassins;Rural;Oui;21;15-24 ans;Aucun;1;Non;Protestante;2;Non;25,5;3,38;1;0,623;0,25
F06101314;Ouédraogo;Adjara;+226 00 00 56 19;G061;Hauts-Bassins;Rural;Oui;26;25-34 ans;Aucun;5;Non;Musulmane;3;Oui;24,6;0,74;1;0,8238;0,25
F06101315;Compaoré;Awa;+226 00 00 21 46;G061;Hauts-Bassins;Rural;Oui;46;35-49 ans;Aucun;1;Oui;Catholique;7;Oui;26,7;0,56;1;0,766;0,25
F06101316;Ouédraogo;Rasmata;+226 00 00 52 76;G061;Hauts-Bassins;Rural;Oui;28;25-34 ans;Aucun;2;Oui;Catholique;5;Non;19,0;7,4;1;1,565;0,25
F06101317;Ouédraogo;Awa;+226 00 00 87 31;G061;Hauts-Bassins;Rural;Oui;16;15-24 ans;Primaire;4;Non;Musulmane;0;Oui;22,8;4,0;0;1,1633;0,25
F06101318;Bado;Aminata;+226 00 00 49 18;G061;Hauts-Bassins;Rural;Oui;36;35-49 ans;Secondaire ou plus;3;Non;Musulmane;2;Oui;16,3;24,0;0;0,7329;0,25
F06101319;Bado;Fatimata;+226 00 00 60 93;G061;Hauts-Bassins;Rural;Oui;37;35-49 ans;Aucun;3;Non;Musulmane;3;Non;18,9;6,71;1;0,7977;0,25
F06101320;Kaboré;Rasmata;+226 00 00 47 42;G061;Hauts-Bassins;Rural;Oui;49;35-49 ans;Aucun;4;Oui;Musulmane;7;Oui;23,2;3,17;1;1,2682;0,25
F06101321;Bado;Rasmata;+226 00 00 86 58;G061;Hauts-Bassins;Rural;Oui;34;25-34 ans;Aucun;3;Non;Protestante;4;Oui;26,0;10,96;1;0,6876;0,25
F06101322;Ilboudo;Awa;+226 00 00 71 88;G061;Hauts-Bassins;Rural;Oui;43;35-49 ans;Aucun;5;Non;Musulmane;7;Non;29,1;15,15;1;0,7184;0,25
F06101323;Compaoré;Mariam;+226 00 00 29 86;G061;Hauts-Bassins;Rural;Oui;25;25-34 ans;Aucun;1;Oui;Protestante;2;Non;19,6;11,72;1;1,5095;0,25
F06101324;Kinda;Awa;+226 00 00 93 27;G061;Hauts-Bassins;Rural;Oui;27;25-34 ans;Aucun;3;Non;Musulmane;2;Oui;22,6;2,16;1;1,0409;0,25
F06101325;Bado;Adjara;+226 00 00 22 17;G061;Hauts-Bassins;Rural;Oui;19;15-24 ans;Aucun;3;Non;Musulmane;0;Non;18,1;7,0;0;1,0803;0,25
F06101326;Kinda;Mariam;+226 00 00 78 31;G061;Hauts-Bassins;Rural;Oui;17;15-24 ans;Primaire;2;Non;Musulmane;0;Non;19,9;1,32;1;1,3387;0,25
F06101327;Traoré;Awa;+226 00 00 69 75;G061;Hauts-Bassins;Rural;Oui;34;25-34 ans;Primaire;2;Oui;Musulmane;6;Oui;14,4;10,63;1;1,3807;0,25
F06201328;Traoré;Rasmata;+226 00 00 13 39;G062;Nord;Rural;Oui;29;25-34 ans;Primaire;3;Non;Catholique;1;Non;16,8;8,37;1;1,442;0,3
F06201329;Sawadogo;Mariam;+226 00 00 94 45;G062;Nord;Rural;Oui;30;25-34 ans;Aucun;2;Non;Musulmane;4;Non;24,3;0,51;1;0,8541;0,3
F06201330;Ouédraogo;Aminata;+226 00 00 61 30;G062;Nord;Rural;Oui;44;35-49 ans;Aucun;1;Non;Musulmane;4;Non;23,5;11,83;1;0,9773;0,3
F06201331;Compaoré;Odile;+226 00 00 78 68;G062;Nord;Rural;Oui;44;35-49 ans;Aucun;2;Non;Catholique;2;Non;23,6;12,99;1;1,465;0,3
F06201332;Sawadogo;Adjara;+226 00 00 72 93;G062;Nord;Rural;Oui;40;35-49 ans;Aucun;2;Oui;Catholique;5;Non;22,9;19,94;1;0,8314;0,3
F06201333;Zongo;Salimata;+226 00 00 39 73;G062;Nord;Rural;Oui;34;25-34 ans;Aucun;1;Non;Catholique;5;Non;19,1;6,79;1;1,1547;0,3
F06201334;Yaméogo;Clarisse;+226 00 00 54 81;G062;Nord;Rural;Oui;34;25-34 ans;Primaire;3;Oui;Musulmane;4;Non;21,8;1,58;1;0,7388;0,3
F06201335;Ilboudo;Fatimata;+226 00 00 63 24;G062;Nord;Rural;Oui;41;35-49 ans;Aucun;4;Non;Musulmane;2;Non;25,4;12,34;1;1,0966;0,3
F06201336;Sawadogo;Aminata;+226 00 00 74 42;G062;Nord;Rural;Oui;33;25-34 ans;Aucun;1;Non;Musulmane;6;Non;23,9;0,4;1;0,6004;0,3
F06201337;Yaméogo;Bintou;+226 00 00 96 97;G062;Nord;Rural;Oui;27;25-34 ans;Secondaire ou plus;3;Non;Catholique;1;Non;22,8;1,63;1;1,0481;0,3
F06201338;Bado;Fatimata;+226 00 00 40 33;G062;Nord;Rural;Oui;22;15-24 ans;Aucun;2;Non;Musulmane;3;Non;22,8;3,06;1;0,8455;0,3
F06201339;Compaoré;Awa;+226 00 00 31 33;G062;Nord;Rural;Oui;17;15-24 ans;Secondaire ou plus;1;Non;Catholique;0;Non;15,1;5,0;0;1,2294;0,3
F06201340;Ouédraogo;Salimata;+226 00 00 39 81;G062;Nord;Rural;Oui;19;15-24 ans;Aucun;1;Oui;Musulmane;0;Non;16,3;7,0;0;1,1848;0,3
F06201341;Ilboudo;Rasmata;+226 00 00 87 88;G062;Nord;Rural;Oui;49;35-49 ans;Aucun;2;Non;Catholique;5;Non;23,5;36,28;1;1,2912;0,3
F06201342;Yaméogo;Adjara;+226 00 00 48 12;G062;Nord;Rural;Oui;48;35-49 ans;Aucun;2;Non;Musulmane;5;Non;19,7;23,74;1;0,7123;0,3
F06201343;Kaboré;Adjara;+226 00 00 32 66;G062;Nord;Rural;Oui;16;15-24 ans;Aucun;1;Oui;Musulmane;0;Non;22,2;4,0;0;1,005;0,3
F06201344;Kaboré;Adjara;+226 00 00 98 85;G062;Nord;Rural;Oui;22;15-24 ans;Aucun;2;Non;Catholique;2;Non;16,0;10,0;0;0,9537;0,3
F06201345;Ilboudo;Odile;+226 00 00 18 26;G062;Nord;Rural;Oui;43;35-49 ans;Aucun;4;Non;Musulmane;9;Non;23,9;13,63;1;1,0285;0,3
F06201346;Kinda;Bintou;+226 00 00 11 93;G062;Nord;Rural;Oui;34;25-34 ans;Primaire;1;Oui;Musulmane;6;Oui;21,7;17,46;1;1,5455;0,3
F06201347;Sawadogo;Bintou;+226 00 00 93 32;G062;Nord;Rural;Oui;38;35-49 ans;Primaire;3;Non;Musulmane;2;Non;22,8;6,96;1;1,4811;0,3
F06301348;Ouédraogo;Mariam;+226 00 00 60 31;G063;Est;Rural;Oui;22;15-24 ans;Primaire;3;Oui;Musulmane;5;Oui;25,8;1,73;1;0,6226;0,294
F06301349;Ouédraogo;Aminata;+226 00 00 48 31;G063;Est;Rural;Oui;46;35-49 ans;Aucun;1;Non;Musulmane;6;Non;19,0;8,8;1;0,8757;0,294
F06301350;Kaboré;Fatimata;+226 00 00 78 28;G063;Est;Rural;Oui;21;15-24 ans;Aucun;1;Oui;Musulmane;1;Non;19,8;2,69;1;0,7217;0,294
F06301351;Bado;Mariam;+226 00 00 67 62;G063;Est;Rural;Oui;33;25-34 ans;Aucun;1;Oui;Protestante;1;Oui;18,0;6,86;1;1,0524;0,294
F06301352;Kaboré;Mariam;+226 00 00 43 87;G063;Est;Rural;Oui;19;15-24 ans;Aucun;3;Non;Musulmane;0;Oui;17,8;3,92;1;0,6294;0,294
F06301353;Yaméogo;Odile;+226 00 00 29 55;G063;Est;Rural;Oui;29;25-34 ans;Primaire;2;Non;Musulmane;5;Non;22,4;9,26;1;0,6572;0,294
F06301354;Yaméogo;Salimata;+226 00 00 20 34;G063;Est;Rural;Oui;41;35-49 ans;Aucun;1;Non;Traditionnelle;4;Non;23,5;14,95;1;0,7386;0,294
F06301355;Kinda;Awa;+226 00 00 35 70;G063;Est;Rural;Oui;44;35-49 ans;Aucun;5;Oui;Catholique;6;Oui;23,8;18,66;1;1,2487;0,294
F06301356;Bado;Adjara;+226 00 00 70 82;G063;Est;Rural;Oui;19;15-24 ans;Aucun;1;Oui;Musulmane;1;Non;16,7;7,0;0;0,7145;0,294
F06301357;Ouédraogo;Mariam;+226 00 00 75 57;G063;Est;Rural;Oui;37;35-49 ans;Aucun;2;Oui;Musulmane;6;Non;22,2;0,78;1;1,3785;0,294
F06301358;Yaméogo;Awa;+226 00 00 90 42;G063;Est;Rural;Oui;15;15-24 ans;Secondaire ou plus;1;Oui;Traditionnelle;0;Non;21,0;1,01;1;0,8407;0,294
F06301359;Zongo;Clarisse;+226 00 00 36 88;G063;Est;Rural;Oui;31;25-34 ans;Aucun;3;Non;Catholique;4;Oui;20,3;13,37;1;1,3162;0,294
F06301360;Traoré;Awa;+226 00 00 89 72;G063;Est;Rural;Oui;44;35-49 ans;Aucun;1;Non;Musulmane;3;Oui;23,8;18,33;1;0,6207;0,294
F06301361;Ouédraogo;Clarisse;+226 00 00 75 50;G063;Est;Rural;Oui;31;25-34 ans;Aucun;4;Non;Musulmane;1;Non;19,4;6,58;1;0,7159;0,294
F06301362;Yaméogo;Awa;+226 00 00 26 66;G063;Est;Rural;Oui;35;35-49 ans;Primaire;4;Oui;Catholique;2;Oui;24,6;13,01;1;1,1873;0,294
F06301363;Traoré;Salimata;+226 00 00 23 57;G063;Est;Rural;Oui;20;15-24 ans;Primaire;4;Non;Musulmane;0;Oui;25,0;8,0;0;1,2356;0,294
F06301364;Bado;Mariam;+226 00 00 34 39;G063;Est;Rural;Oui;15;15-24 ans;Aucun;1;Oui;Catholique;0;Non;22,6;3,0;0;1,392;0,294
F06401365;Sawadogo;Adjara;+226 00 00 29 13;G064;Boucle du Mouhoun;Rural;Oui;30;25-34 ans;Aucun;4;Oui;Musulmane;5;Non;20,1;6,93;1;1,0278;0,28
F06401366;Zongo;Salimata;+226 00 00 85 36;G064;Boucle du Mouhoun;Rural;Oui;22;15-24 ans;Primaire;1;Non;Musulmane;1;Non;18,3;1,83;1;1,2731;0,28
F06401367;Kinda;Bintou;+226 00 00 74 38;G064;Boucle du Mouhoun;Rural;Oui;34;25-34 ans;Aucun;3;Oui;Musulmane;6;Oui;19,8;0,35;1;1,3213;0,28
F06401368;Kinda;Bintou;+226 00 00 51 97;G064;Boucle du Mouhoun;Rural;Oui;30;25-34 ans;Aucun;3;Non;Musulmane;4;Non;21,5;1,13;1;0,652;0,28
F06401369;Ilboudo;Clarisse;+226 00 00 45 51;G064;Boucle du Mouhoun;Rural;Oui;23;15-24 ans;Aucun;3;Non;Musulmane;0;Oui;16,2;2,59;1;1,4504;0,28
F06401370;Bado;Mariam;+226 00 00 52 54;G064;Boucle du Mouhoun;Rural;Oui;15;15-24 ans;Aucun;2;Oui;Musulmane;0;Non;16,6;3,0;0;1,1209;0,28
F06401371;Sawadogo;Adjara;+226 00 00 66 17;G064;Boucle du Mouhoun;Rural;Oui;31;25-34 ans;Aucun;3;Non;Protestante;1;Non;15,7;5,72;1;1,2942;0,28
F06401372;Ouédraogo;Adjara;+226 00 00 64 32;G064;Boucle du Mouhoun;Rural;Oui;37;35-49 ans;Primaire;2;Oui;Protestante;6;Oui;14,9;21,19;1;0,7442;0,28
F06401373;Ouédraogo;Aminata;+226 00 00 50 65;G064;Boucle du Mouhoun;Rural;Oui;26;25-34 ans;Primaire;2;Oui;Musulmane;1;Oui;15,6;14,0;0;0,7672;0,28
F06401374;Compaoré;Aminata;+226 00 00 92 70;G064;Boucle du Mouhoun;Rural;Oui;39;35-49 ans;Secondaire ou plus;3;Oui;Musulmane;3;Oui;21,8;16,98;1;1,2905;0,28
F06401375;Zongo;Fatimata;+226 00 00 39 29;G064;Boucle du Mouhoun;Rural;Oui;26;25-34 ans;Aucun;2;Non;Protestante;6;Non;21,0;14,0;0;1,3946;0,28
F06401376;Compaoré;Odile;+226 00 00 76 75;G064;Boucle du Mouhoun;Rural;Oui;49;35-49 ans;Secondaire ou plus;3;Non;Catholique;7;Non;21,2;1,0;1;1,5052;0,28
F06401377;Bado;Rasmata;+226 00 00 21 89;G064;Boucle du Mouhoun;Rural;Oui;18;15-24 ans;Aucun;3;Non;Musulmane;0;Non;23,7;3,94;1;1,3173;0,28
F06401378;Kaboré;Aminata;+226 00 00 64 28;G064;Boucle du Mouhoun;Rural;Oui;46;35-49 ans;Secondaire ou plus;1;Non;Musulmane;4;Non;18,7;25,96;1;0,8463;0,28
F06401379;Kinda;Odile;+226 00 00 92 32;G064;Boucle du Mouhoun;Rural;Oui;20;15-24 ans;Aucun;3;Oui;Musulmane;0;Oui;18,8;8,0;0;0,8264;0,28
F06401380;Zongo;Odile;+226 00 00 78 16;G064;Boucle du Mouhoun;Rural;Oui;23;15-24 ans;Aucun;2;Non;Musulmane;2;Non;18,8;1,97;1;1,3842;0,28
F06401381;Zongo;Adjara;+226 00 00 53 17;G064;Boucle du Mouhoun;Rural;Oui;36;35-49 ans;Aucun;2;Oui;Musulmane;3;Non;19,9;14,46;1;0,9252;0,28
F06401382;Kaboré;Salimata;+226 00 00 65 74;G064;Boucle du Mouhoun;Rural;Oui;20;15-24 ans;Aucun;1;Non;Musulmane;0;Oui;21,7;1,85;1;1,1752;0,28
F06401383;Kaboré;Rasmata;+226 00 00 23 40;G064;Boucle du Mouhoun;Rural;Oui;40;35-49 ans;Aucun;2;Oui;Musulmane;3;Oui;19,4;0,44;1;1,2524;0,28
F06401384;Ilboudo;Bintou;+226 00 00 92 84;G064;Boucle du Mouhoun;Rural;Oui;31;25-34 ans;Aucun;3;Oui;Traditionnelle;4;Non;18,5;2,79;1;0,7116;0,28
F06401385;Kaboré;Fatimata;+226 00 00 76 81;G064;Boucle du Mouhoun;Rural;Oui;36;35-49 ans;Aucun;1;Oui;Catholique;3;Non;17,3;0,2;1;0,6196;0,28
F06401386;Sawadogo;Rasmata;+226 00 00 39 29;G064;Boucle du Mouhoun;Rural;Oui;42;35-49 ans;Primaire;3;Oui;Musulmane;9;Non;19,5;30,0;0;1,4149;0,28
F06401387;Ouédraogo;Salimata;+226 00 00 77 43;G064;Boucle du Mouhoun;Rural;Oui;23;15-24 ans;Aucun;4;Non;Catholique;1;Oui;18,0;11,0;0;0,8511;0,28
F06401388;Kaboré;Mariam;+226 00 00 15 75;G064;Boucle du Mouhoun;Rural;Oui;17;15-24 ans;Aucun;3;Oui;Musulmane;0;Oui;15,6;5,0;0;1,1845;0,28
F06401389;Compaoré;Adjara;+226 00 00 41 81;G064;Boucle du Mouhoun;Rural;Oui;39;35-49 ans;Aucun;1;Oui;Musulmane;1;Oui;22,9;15,43;1;0,8294;0,28
F06501390;Ilboudo;Fatimata;+226 00 00 71 10;G065;Sahel;Rural;Non;19;15-24 ans;Aucun;4;Oui;Musulmane;0;Non;19,3;7,0;0;0,6217;0,13
F06501391;Yaméogo;Bintou;+226 00 00 39 72;G065;Sahel;Rural;Non;32;25-34 ans;Primaire;1;Oui;Protestante;3;Non;19,3;2,93;1;1,1532;0,13
F06501392;Zongo;Clarisse;+226 00 00 41 67;G065;Sahel;Rural;Non;26;25-34 ans;Aucun;4;Oui;Musulmane;2;Oui;22,0;5,64;1;1,009;0,13
F06501393;Kaboré;Awa;+226 00 00 48 94;G065;Sahel;Rural;Non;21;15-24 ans;Aucun;3;Non;Musulmane;1;Non;25,6;5,93;1;0,973;0,13
F06501394;Ilboudo;Aminata;+226 00 00 20 54;G065;Sahel;Rural;Non;19;15-24 ans;Aucun;2;Oui;Musulmane;0;Non;20,7;7,0;0;1,2657;0,13
F06501395;Compaoré;Bintou;+226 00 00 38 42;G065;Sahel;Rural;Non;26;25-34 ans;Aucun;2;Non;Protestante;3;Non;22,8;13,85;1;0,6549;0,13
F06501396;Compaoré;Adjara;+226 00 00 92 86;G065;Sahel;Rural;Non;31;25-34 ans;Aucun;1;Non;Musulmane;4;Non;23,7;0,51;1;1,1872;0,13
F06501397;Bado;Salimata;+226 00 00 72 40;G065;Sahel;Rural;Non;34;25-34 ans;Primaire;1;Non;Musulmane;8;Non;23,8;4,18;1;1,2818;0,13
F06501398;Kinda;Clarisse;+226 00 00 68 66;G065;Sahel;Rural;Non;43;35-49 ans;Aucun;3;Non;Traditionnelle;4;Oui;;19,72;1;0,76;0,13
F06501399;Kinda;Adjara;+226 00 00 76 37;G065;Sahel;Rural;Non;48;35-49 ans;Aucun;3;Non;Musulmane;9;Non;17,8;0,76;1;0,7956;0,13
F06501400;Ilboudo;Salimata;+226 00 00 15 64;G065;Sahel;Rural;Non;17;15-24 ans;Aucun;3;Non;Catholique;0;Non;;5,0;0;0,7891;0,13
F06501401;Zongo;Odile;+226 00 00 28 89;G065;Sahel;Rural;Non;18;15-24 ans;Aucun;3;Non;Protestante;1;Non;24,4;6,0;0;0,875;0,13
F06501402;Kinda;Salimata;+226 00 00 80 69;G065;Sahel;Rural;Non;27;25-34 ans;Aucun;1;Oui;Musulmane;1;Non;19,4;1,69;1;1,4144;0,13
F06501403;Kinda;Adjara;+226 00 00 31 92;G065;Sahel;Rural;Non;34;25-34 ans;Aucun;3;Non;Musulmane;5;Non;25,9;13,21;1;1,3561;0,13
F06501404;Kinda;Fatimata;+226 00 00 75 30;G065;Sahel;Rural;Non;43;35-49 ans;Aucun;4;;Musulmane;3;Non;27,9;13,58;1;0,7826;0,13
F06501405;Compaoré;Rasmata;+226 00 00 80 31;G065;Sahel;Rural;Non;41;35-49 ans;Aucun;1;Oui;Musulmane;2;Non;19,7;9,95;1;1,0649;0,13
F06501406;Ilboudo;Rasmata;+226 00 00 26 61;G065;Sahel;Rural;Non;22;15-24 ans;Aucun;1;Non;Musulmane;0;Non;19,6;10,0;0;1,4289;0,13
F06501407;Compaoré;Aminata;+226 00 00 25 36;G065;Sahel;Rural;Non;37;35-49 ans;Aucun;2;Oui;Musulmane;6;Non;17,5;10,46;1;0,9397;0,13
F06501408;Yaméogo;Awa;+226 00 00 89 60;G065;Sahel;Rural;Non;34;25-34 ans;Aucun;3;Non;Traditionnelle;2;Non;23,0;7,99;1;0,672;0,13
F06501409;Kinda;Rasmata;+226 00 00 33 32;G065;Sahel;Rural;Non;30;25-34 ans;Aucun;3;Non;Protestante;3;Non;25,5;3,01;1;0,6861;0,13
F06501410;Zongo;Mariam;+226 00 00 88 46;G065;Sahel;Rural;Non;37;35-49 ans;Primaire;4;Oui;Protestante;4;Non;26,6;9,93;1;0,9859;0,13
F06501411;Yaméogo;Clarisse;+226 00 00 92 41;G065;Sahel;Rural;Non;35;35-49 ans;Aucun;4;Oui;Musulmane;3;Non;25,0;18,26;1;0,6331;0,13
F06501412;Yaméogo;Fatimata;+226 00 00 36 22;G065;Sahel;Rural;Non;18;15-24 ans;Aucun;2;Oui;Catholique;0;Non;25,1;6,0;0;1,1882;0,13
F06601413;Traoré;Salimata;+226 00 00 18 81;G066;Centre;Urbain;Oui;46;35-49 ans;Secondaire ou plus;3;Oui;Traditionnelle;3;Non;23,7;30,76;1;1,0213;0,556
F06601414;Ilboudo;Odile;+226 00 00 16 21;G066;Centre;Urbain;Oui;41;35-49 ans;Aucun;4;Oui;Musulmane;5;Non;21,1;14,84;1;0,9953;0,556
F06601415;Ouédraogo;Rasmata;+226 00 00 47 94;G066;Centre;Urbain;Oui;20;15-24 ans;Primaire;4;Oui;Catholique;1;Non;20,3;8,0;0;1,5518;0,556
F06601416;Traoré;Rasmata;+226 00 00 73 92;G066;Centre;Urbain;Oui;23;15-24 ans;Primaire;1;Oui;Musulmane;0;Non;19,2;11,0;0;1,563;0,556
F06601417;Zongo;Bintou;+226 00 00 11 22;G066;Centre;Urbain;Oui;20;15-24 ans;Secondaire ou plus;4;Oui;Musulmane;1;Non;25,3;8,0;0;1,4018;0,556
F06601418;Traoré;Adjara;+226 00 00 67 64;G066;Centre;Urbain;Oui;15;15-24 ans;Aucun;4;Non;Musulmane;0;Non;19,6;0,29;1;1,0318;0,556
F06601419;Kaboré;Aminata;+226 00 00 75 13;G066;Centre;Urbain;Oui;29;25-34 ans;Primaire;2;Non;Protestante;1;Oui;20,1;12,83;1;1,2574;0,556
F06601420;Compaoré;Aminata;+226 00 00 58 33;G066;Centre;Urbain;Oui;38;35-49 ans;Aucun;4;Oui;Catholique;2;Non;16,9;0,82;1;1,1937;0,556
F06601421;Sawadogo;Adjara;+226 00 00 61 64;G066;Centre;Urbain;Oui;19;15-24 ans;Secondaire ou plus;3;Oui;Catholique;0;Non;19,0;7,0;0;0,7407;0,556
F06601422;Kaboré;Salimata;+226 00 00 53 40;G066;Centre;Urbain;Oui;43;35-49 ans;Aucun;2;Non;Musulmane;6;Non;18,3;7,94;1;0,7577;0,556
F06601423;Bado;Awa;+226 00 00 20 15;G066;Centre;Urbain;Oui;29;25-34 ans;Aucun;5;Oui;Protestante;3;Oui;21,5;12,16;1;0,8731;0,556
F06601424;Sawadogo;Aminata;+226 00 00 66 78;G066;Centre;Urbain;Oui;28;25-34 ans;Primaire;4;Oui;Catholique;1;Oui;25,0;1,47;1;1,5084;0,556
F06601425;Traoré;Adjara;+226 00 00 58 27;G066;Centre;Urbain;Oui;43;35-49 ans;Aucun;2;Non;Musulmane;10;Non;20,8;0,37;1;0,7602;0,556
F06601426;Yaméogo;Adjara;+226 00 00 40 37;G066;Centre;Urbain;Oui;46;35-49 ans;Secondaire ou plus;2;Oui;Musulmane;5;Oui;22,8;0,75;1;1,4028;0,556
F06601427;Ouédraogo;Rasmata;+226 00 00 18 50;G066;Centre;Urbain;Oui;16;15-24 ans;Primaire;5;Oui;Musulmane;0;Oui;24,5;4,0;0;1,005;0,556
F06601428;Ilboudo;Adjara;+226 00 00 61 85;G066;Centre;Urbain;Oui;42;35-49 ans;Secondaire ou plus;4;Oui;Catholique;3;Oui;26,4;22,23;1;1,3667;0,556
F06601429;Kaboré;Odile;+226 00 00 26 26;G066;Centre;Urbain;Oui;35;35-49 ans;Aucun;2;Non;Musulmane;4;Non;;10,51;1;0,7714;0,556
F06601430;Compaoré;Odile;+226 00 00 73 13;G066;Centre;Urbain;Oui;16;15-24 ans;Aucun;4;Oui;Musulmane;0;Non;17,6;1,34;1;0,6123;0,556
F06701431;Kaboré;Adjara;+226 00 00 36 60;G067;Hauts-Bassins;Urbain;Oui;44;35-49 ans;Aucun;4;Oui;Musulmane;8;Non;22,9;23,85;1;1,035;0,632
F06701432;Sawadogo;Awa;+226 00 00 42 25;G067;Hauts-Bassins;Urbain;Oui;45;35-49 ans;Aucun;4;Oui;Musulmane;5;Non;20,3;9,64;1;0,9537;0,632
F06701433;Traoré;Bintou;+226 00 00 88 91;G067;Hauts-Bassins;Urbain;Oui;25;25-34 ans;Aucun;3;Oui;Musulmane;0;Non;20,3;0,74;1;0,6858;0,632
F06701434;Yaméogo;Rasmata;+226 00 00 98 12;G067;Hauts-Bassins;Urbain;Oui;19;15-24 ans;Secondaire ou plus;3;Oui;Catholique;1;Oui;22,7;7,0;0;1,2027;0,632
F06701435;Zongo;Adjara;+226 00 00 36 17;G067;Hauts-Bassins;Urbain;Oui;48;35-49 ans;Primaire;2;Oui;Catholique;3;Non;26,7;15,93;1;1,3387;0,632
F06701436;Sawadogo;Salimata;+226 00 00 81 43;G067;Hauts-Bassins;Urbain;Oui;37;35-49 ans;Primaire;5;Non;Protestante;1;Non;28,2;25,0;0;1,0966;0,632
F06701437;Yaméogo;Salimata;+226 00 00 63 93;G067;Hauts-Bassins;Urbain;Oui;38;35-49 ans;Primaire;5;;Musulmane;4;Oui;26,4;17,17;1;1,3348;0,632
F06701438;Sawadogo;Awa;+226 00 00 74 88;G067;Hauts-Bassins;Urbain;Oui;17;15-24 ans;Primaire;3;Oui;Traditionnelle;0;Non;;2,1;1;1,4563;0,632
F06701439;Kaboré;Aminata;+226 00 00 90 66;G067;Hauts-Bassins;Urbain;Oui;24;15-24 ans;Aucun;5;Non;Musulmane;3;Oui;22,2;1,88;1;1,289;0,632
F06701440;Ilboudo;Mariam;+226 00 00 51 42;G067;Hauts-Bassins;Urbain;Oui;33;25-34 ans;Aucun;4;Oui;Musulmane;3;Non;23,1;20,06;1;1,3617;0,632
F06701441;Ilboudo;Adjara;+226 00 00 72 38;G067;Hauts-Bassins;Urbain;Oui;15;15-24 ans;Secondaire ou plus;3;Oui;Catholique;0;Non;24,5;3,0;0;1,1873;0,632
F06701442;Compaoré;Aminata;+226 00 00 17 81;G067;Hauts-Bassins;Urbain;Oui;36;35-49 ans;Secondaire ou plus;4;Non;Musulmane;4;Oui;20,6;3,37;1;1,5354;0,632
F06701443;Ilboudo;Clarisse;+226 00 00 74 55;G067;Hauts-Bassins;Urbain;Oui;25;25-34 ans;Secondaire ou plus;5;Non;Musulmane;1;Oui;22,3;13,0;0;1,1774;0,632
F06701444;Yaméogo;Aminata;+226 00 00 17 50;G067;Hauts-Bassins;Urbain;Oui;23;15-24 ans;Secondaire ou plus;4;Non;Protestante;2;Oui;28,1;11,0;0;0,8721;0,632
F06701445;Ilboudo;Salimata;+226 00 00 72 71;G067;Hauts-Bassins;Urbain;Oui;28;25-34 ans;Primaire;3;Oui;Musulmane;1;Non;24,5;1,63;1;1,154;0,632
F06701446;Ouédraogo;Adjara;+226 00 00 49 15;G067;Hauts-Bassins;Urbain;Oui;36;35-49 ans;Aucun;5;Oui;Catholique;2;Oui;20,5;1,54;1;1,5473;0,632
F06701447;Ouédraogo;Mariam;+226 00 00 56 92;G067;Hauts-Bassins;Urbain;Oui;40;35-49 ans;Secondaire ou plus;5;Oui;Musulmane;5;Non;21,9;28,0;0;1,4328;0,632
F06701448;Zongo;Awa;+226 00 00 79 89;G067;Hauts-Bassins;Urbain;Oui;39;35-49 ans;Secondaire ou plus;3;Oui;Musulmane;3;Non;22,4;1,59;1;0,9733;0,632
F06701449;Kinda;Rasmata;+226 00 00 36 61;G067;Hauts-Bassins;Urbain;Oui;43;35-49 ans;Aucun;5;Non;Musulmane;9;Non;21,2;0,25;1;1,4422;0,632
F06801450;Bado;Mariam;+226 00 00 55 82;G068;Nord;Rural;Non;31;25-34 ans;Aucun;1;Oui;Musulmane;9;Non;24,9;0,91;1;1,4718;0,118
F06801451;Zongo;Fatimata;+226 00 00 22 36;G068;Nord;Rural;Non;29;25-34 ans;Aucun;2;Oui;Traditionnelle;2;Non;22,6;0,97;1;0,8021;0,118
F06801452;Zongo;Mariam;+226 00 00 73 34;G068;Nord;Rural;Non;23;15-24 ans;Aucun;3;Oui;Catholique;4;Oui;22,2;1,26;1;1,0484;0,118
F06801453;Zongo;Aminata;+226 00 00 52 57;G068;Nord;Rural;Non;36;35-49 ans;Aucun;2;Oui;Musulmane;5;Non;26,1;3,89;1;1,456;0,118
F06801454;Ouédraogo;Bintou;+226 00 00 51 20;G068;Nord;Rural;Non;28;25-34 ans;Aucun;3;Oui;Catholique;1;Non;20,5;4,63;1;0,7559;0,118
F06801455;Sawadogo;Fatimata;+226 00 00 69 90;G068;Nord;Rural;Non;36;35-49 ans;Secondaire ou plus;1;Non;Musulmane;3;Non;24,4;1,19;1;0,6287;0,118
F06801456;Traoré;Fatimata;+226 00 00 39 77;G068;Nord;Rural;Non;17;15-24 ans;Aucun;4;Oui;Musulmane;0;Non;19,4;5,0;0;0,6518;0,118
F06801457;Bado;Fatimata;+226 00 00 75 61;G068;Nord;Rural;Non;32;25-34 ans;Secondaire ou plus;3;Oui;Protestante;3;Oui;24,0;16,96;1;1,341;0,118
F06801458;Ouédraogo;Bintou;+226 00 00 14 52;G068;Nord;Rural;Non;32;25-34 ans;Aucun;2;Oui;Traditionnelle;3;Non;18,7;18,25;1;0,6526;0,118
F06801459;Traoré;Awa;+226 00 00 15 61;G068;Nord;Rural;Non;35;35-49 ans;Aucun;2;Non;Musulmane;0;Oui;19,4;1,86;1;1,2902;0,118
F06801460;Sawadogo;Clarisse;+226 00 00 97 88;G068;Nord;Rural;Non;30;25-34 ans;Aucun;3;Non;Catholique;2;Non;26,2;2,93;1;0,8885;0,118
F06801461;Bado;Mariam;+226 00 00 56 83;G068;Nord;Rural;Non;19;15-24 ans;Aucun;1;Non;Musulmane;0;Non;16,2;5,24;1;1,1958;0,118
F06801462;Kinda;Fatimata;+226 00 00 51 17;G068;Nord;Rural;Non;28;25-34 ans;Aucun;2;Non;Musulmane;0;Non;20,8;8,7;1;1,2247;0,118
F06801463;Zongo;Salimata;+226 00 00 34 51;G068;Nord;Rural;Non;44;35-49 ans;Aucun;5;Non;Musulmane;10;Non;26,8;6,21;1;1,4747;0,118
F06801464;Bado;Bintou;+226 00 00 27 12;G068;Nord;Rural;Non;24;15-24 ans;Aucun;3;Oui;Protestante;0;Non;17,4;12,0;0;0,9418;0,118
F06801465;Sawadogo;Mariam;+226 00 00 81 24;G068;Nord;Rural;Non;39;35-49 ans;Aucun;2;Oui;Catholique;11;Non;20,2;8,43;1;1,2438;0,118
F06801466;Kaboré;Clarisse;+226 00 00 29 45;G068;Nord;Rural;Non;30;25-34 ans;Aucun;2;Non;Catholique;6;Oui;20,6;5,25;1;1,3718;0,118
F06901467;Yaméogo;Fatimata;+226 00 00 10 79;G069;Est;Urbain;Oui;47;35-49 ans;Secondaire ou plus;5;Oui;Catholique;5;Non;25,9;5,64;1;1,1476;0,7
F06901468;Ouédraogo;Bintou;+226 00 00 39 40;G069;Est;Urbain;Oui;22;15-24 ans;Secondaire ou plus;5;Oui;Musulmane;1;Oui;22,6;10,0;0;1,0273;0,7
F06901469;Kinda;Bintou;+226 00 00 91 52;G069;Est;Urbain;Oui;46;35-49 ans;Aucun;3;Non;Traditionnelle;9;Non;26,8;9,18;1;0,6708;0,7
F06901470;Ouédraogo;Adjara;+226 00 00 85 58;G069;Est;Urbain;Oui;24;15-24 ans;Aucun;3;Oui;Musulmane;1;Non;25,0;5,05;1;1,4292;0,7
F06901471;Sawadogo;Salimata;+226 00 00 77 84;G069;Est;Urbain;Oui;41;35-49 ans;Secondaire ou plus;4;Oui;Catholique;1;Oui;24,3;11,03;1;1,1304;0,7
F06901472;Bado;Odile;+226 00 00 75 73;G069;Est;Urbain;Oui;32;25-34 ans;Primaire;3;Oui;Musulmane;5;Oui;24,8;2,5;1;1,3456;0,7
F06901473;Bado;Fatimata;+226 00 00 66 72;G069;Est;Urbain;Oui;37;35-49 ans;Secondaire ou plus;3;Oui;Musulmane;3;Non;21,8;25,0;0;1,3998;0,7
F06901474;Yaméogo;Fatimata;+226 00 00 55 54;G069;Est;Urbain;Oui;20;15-24 ans;Aucun;3;Oui;Protestante;0;Non;20,8;4,74;1;1,2118;0,7
F06901475;Kinda;Rasmata;+226 00 00 36 38;G069;Est;Urbain;Oui;48;35-49 ans;Aucun;2;Non;Protestante;7;Oui;26,5;22,99;1;1,0705;0,7
F06901476;Sawadogo;Bintou;+226 00 00 66 59;G069;Est;Urbain;Oui;48;35-49 ans;Primaire;4;Oui;Protestante;8;Non;29,2;12,57;1;0,8266;0,7
F06901477;Compaoré;Bintou;+226 00 00 22 39;G069;Est;Urbain;Oui;44;35-49 ans;Primaire;4;Oui;Musulmane;6;Non;23,8;9,45;1;0,8005;0,7
F06901478;Kinda;Awa;+226 00 00 92 71;G069;Est;Urbain;Oui;32;25-34 ans;Secondaire ou plus;4;Oui;Musulmane;2;Oui;23,5;12,65;1;0,6416;0,7
F06901479;Ouédraogo;Odile;+226 00 00 77 91;G069;Est;Urbain;Oui;33;25-34 ans;Primaire;2;Non;Musulmane;3;Non;28,8;12,49;1;1,3389;0,7
F06901480;Compaoré;Bintou;+226 00 00 78 72;G069;Est;Urbain;Oui;40;35-49 ans;Secondaire ou plus;2;Oui;Musulmane;3;Oui;21,4;27,09;1;1,1945;0,7
F06901481;Ouédraogo;Bintou;+226 00 00 96 95;G069;Est;Urbain;Oui;32;25-34 ans;Primaire;5;;Musulmane;4;Non;25,7;9,16;1;1,0083;0,7
F06901482;Kaboré;Aminata;+226 00 00 91 42;G069;Est;Urbain;Oui;29;25-34 ans;Secondaire ou plus;3;Oui;Traditionnelle;2;Oui;23,9;17,0;0;1,208;0,7
F06901483;Compaoré;Mariam;+226 00 00 25 75;G069;Est;Urbain;Oui;42;35-49 ans;Primaire;5;Oui;Musulmane;7;Oui;25,2;3,16;1;1,5527;0,7
F06901484;Kaboré;Rasmata;+226 00 00 91 44;G069;Est;Urbain;Oui;15;15-24 ans;Secondaire ou plus;2;Non;Catholique;0;Oui;25,7;0,9;1;1,1511;0,7
F06901485;Ouédraogo;Aminata;+226 00 00 27 33;G069;Est;Urbain;Oui;37;35-49 ans;Secondaire ou plus;3;Oui;Musulmane;3;Oui;22,0;17,66;1;0,8118;0,7
F06901486;Bado;Fatimata;+226 00 00 27 40;G069;Est;Urbain;Oui;31;25-34 ans;Secondaire ou plus;5;Oui;Traditionnelle;5;Oui;25,7;1,59;1;1,5792;0,7
F06901487;Ouédraogo;Fatimata;+226 00 00 76 73;G069;Est;Urbain;Oui;26;25-34 ans;Aucun;3;Oui;Musulmane;0;Non;19,6;14,0;0;1,5612;0,7
F06901488;Compaoré;Odile;+226 00 00 63 52;G069;Est;Urbain;Oui;46;35-49 ans;Primaire;5;Oui;Musulmane;6;Oui;29,4;13,68;1;1,1934;0,7
F06901489;Ouédraogo;Adjara;+226 00 00 13 56;G069;Est;Urbain;Oui;47;35-49 ans;Aucun;3;Non;Musulmane;7;Oui;25,3;8,25;1;1,0602;0,7
F06901490;Ouédraogo;Salimata;+226 00 00 98 48;G069;Est;Urbain;Oui;40;35-49 ans;Primaire;4;Oui;Musulmane;6;Non;22,8;18,15;1;1,4248;0,7
F06901491;Ilboudo;Awa;+226 00 00 71 65;G069;Est;Urbain;Oui;42;35-49 ans;Aucun;5;Oui;Musulmane;7;Non;30,4;9,83;1;0,952;0,7
F06901492;Sawadogo;Rasmata;+226 00 00 51 76;G069;Est;Urbain;Oui;38;35-49 ans;Primaire;4;Oui;Musulmane;5;Non;23,2;16,77;1;1,5328;0,7
F06901493;Kinda;Fatimata;+226 00 00 60 79;G069;Est;Urbain;Oui;17;15-24 ans;Aucun;3;Non;Musulmane;0;Oui;21,4;5,0;0;1,0886;0,7
F06901494;Ouédraogo;Awa;+226 00 00 96 87;G069;Est;Urbain;Oui;15;15-24 ans;Primaire;3;Oui;Protestante;0;Non;;3,0;0;1,165;0,7
F06901495;Sawadogo;Rasmata;+226 00 00 88 16;G069;Est;Urbain;Oui;15;15-24 ans;Secondaire ou plus;4;Oui;Musulmane;0;Non;23,7;3,0;0;1,0628;0,7
F06901496;Traoré;Odile;+226 00 00 78 59;G069;Est;Urbain;Oui;36;35-49 ans;Aucun;4;Non;Musulmane;1;Non;23,6;24,0;0;0,9043;0,7
F07001497;Yaméogo;Odile;+226 00 00 96 52;G070;Boucle du Mouhoun;Rural;Oui;24;15-24 ans;Secondaire ou plus;2;Non;Musulmane;2;Non;24,5;10,83;1;0,9477;0,241
F07001498;Ilboudo;Rasmata;+226 00 00 44 14;G070;Boucle du Mouhoun;Rural;Oui;20;15-24 ans;Aucun;3;Non;Protestante;0;Non;23,3;7,2;1;1,1929;0,241
F07001499;Traoré;Adjara;+226 00 00 60 90;G070;Boucle du Mouhoun;Rural;Oui;33;25-34 ans;Aucun;4;Non;Musulmane;5;Oui;21,0;2,01;1;0,9067;0,241
F07001500;Bado;Aminata;+226 00 00 71 52;G070;Boucle du Mouhoun;Rural;Oui;19;15-24 ans;Aucun;2;Non;Musulmane;0;Oui;24,6;7,0;0;1,5046;0,241
F07001501;Traoré;Awa;+226 00 00 79 51;G070;Boucle du Mouhoun;Rural;Oui;27;25-34 ans;Primaire;2;Non;Catholique;4;Non;22,8;1,66;1;0,6825;0,241
F07001502;Traoré;Bintou;+226 00 00 56 23;G070;Boucle du Mouhoun;Rural;Oui;39;35-49 ans;Aucun;3;Non;Protestante;5;Non;22,8;1,66;1;1,3181;0,241
F07001503;Compaoré;Salimata;+226 00 00 71 66;G070;Boucle du Mouhoun;Rural;Oui;33;25-34 ans;Aucun;3;Oui;Catholique;1;Oui;24,8;1,02;1;0,974;0,241
F07001504;Yaméogo;Adjara;+226 00 00 84 98;G070;Boucle du Mouhoun;Rural;Oui;26;25-34 ans;Aucun;3;Oui;Musulmane;2;Non;20,6;1,8;1;0,7303;0,241
F07001505;Traoré;Fatimata;+226 00 00 98 40;G070;Boucle du Mouhoun;Rural;Oui;49;35-49 ans;Aucun;5;Oui;Catholique;4;Oui;20,2;19,18;1;1,1719;0,241
F07001506;Ilboudo;Bintou;+226 00 00 72 11;G070;Boucle du Mouhoun;Rural;Oui;42;35-49 ans;Aucun;2;Oui;Protestante;2;Non;20,4;6,64;1;0,8132;0,241
F07001507;Zongo;Fatimata;+226 00 00 16 40;G070;Boucle du Mouhoun;Rural;Oui;35;35-49 ans;Aucun;2;Non;Traditionnelle;4;Non;22,8;20,75;1;0,6975;0,241
F07001508;Traoré;Odile;+226 00 00 25 91;G070;Boucle du Mouhoun;Rural;Oui;38;35-49 ans;Aucun;3;Non;Musulmane;5;Non;27,1;2,81;1;1,5837;0,241
F07001509;Kinda;Bintou;+226 00 00 14 59;G070;Boucle du Mouhoun;Rural;Oui;26;25-34 ans;Primaire;3;Non;Traditionnelle;2;Non;22,9;4,32;1;1,3985;0,241
F07001510;Bado;Bintou;+226 00 00 38 85;G070;Boucle du Mouhoun;Rural;Oui;19;15-24 ans;Aucun;1;Oui;Traditionnelle;1;Non;18,1;7,0;0;0,7208;0,241
F07001511;Sawadogo;Aminata;+226 00 00 56 10;G070;Boucle du Mouhoun;Rural;Oui;46;35-49 ans;Aucun;2;Non;Catholique;9;Non;30,1;34,0;0;1,1664;0,241
F07001512;Ilboudo;Salimata;+226 00 00 48 81;G070;Boucle du Mouhoun;Rural;Oui;36;35-49 ans;Aucun;2;Non;Catholique;6;Non;24,1;5,12;1;1,4496;0,241
F07001513;Kinda;Clarisse;+226 00 00 58 30;G070;Boucle du Mouhoun;Rural;Oui;34;25-34 ans;Primaire;4;Non;Catholique;4;Non;26,8;3,08;1;1,1567;0,241
F07001514;Ilboudo;Fatimata;+226 00 00 16 58;G070;Boucle du Mouhoun;Rural;Oui;21;15-24 ans;Aucun;2;Non;Musulmane;1;Non;23,5;0,95;1;1,1477;0,241
F07001515;Sawadogo;Clarisse;+226 00 00 38 34;G070;Boucle du Mouhoun;Rural;Oui;30;25-34 ans;Secondaire ou plus;3;Oui;Musulmane;1;Non;20,8;0,48;1;0,8309;0,241
F07001516;Ouédraogo;Salimata;+226 00 00 60 14;G070;Boucle du Mouhoun;Rural;Oui;43;35-49 ans;Aucun;3;Non;Musulmane;4;Non;25,6;0,22;1;0,6849;0,241
F07001517;Sawadogo;Odile;+226 00 00 80 97;G070;Boucle du Mouhoun;Rural;Oui;26;25-34 ans;Aucun;2;Oui;Musulmane;2;Non;24,6;0,86;1;1,0693;0,241
F07001518;Bado;Mariam;+226 00 00 58 83;G070;Boucle du Mouhoun;Rural;Oui;38;35-49 ans;Aucun;2;Oui;Musulmane;1;Non;23,8;0,39;1;1,1603;0,241
F07001519;Bado;Mariam;+226 00 00 55 56;G070;Boucle du Mouhoun;Rural;Oui;44;35-49 ans;Aucun;2;Non;Musulmane;5;Non;23,2;3,09;1;1,4219;0,241
F07001520;Ilboudo;Salimata;+226 00 00 94 34;G070;Boucle du Mouhoun;Rural;Oui;32;25-34 ans;Aucun;4;Oui;Musulmane;5;Non;26,8;11,0;1;1,4523;0,241
F07001521;Sawadogo;Salimata;+226 00 00 89 76;G070;Boucle du Mouhoun;Rural;Oui;42;35-49 ans;Primaire;3;Non;Musulmane;4;Oui;25,8;2,43;1;0,9108;0,241
F07001522;Zongo;Aminata;+226 00 00 27 95;G070;Boucle du Mouhoun;Rural;Oui;32;25-34 ans;Primaire;2;Non;Catholique;2;Non;20,7;8,55;1;1,2451;0,241
F07001523;Ouédraogo;Salimata;+226 00 00 68 36;G070;Boucle du Mouhoun;Rural;Oui;25;25-34 ans;Aucun;2;Non;Musulmane;0;Non;22,5;0,23;1;0,6071;0,241
F07001524;Bado;Adjara;+226 00 00 82 90;G070;Boucle du Mouhoun;Rural;Oui;34;25-34 ans;Aucun;1;Non;Catholique;2;Non;19,3;22,0;0;1,4024;0,241
F07001525;Traoré;Adjara;+226 00 00 41 10;G070;Boucle du Mouhoun;Rural;Oui;20;15-24 ans;Aucun;2;Non;Musulmane;1;Non;19,3;0,69;1;1,5433;0,241
F07101526;Compaoré;Rasmata;+226 00 00 22 60;G071;Sahel;Rural;Non;31;25-34 ans;Aucun;2;Non;Protestante;1;Non;18,4;10,73;1;0,8405;0,077
F07101527;Yaméogo;Aminata;+226 00 00 43 12;G071;Sahel;Rural;Non;18;15-24 ans;Aucun;1;Non;Catholique;0;Non;19,6;3,26;1;0,9033;0,077
F07101528;Yaméogo;Fatimata;+226 00 00 12 64;G071;Sahel;Rural;Non;28;25-34 ans;Aucun;2;Oui;Catholique;5;Oui;20,8;0,16;1;1,4098;0,077
F07101529;Yaméogo;Bintou;+226 00 00 80 34;G071;Sahel;Rural;Non;15;15-24 ans;Aucun;3;Non;Musulmane;0;Non;21,4;3,0;0;0,6037;0,077
F07101530;Ouédraogo;Clarisse;+226 00 00 26 25;G071;Sahel;Rural;Non;40;35-49 ans;Aucun;4;Non;Musulmane;2;Non;21,0;1,49;1;1,4292;0,077
F07101531;Zongo;Bintou;+226 00 00 62 91;G071;Sahel;Rural;Non;31;25-34 ans;Aucun;3;Non;Traditionnelle;2;Non;;15,41;1;1,2823;0,077
F07101532;Bado;Awa;+226 00 00 33 89;G071;Sahel;Rural;Non;15;15-24 ans;Aucun;4;Non;Protestante;0;Non;25,4;3,0;0;1,061;0,077
F07101533;Ouédraogo;Fatimata;+226 00 00 86 71;G071;Sahel;Rural;Non;31;25-34 ans;Secondaire ou plus;4;Oui;Catholique;1;Non;21,9;9,87;1;0,6696;0,077
F07101534;Ouédraogo;Aminata;+226 00 00 52 79;G071;Sahel;Rural;Non;17;15-24 ans;Aucun;3;Non;Catholique;0;Non;19,4;5,0;0;0,7088;0,077
F07101535;Ouédraogo;Mariam;+226 00 00 74 68;G071;Sahel;Rural;Non;40;35-49 ans;Aucun;2;Non;Catholique;2;Non;17,6;1,84;1;0,6353;0,077
F07101536;Sawadogo;Fatimata;+226 00 00 82 15;G071;Sahel;Rural;Non;26;25-34 ans;Aucun;2;Non;Musulmane;6;Oui;17,6;2,79;1;0,886;0,077
F07101537;Bado;Awa;+226 00 00 90 50;G071;Sahel;Rural;Non;43;35-49 ans;Aucun;3;Non;Musulmane;5;Non;22,4;6,16;1;1,4813;0,077
F07101538;Sawadogo;Bintou;+226 00 00 31 94;G071;Sahel;Rural;Non;35;35-49 ans;Aucun;3;Oui;Musulmane;2;Oui;23,5;15,65;1;1,3694;0,077
F07201539;Bado;Salimata;+226 00 00 35 28;G072;Centre;Rural;Oui;28;25-34 ans;Aucun;2;Non;Musulmane;2;Oui;25,3;1,03;1;1,432;0,462
F07201540;Yaméogo;Fatimata;+226 00 00 64 63;G072;Centre;Rural;Oui;26;25-34 ans;Primaire;2;Non;Musulmane;1;Non;21,8;2,46;1;1,0905;0,462
F07201541;Traoré;Adjara;+226 00 00 64 22;G072;Centre;Rural;Oui;33;25-34 ans;Aucun;1;Non;Catholique;4;Non;22,3;6,74;1;1,2818;0,462
F07201542;Zongo;Mariam;+226 00 00 53 94;G072;Centre;Rural;Oui;49;35-49 ans;Primaire;4;Non;Musulmane;3;Non;23,8;12,98;1;0,9719;0,462
F07201543;Sawadogo;Clarisse;+226 00 00 26 34;G072;Centre;Rural;Oui;25;25-34 ans;Aucun;2;;Musulmane;2;Oui;21,8;0,02;1;0,7483;0,462
F07201544;Compaoré;Awa;+226 00 00 47 27;G072;Centre;Rural;Oui;29;25-34 ans;Primaire;4;Non;Catholique;0;Non;20,9;9,74;1;1,2638;0,462
F07201545;Compaoré;Bintou;+226 00 00 72 48;G072;Centre;Rural;Oui;23;15-24 ans;Aucun;3;Non;Musulmane;1;Non;23,2;5,91;1;1,4131;0,462
F07201546;Compaoré;Bintou;+226 00 00 76 27;G072;Centre;Rural;Oui;31;25-34 ans;Aucun;2;Non;Musulmane;2;Oui;22,9;13,67;1;0,76;0,462
F07201547;Ilboudo;Awa;+226 00 00 26 18;G072;Centre;Rural;Oui;45;35-49 ans;Aucun;1;Non;Musulmane;4;Non;26,1;5,4;1;0,6649;0,462
F07201548;Zongo;Salimata;+226 00 00 69 23;G072;Centre;Rural;Oui;38;35-49 ans;Aucun;5;;Musulmane;4;Oui;24,8;7,15;1;0,9823;0,462
F07201549;Traoré;Mariam;+226 00 00 96 93;G072;Centre;Rural;Oui;23;15-24 ans;Aucun;4;;Musulmane;3;Non;26,1;11,0;0;0,7022;0,462
F07201550;Zongo;Bintou;+226 00 00 48 52;G072;Centre;Rural;Oui;21;15-24 ans;Aucun;2;Oui;Traditionnelle;0;Non;16,0;6,58;1;1,1118;0,462
F07201551;Kaboré;Mariam;+226 00 00 55 44;G072;Centre;Rural;Oui;43;35-49 ans;Primaire;2;Oui;Musulmane;7;Non;22,4;1,06;1;1,1906;0,462
F07201552;Sawadogo;Bintou;+226 00 00 39 42;G072;Centre;Rural;Oui;23;15-24 ans;Primaire;3;Non;Musulmane;0;Oui;26,3;11,0;0;0,6669;0,462
F07201553;Kaboré;Fatimata;+226 00 00 59 17;G072;Centre;Rural;Oui;24;15-24 ans;Primaire;3;Non;Catholique;2;Oui;29,4;6,38;1;0,9498;0,462
F07201554;Zongo;Aminata;+226 00 00 52 20;G072;Centre;Rural;Oui;25;25-34 ans;Primaire;2;Non;Traditionnelle;1;Non;23,7;3,6;1;0,9335;0,462
F07201555;Traoré;Adjara;+226 00 00 94 91;G072;Centre;Rural;Oui;27;25-34 ans;Aucun;1;Non;Musulmane;2;Non;20,1;8,05;1;1,2744;0,462
F07201556;Sawadogo;Bintou;+226 00 00 13 68;G072;Centre;Rural;Oui;21;15-24 ans;Primaire;4;Non;Musulmane;1;Oui;23,2;9,0;0;1,4701;0,462
F07201557;Ilboudo;Clarisse;+226 00 00 18 14;G072;Centre;Rural;Oui;15;15-24 ans;Secondaire ou plus;2;Oui;Musulmane;0;Non;19,4;3,0;0;0,8831;0,462
F07201558;Sawadogo;Odile;+226 00 00 33 95;G072;Centre;Rural;Oui;17;15-24 ans;Aucun;3;Non;Musulmane;0;Oui;18,8;5,0;0;1,3739;0,462
F07201559;Ouédraogo;Odile;+226 00 00 10 76;G072;Centre;Rural;Oui;39;35-49 ans;Aucun;3;Non;Musulmane;4;Non;26,0;13,76;1;0,9713;0,462
F07201560;Yaméogo;Aminata;+226 00 00 26 67;G072;Centre;Rural;Oui;30;25-34 ans;Secondaire ou plus;3;Non;Musulmane;2;Oui;22,3;2,02;1;0,7722;0,462
F07201561;Zongo;Bintou;+226 00 00 69 59;G072;Centre;Rural;Oui;43;35-49 ans;Aucun;3;Non;Musulmane;8;Oui;21,3;3,89;1;1,0613;0,462
F07201562;Yaméogo;Rasmata;+226 00 00 35 34;G072;Centre;Rural;Oui;17;15-24 ans;Primaire;3;Non;Protestante;0;Oui;29,6;1,11;1;0,8186;0,462
F07201563;Yaméogo;Odile;+226 00 00 57 87;G072;Centre;Rural;Oui;35;35-49 ans;Aucun;2;;Traditionnelle;6;Oui;19,4;4,71;1;1,1837;0,462
F07201564;Compaoré;Salimata;+226 00 00 72 58;G072;Centre;Rural;Oui;38;35-49 ans;Primaire;3;Oui;Protestante;4;Non;21,9;4,96;1;1,5764;0,462
F07301565;Kaboré;Awa;+226 00 00 10 62;G073;Hauts-Bassins;Rural;Non;41;35-49 ans;Aucun;1;Non;Musulmane;11;Non;21,7;10,34;1;0,8074;0,227
F07301566;Kinda;Mariam;+226 00 00 77 23;G073;Hauts-Bassins;Rural;Non;17;15-24 ans;Aucun;5;Oui;Musulmane;0;Non;20,2;5,0;0;1,4425;0,227
F07301567;Zongo;Awa;+226 00 00 63 19;G073;Hauts-Bassins;Rural;Non;31;25-34 ans;Aucun;2;Oui;Musulmane;2;Non;20,9;1,63;1;1,4119;0,227
F07301568;Compaoré;Aminata;+226 00 00 42 31;G073;Hauts-Bassins;Rural;Non;17;15-24 ans;Aucun;1;Non;Protestante;0;Non;22,1;3,06;1;1,428;0,227
F07301569;Yaméogo;Aminata;+226 00 00 83 20;G073;Hauts-Bassins;Rural;Non;19;15-24 ans;Primaire;2;Oui;Musulmane;0;Non;21,4;3,69;1;1,2625;0,227
F07301570;Bado;Odile;+226 00 00 82 60;G073;Hauts-Bassins;Rural;Non;45;35-49 ans;Primaire;3;Oui;Musulmane;8;Non;27,8;11,28;1;1,2845;0,227
F07301571;Sawadogo;Fatimata;+226 00 00 64 60;G073;Hauts-Bassins;Rural;Non;45;35-49 ans;Primaire;2;Oui;Musulmane;4;Non;23,8;0,92;1;1,5654;0,227
F07301572;Ouédraogo;Mariam;+226 00 00 59 76;G073;Hauts-Bassins;Rural;Non;21;15-24 ans;Aucun;4;Oui;Protestante;0;Non;18,8;4,17;1;1,458;0,227
F07301573;Zongo;Fatimata;+226 00 00 59 37;G073;Hauts-Bassins;Rural;Non;27;25-34 ans;Primaire;3;Oui;Musulmane;3;Non;28,6;15,0;0;0,989;0,227
F07301574;Kaboré;Fatimata;+226 00 00 47 56;G073;Hauts-Bassins;Rural;Non;25;25-34 ans;Aucun;2;Non;Musulmane;2;Non;20,6;6,59;1;1,5188;0,227
F07301575;Compaoré;Clarisse;+226 00 00 40 25;G073;Hauts-Bassins;Rural;Non;27;25-34 ans;Aucun;1;Oui;Musulmane;0;Oui;18,8;2,71;1;1,5646;0,227
F07301576;Kinda;Aminata;+226 00 00 87 25;G073;Hauts-Bassins;Rural;Non;20;15-24 ans;Aucun;1;Non;Musulmane;0;Non;21,9;8,0;0;1,5562;0,227
F07301577;Compaoré;Fatimata;+226 00 00 26 17;G073;Hauts-Bassins;Rural;Non;36;35-49 ans;Aucun;3;Non;Musulmane;6;Non;26,2;19,05;1;1,1014;0,227
F07301578;Traoré;Odile;+226 00 00 82 18;G073;Hauts-Bassins;Rural;Non;32;25-34 ans;Secondaire ou plus;3;;Musulmane;5;Oui;26,7;5,45;1;0,8124;0,227
F07301579;Traoré;Rasmata;+226 00 00 63 73;G073;Hauts-Bassins;Rural;Non;47;35-49 ans;Aucun;2;Non;Catholique;3;Non;23,3;1,36;1;1,2857;0,227
F07301580;Compaoré;Aminata;+226 00 00 35 80;G073;Hauts-Bassins;Rural;Non;35;35-49 ans;Aucun;2;Non;Protestante;2;Non;20,3;5,77;1;0,6791;0,227
F07301581;Kinda;Awa;+226 00 00 43 70;G073;Hauts-Bassins;Rural;Non;46;35-49 ans;Aucun;2;Non;Musulmane;8;Non;29,2;0,15;1;1,4463;0,227
F07301582;Ilboudo;Awa;+226 00 00 24 28;G073;Hauts-Bassins;Rural;Non;42;35-49 ans;Aucun;3;Non;Musulmane;4;Non;27,9;0,11;1;1,3908;0,227
F07301583;Ilboudo;Awa;+226 00 00 34 21;G073;Hauts-Bassins;Rural;Non;25;25-34 ans;Aucun;1;Non;Protestante;2;Non;28,8;10,91;1;1,2828;0,227
F07301584;Zongo;Aminata;+226 00 00 63 20;G073;Hauts-Bassins;Rural;Non;25;25-34 ans;Aucun;3;Oui;Catholique;0;Non;23,6;6,23;1;0,8798;0,227
F07301585;Sawadogo;Aminata;+226 00 00 30 23;G073;Hauts-Bassins;Rural;Non;31;25-34 ans;Aucun;3;Oui;Musulmane;2;Non;28,6;1,49;1;0,6045;0,227
F07301586;Compaoré;Bintou;+226 00 00 19 36;G073;Hauts-Bassins;Rural;Non;39;35-49 ans;Aucun;2;Non;Musulmane;3;Non;24,5;9,88;1;1,3393;0,227
F07401587;Sawadogo;Rasmata;+226 00 00 75 48;G074;Nord;Rural;Non;19;15-24 ans;Aucun;3;Oui;Musulmane;0;Non;19,4;7,0;0;0,7409;0,167
F07401588;Kaboré;Aminata;+226 00 00 91 45;G074;Nord;Rural;Non;28;25-34 ans;Aucun;1;Non;Musulmane;2;Non;17,9;2,7;1;1,2791;0,167
F07401589;Zongo;Clarisse;+226 00 00 74 11;G074;Nord;Rural;Non;17;15-24 ans;Aucun;3;Non;Protestante;0;Non;17,0;0,05;1;1,5001;0,167
F07401590;Zongo;Odile;+226 00 00 83 29;G074;Nord;Rural;Non;20;15-24 ans;Primaire;2;Oui;Musulmane;0;Non;;2,1;1;1,2106;0,167
F07401591;Yaméogo;Odile;+226 00 00 34 40;G074;Nord;Rural;Non;41;35-49 ans;Aucun;4;Non;Musulmane;3;Oui;20,5;18,45;1;1,0366;0,167
F07401592;Kinda;Aminata;+226 00 00 73 44;G074;Nord;Rural;Non;39;35-49 ans;Aucun;1;Non;Musulmane;4;Non;15,3;0,46;1;0,7982;0,167
F07401593;Compaoré;Adjara;+226 00 00 79 38;G074;Nord;Rural;Non;18;15-24 ans;Aucun;4;Oui;Musulmane;0;Non;20,1;4,99;1;0,6471;0,167
F07401594;Traoré;Bintou;+226 00 00 63 83;G074;Nord;Rural;Non;16;15-24 ans;Aucun;2;Oui;Catholique;0;Non;;4,0;0;1,4467;0,167
F07401595;Kinda;Bintou;+226 00 00 32 55;G074;Nord;Rural;Non;15;15-24 ans;Aucun;3;Non;Traditionnelle;0;Non;20,0;3,0;0;1,5185;0,167
F07401596;Bado;Salimata;+226 00 00 47 93;G074;Nord;Rural;Non;44;35-49 ans;Aucun;4;Non;Musulmane;11;Oui;20,6;3,0;1;0,6964;0,167
F07401597;Sawadogo;Clarisse;+226 00 00 36 11;G074;Nord;Rural;Non;20;15-24 ans;Aucun;1;Non;Musulmane;3;Non;19,4;8,0;0;1,534;0,167
F07401598;Ouédraogo;Salimata;+226 00 00 60 48;G074;Nord;Rural;Non;49;35-49 ans;Aucun;2;Non;Musulmane;10;Non;20,9;4,48;1;1,2586;0,167
F07401599;Zongo;Awa;+226 00 00 46 97;G074;Nord;Rural;Non;32;25-34 ans;Aucun;2;Non;Musulmane;5;Non;14,5;12,34;1;0,8375;0,167
F07401600;Ouédraogo;Rasmata;+226 00 00 49 66;G074;Nord;Rural;Non;35;35-49 ans;Primaire;2;Non;Musulmane;4;Non;18,0;21,09;1;1,2785;0,167
F07401601;Zongo;Odile;+226 00 00 14 31;G074;Nord;Rural;Non;35;35-49 ans;Primaire;4;Oui;Catholique;8;Oui;23,2;11,1;1;1,0582;0,167
F07401602;Kaboré;Rasmata;+226 00 00 42 53;G074;Nord;Rural;Non;19;15-24 ans;Aucun;4;Oui;Protestante;0;Non;23,2;3,15;1;1,3975;0,167
F07401603;Compaoré;Aminata;+226 00 00 17 13;G074;Nord;Rural;Non;36;35-49 ans;Aucun;1;Non;Musulmane;2;Non;18,9;5,72;1;1,0445;0,167
F07401604;Ouédraogo;Salimata;+226 00 00 20 66;G074;Nord;Rural;Non;29;25-34 ans;Aucun;1;Non;Musulmane;0;Non;18,5;14,46;1;1,1213;0,167
F07501605;Ilboudo;Awa;+226 00 00 72 81;G075;Est;Rural;Oui;47;35-49 ans;Primaire;2;Oui;Musulmane;5;Non;22,9;8,34;1;0,9137;0,387
F07501606;Sawadogo;Awa;+226 00 00 34 91;G075;Est;Rural;Oui;15;15-24 ans;Aucun;4;Non;Musulmane;0;Non;25,0;3,0;0;1,5187;0,387
F07501607;Sawadogo;Clarisse;+226 00 00 34 58;G075;Est;Rural;Oui;25;25-34 ans;Secondaire ou plus;2;Oui;Musulmane;1;Non;20,3;13,0;0;0,9274;0,387
F07501608;Compaoré;Rasmata;+226 00 00 83 42;G075;Est;Rural;Oui;36;35-49 ans;Aucun;1;Oui;Protestante;2;Non;23,5;1,16;1;1,133;0,387
F07501609;Kaboré;Fatimata;+226 00 00 86 49;G075;Est;Rural;Oui;26;25-34 ans;Aucun;3;Non;Musulmane;0;Non;22,1;4,77;1;1,1973;0,387
F07501610;Yaméogo;Salimata;+226 00 00 20 11;G075;Est;Rural;Oui;35;35-49 ans;Aucun;2;Non;Musulmane;6;Non;20,8;4,74;1;1,1962;0,387
F07501611;Sawadogo;Fatimata;+226 00 00 68 75;G075;Est;Rural;Oui;47;35-49 ans;Aucun;3;Non;Musulmane;3;Non;24,7;16,99;1;0,824;0,387
F07501612;Kinda;Mariam;+226 00 00 80 23;G075;Est;Rural;Oui;23;15-24 ans;Aucun;3;Non;Musulmane;1;Non;19,8;2,94;1;0,8337;0,387
F07501613;Ilboudo;Clarisse;+226 00 00 31 48;G075;Est;Rural;Oui;46;35-49 ans;Aucun;4;Non;Musulmane;2;Non;24,6;0,57;1;1,5781;0,387
F07501614;Ilboudo;Adjara;+226 00 00 51 66;G075;Est;Rural;Oui;45;35-49 ans;Aucun;3;Non;Musulmane;5;Non;18,7;9,67;1;0,7716;0,387
F07501615;Bado;Aminata;+226 00 00 33 49;G075;Est;Rural;Oui;36;35-49 ans;Aucun;3;Non;Protestante;3;Non;20,0;9,93;1;1,5358;0,387
F07501616;Compaoré;Awa;+226 00 00 67 51;G075;Est;Rural;Oui;21;15-24 ans;Aucun;2;Non;Musulmane;0;Non;20,5;2,18;1;1,1087;0,387
F07501617;Sawadogo;Salimata;+226 00 00 66 74;G075;Est;Rural;Oui;39;35-49 ans;Secondaire ou plus;2;Oui;Traditionnelle;4;Oui;22,1;15,42;1;1,5463;0,387
F07501618;Kinda;Salimata;+226 00 00 34 66;G075;Est;Rural;Oui;27;25-34 ans;Primaire;2;Non;Catholique;0;Non;24,9;15,0;0;1,0282;0,387
F07501619;Compaoré;Bintou;+226 00 00 43 24;G075;Est;Rural;Oui;46;35-49 ans;Primaire;1;Oui;Musulmane;6;Non;21,6;11,65;1;1,0448;0,387
F07501620;Kaboré;Aminata;+226 00 00 77 91;G075;Est;Rural;Oui;49;35-49 ans;Aucun;2;Oui;Traditionnelle;13;Non;22,8;28,0;1;0,892;0,387
F07501621;Yaméogo;Mariam;+226 00 00 73 91;G075;Est;Rural;Oui;15;15-24 ans;Aucun;2;Non;Catholique;0;Non;19,3;3,0;0;1,452;0,387
F07501622;Sawadogo;Bintou;+226 00 00 32 98;G075;Est;Rural;Oui;27;25-34 ans;Aucun;4;Oui;Musulmane;1;Non;23,5;4,0;1;1,3247;0,387
F07501623;Ilboudo;Bintou;+226 00 00 91 26;G075;Est;Rural;Oui;38;35-49 ans;Primaire;4;Oui;Musulmane;7;Oui;24,6;13,44;1;1,4772;0,387
F07501624;Ilboudo;Fatimata;+226 00 00 59 36;G075;Est;Rural;Oui;41;35-49 ans;Aucun;2;Oui;Musulmane;2;Non;19,5;14,65;1;1,0579;0,387
F07501625;Compaoré;Fatimata;+226 00 00 29 55;G075;Est;Rural;Oui;38;35-49 ans;Aucun;3;Oui;Musulmane;3;Non;20,9;12,71;1;1,3182;0,387
F07501626;Yaméogo;Clarisse;+226 00 00 84 94;G075;Est;Rural;Oui;16;15-24 ans;Secondaire ou plus;3;Oui;Catholique;0;Non;20,3;4,0;0;0,7488;0,387
F07501627;Sawadogo;Rasmata;+226 00 00 61 77;G075;Est;Rural;Oui;30;25-34 ans;Primaire;3;Non;Musulmane;3;Non;23,8;3,8;1;0,6329;0,387
F07501628;Zongo;Mariam;+226 00 00 45 11;G075;Est;Rural;Oui;41;35-49 ans;Primaire;1;Oui;Musulmane;6;Non;24,3;3,64;1;1,4477;0,387
F07501629;Ouédraogo;Awa;+226 00 00 31 17;G075;Est;Rural;Oui;21;15-24 ans;Aucun;3;Oui;Musulmane;3;Oui;19,1;9,0;0;1,415;0,387
F07501630;Yaméogo;Bintou;+226 00 00 41 40;G075;Est;Rural;Oui;15;15-24 ans;Secondaire ou plus;2;Non;Musulmane;0;Non;22,2;3,0;0;0,8131;0,387
F07501631;Bado;Adjara;+226 00 00 68 52;G075;Est;Rural;Oui;40;35-49 ans;Primaire;3;Non;Musulmane;1;Non;18,9;6,24;1;1,0828;0,387
F07501632;Traoré;Awa;+226 00 00 22 56;G075;Est;Rural;Oui;42;35-49 ans;Aucun;3;Non;Musulmane;4;Non;23,6;18,58;1;1,3107;0,387
F07501633;Ilboudo;Adjara;+226 00 00 63 14;G075;Est;Rural;Oui;32;25-34 ans;Aucun;1;Oui;Musulmane;3;Non;19,3;12,99;1;0,7234;0,387
F07501634;Kaboré;Awa;+226 00 00 70 82;G075;Est;Rural;Oui;26;25-34 ans;Aucun;1;Oui;Musulmane;1;Non;23,7;9,99;1;0,8193;0,387
F07501635;Yaméogo;Odile;+226 00 00 42 92;G075;Est;Rural;Oui;31;25-34 ans;Primaire;4;Non;Musulmane;0;Non;24,4;2,4;1;0,7758;0,387
F07601636;Sawadogo;Awa;+226 00 00 72 23;G076;Boucle du Mouhoun;Urbain;Oui;46;35-49 ans;Aucun;3;Non;Protestante;5;Non;26,9;5,15;1;1,5388;0,5
F07601637;Sawadogo;Rasmata;+226 00 00 23 14;G076;Boucle du Mouhoun;Urbain;Oui;40;35-49 ans;Secondaire ou plus;3;Oui;Catholique;4;Non;20,3;28,0;0;1,5275;0,5
F07601638;Ouédraogo;Rasmata;+226 00 00 70 17;G076;Boucle du Mouhoun;Urbain;Oui;42;35-49 ans;Primaire;5;Oui;Musulmane;4;Oui;22,6;15,53;1;0,603;0,5
F07601639;Kaboré;Bintou;+226 00 00 79 89;G076;Boucle du Mouhoun;Urbain;Oui;40;35-49 ans;Aucun;4;Non;Catholique;4;Non;22,1;22,31;1;0,9398;0,5
F07601640;Ouédraogo;Salimata;+226 00 00 17 26;G076;Boucle du Mouhoun;Urbain;Oui;20;15-24 ans;Secondaire ou plus;3;Oui;Musulmane;1;Oui;23,6;3,54;1;0,6409;0,5
F07601641;Bado;Adjara;+226 00 00 32 57;G076;Boucle du Mouhoun;Urbain;Oui;24;15-24 ans;Secondaire ou plus;2;Oui;Musulmane;2;Oui;24,1;8,25;1;0,8204;0,5
F07601642;Yaméogo;Odile;+226 00 00 15 75;G076;Boucle du Mouhoun;Urbain;Oui;36;35-49 ans;Aucun;1;Oui;Catholique;3;Oui;18,3;4,02;1;0,8622;0,5
F07601643;Compaoré;Salimata;+226 00 00 38 34;G076;Boucle du Mouhoun;Urbain;Oui;37;35-49 ans;Aucun;5;Oui;Musulmane;3;Non;19,2;4,56;1;0,6058;0,5
F07601644;Ilboudo;Odile;+226 00 00 61 31;G076;Boucle du Mouhoun;Urbain;Oui;39;35-49 ans;Secondaire ou plus;4;Oui;Musulmane;3;Non;18,5;11,27;1;1,1215;0,5
F07601645;Bado;Fatimata;+226 00 00 65 11;G076;Boucle du Mouhoun;Urbain;Oui;20;15-24 ans;Aucun;4;Oui;Catholique;1;Oui;20,9;4,67;1;1,3097;0,5
F07601646;Zongo;Clarisse;+226 00 00 37 97;G076;Boucle du Mouhoun;Urbain;Oui;32;25-34 ans;Secondaire ou plus;4;Oui;Musulmane;1;Oui;17,9;20,0;0;0,6548;0,5
F07601647;Kinda;Clarisse;+226 00 00 21 32;G076;Boucle du Mouhoun;Urbain;Oui;38;35-49 ans;Aucun;4;Oui;Musulmane;7;Oui;19,1;16,26;1;0,9025;0,5
F07701648;Sawadogo;Clarisse;+226 00 00 67 52;G077;Sahel;Rural;Non;31;25-34 ans;Aucun;2;Oui;Catholique;4;Non;20,0;9,09;1;0,6717;0,346
F07701649;Compaoré;Awa;+226 00 00 48 81;G077;Sahel;Rural;Non;29;25-34 ans;Aucun;3;Oui;Musulmane;3;Oui;22,9;0,94;1;1,2278;0,346
F07701650;Compaoré;Fatimata;+226 00 00 80 16;G077;Sahel;Rural;Non;30;25-34 ans;Aucun;4;Oui;Catholique;2;Oui;23,5;5,67;1;1,5982;0,346
F07701651;Ouédraogo;Awa;+226 00 00 22 15;G077;Sahel;Rural;Non;29;25-34 ans;Primaire;3;Oui;Musulmane;3;Oui;24,5;1,24;1;0,8619;0,346
F07701652;Ouédraogo;Odile;+226 00 00 41 80;G077;Sahel;Rural;Non;41;35-49 ans;Aucun;1;Non;Catholique;6;Oui;25,6;1,62;1;0,6474;0,346
F07701653;Ilboudo;Awa;+226 00 00 92 21;G077;Sahel;Rural;Non;34;25-34 ans;Aucun;2;Non;Musulmane;3;Non;26,8;2,12;1;1,0357;0,346
F07701654;Traoré;Odile;+226 00 00 22 61;G077;Sahel;Rural;Non;49;35-49 ans;Secondaire ou plus;3;Non;Traditionnelle;5;Non;24,8;16,82;1;1,3603;0,346
F07701655;Ouédraogo;Aminata;+226 00 00 82 24;G077;Sahel;Rural;Non;19;15-24 ans;Aucun;2;Non;Protestante;0;Non;21,4;7,0;0;1,3618;0,346
F07701656;Yaméogo;Salimata;+226 00 00 51 72;G077;Sahel;Rural;Non;40;35-49 ans;Aucun;1;Non;Musulmane;3;Non;19,8;1,7;1;0,6367;0,346
F07701657;Sawadogo;Adjara;+226 00 00 60 70;G077;Sahel;Rural;Non;39;35-49 ans;Primaire;4;Oui;Musulmane;2;Non;28,5;2,49;1;1,5847;0,346
F07701658;Ilboudo;Adjara;+226 00 00 90 73;G077;Sahel;Rural;Non;42;35-49 ans;Aucun;3;Oui;Musulmane;4;Oui;18,6;7,28;1;1,028;0,346
F07701659;Ilboudo;Rasmata;+226 00 00 84 79;G077;Sahel;Rural;Non;36;35-49 ans;Aucun;1;Oui;Catholique;3;Non;23,9;5,39;1;0,6898;0,346
F07701660;Traoré;Fatimata;+226 00 00 55 91;G077;Sahel;Rural;Non;37;35-49 ans;Aucun;4;Oui;Protestante;4;Oui;25,0;10,8;1;1,1957;0,346
F07701661;Kaboré;Awa;+226 00 00 19 62;G077;Sahel;Rural;Non;42;35-49 ans;Aucun;3;Non;Musulmane;3;Non;21,6;11,3;1;0,6511;0,346
F07701662;Yaméogo;Odile;+226 00 00 50 67;G077;Sahel;Rural;Non;32;25-34 ans;Primaire;5;Non;Musulmane;2;Oui;22,3;20,0;0;1,5668;0,346
F07701663;Ilboudo;Adjara;+226 00 00 78 50;G077;Sahel;Rural;Non;27;25-34 ans;Secondaire ou plus;5;Oui;Musulmane;2;Oui;23,0;8,16;1;1,4529;0,346
F07701664;Sawadogo;Bintou;+226 00 00 39 10;G077;Sahel;Rural;Non;31;25-34 ans;Aucun;2;Oui;Musulmane;2;Oui;23,1;2,34;1;1,4058;0,346
F07701665;Yaméogo;Adjara;+226 00 00 79 41;G077;Sahel;Rural;Non;36;35-49 ans;Secondaire ou plus;1;Oui;Catholique;7;Oui;23,0;24,0;0;0,9958;0,346
F07701666;Ilboudo;Fatimata;+226 00 00 75 71;G077;Sahel;Rural;Non;22;15-24 ans;Aucun;3;Non;Musulmane;2;Non;19,8;4,63;1;0,9165;0,346
F07701667;Traoré;Mariam;+226 00 00 58 77;G077;Sahel;Rural;Non;34;25-34 ans;Secondaire ou plus;3;Oui;Musulmane;3;Oui;25,4;22,0;0;0,9389;0,346
F07701668;Ouédraogo;Odile;+226 00 00 15 33;G077;Sahel;Rural;Non;42;35-49 ans;Aucun;2;Oui;Traditionnelle;2;Oui;22,6;3,37;1;0,867;0,346
F07701669;Traoré;Odile;+226 00 00 48 32;G077;Sahel;Rural;Non;18;15-24 ans;Aucun;3;Oui;Musulmane;0;Oui;18,0;6,0;0;1,4848;0,346
F07701670;Compaoré;Clarisse;+226 00 00 76 50;G077;Sahel;Rural;Non;48;35-49 ans;Primaire;4;Non;Musulmane;6;Oui;26,7;5,51;1;0,8126;0,346
F07701671;Kinda;Fatimata;+226 00 00 29 29;G077;Sahel;Rural;Non;21;15-24 ans;Secondaire ou plus;3;Oui;Musulmane;0;Oui;20,6;9,0;0;1,1347;0,346
F07701672;Bado;Fatimata;+226 00 00 27 89;G077;Sahel;Rural;Non;17;15-24 ans;Aucun;1;Oui;Protestante;0;Non;20,4;3,88;1;1,597;0,346
F07701673;Compaoré;Fatimata;+226 00 00 36 73;G077;Sahel;Rural;Non;44;35-49 ans;Aucun;2;Non;Musulmane;7;Oui;21,6;8,57;1;0,6702;0,346
F07801674;Kinda;Bintou;+226 00 00 16 30;G078;Centre;Rural;Non;22;15-24 ans;Aucun;3;Oui;Musulmane;1;Non;19,6;10,0;0;1,3755;0,154
F07801675;Ilboudo;Mariam;+226 00 00 37 39;G078;Centre;Rural;Non;21;15-24 ans;Aucun;2;Non;Musulmane;0;Non;;9,0;0;0,8547;0,154
F07801676;Ilboudo;Bintou;+226 00 00 53 15;G078;Centre;Rural;Non;48;35-49 ans;Aucun;2;Non;Musulmane;8;Oui;25,3;2,63;1;0,8016;0,154
F07801677;Ilboudo;Clarisse;+226 00 00 88 22;G078;Centre;Rural;Non;39;35-49 ans;Aucun;3;Non;Musulmane;5;Non;23,4;0,01;1;0,6177;0,154
F07801678;Sawadogo;Rasmata;+226 00 00 15 45;G078;Centre;Rural;Non;45;35-49 ans;Aucun;2;Oui;Protestante;3;Non;22,3;13,7;1;1,2917;0,154
F07801679;Sawadogo;Clarisse;+226 00 00 92 95;G078;Centre;Rural;Non;18;15-24 ans;Aucun;2;Non;Musulmane;1;Oui;24,5;6,0;0;1,1837;0,154
F07801680;Yaméogo;Awa;+226 00 00 66 49;G078;Centre;Rural;Non;21;15-24 ans;Aucun;2;Non;Musulmane;0;Non;18,1;0,96;1;0,8525;0,154
F07801681;Yaméogo;Adjara;+226 00 00 37 13;G078;Centre;Rural;Non;46;35-49 ans;Aucun;2;Non;Musulmane;7;Oui;21,8;2,02;1;0,7847;0,154
F07801682;Kaboré;Odile;+226 00 00 44 86;G078;Centre;Rural;Non;15;15-24 ans;Secondaire ou plus;3;Non;Catholique;0;Oui;21,1;3,0;0;1,2217;0,154
F07801683;Sawadogo;Fatimata;+226 00 00 26 41;G078;Centre;Rural;Non;30;25-34 ans;Aucun;2;Oui;Musulmane;2;Non;21,6;1,83;1;0,6578;0,154
F07801684;Zongo;Salimata;+226 00 00 14 64;G078;Centre;Rural;Non;43;35-49 ans;Aucun;2;Oui;Musulmane;5;Non;24,6;5,3;1;1,4333;0,154
F07801685;Traoré;Fatimata;+226 00 00 31 37;G078;Centre;Rural;Non;44;35-49 ans;Secondaire ou plus;1;Non;Catholique;3;Non;23,0;4,55;1;1,4505;0,154
F07801686;Zongo;Clarisse;+226 00 00 50 46;G078;Centre;Rural;Non;39;35-49 ans;Aucun;2;Oui;Musulmane;3;Non;23,2;14,02;1;1,207;0,154
F07901687;Traoré;Adjara;+226 00 00 59 23;G079;Hauts-Bassins;Rural;Non;40;35-49 ans;Aucun;1;Non;Musulmane;5;Non;22,9;7,21;1;0,7412;0,188
F07901688;Yaméogo;Mariam;+226 00 00 22 82;G079;Hauts-Bassins;Rural;Non;22;15-24 ans;Aucun;4;Oui;Musulmane;1;Non;25,1;8,45;1;1,0778;0,188
F07901689;Sawadogo;Adjara;+226 00 00 95 50;G079;Hauts-Bassins;Rural;Non;44;35-49 ans;Aucun;3;Non;Musulmane;3;Non;22,1;3,16;1;1,4102;0,188
F07901690;Kaboré;Salimata;+226 00 00 62 38;G079;Hauts-Bassins;Rural;Non;20;15-24 ans;Aucun;4;Oui;Protestante;0;Non;24,2;5,31;1;0,7563;0,188
F07901691;Zongo;Awa;+226 00 00 58 52;G079;Hauts-Bassins;Rural;Non;46;35-49 ans;Aucun;4;Non;Catholique;8;Non;27,5;3,76;1;1,2385;0,188
F07901692;Sawadogo;Mariam;+226 00 00 45 54;G079;Hauts-Bassins;Rural;Non;48;35-49 ans;Aucun;2;Non;Musulmane;9;Non;22,6;4,37;1;0,6607;0,188
F07901693;Ouédraogo;Awa;+226 00 00 66 58;G079;Hauts-Bassins;Rural;Non;48;35-49 ans;Aucun;3;Oui;Catholique;5;Non;23,9;3,73;1;0,891;0,188
F07901694;Compaoré;Aminata;+226 00 00 96 15;G079;Hauts-Bassins;Rural;Non;21;15-24 ans;Aucun;1;Oui;Musulmane;4;Non;22,7;1,68;1;1,3806;0,188
F07901695;Traoré;Awa;+226 00 00 12 46;G079;Hauts-Bassins;Rural;Non;30;25-34 ans;Aucun;4;Non;Traditionnelle;3;Oui;24,1;5,45;1;0,955;0,188
F07901696;Kinda;Clarisse;+226 00 00 39 61;G079;Hauts-Bassins;Rural;Non;37;35-49 ans;Aucun;3;Non;Musulmane;2;Non;27,5;19,15;1;0,6338;0,188
F07901697;Ouédraogo;Bintou;+226 00 00 74 96;G079;Hauts-Bassins;Rural;Non;22;15-24 ans;Aucun;1;Oui;Catholique;2;Non;22,0;10,0;0;1,1721;0,188
F07901698;Ouédraogo;Mariam;+226 00 00 65 82;G079;Hauts-Bassins;Rural;Non;25;25-34 ans;Secondaire ou plus;1;Non;Musulmane;1;Non;18,6;7,92;1;1,3281;0,188
F07901699;Kaboré;Adjara;+226 00 00 77 85;G079;Hauts-Bassins;Rural;Non;25;25-34 ans;Aucun;3;Oui;Catholique;5;Non;21,8;8,94;1;1,514;0,188
F07901700;Ilboudo;Mariam;+226 00 00 35 90;G079;Hauts-Bassins;Rural;Non;21;15-24 ans;Primaire;1;Non;Catholique;1;Non;19,3;9,0;0;1,5715;0,188
F07901701;Kaboré;Rasmata;+226 00 00 12 96;G079;Hauts-Bassins;Rural;Non;40;35-49 ans;Primaire;2;Oui;Traditionnelle;9;Non;19,7;3,18;1;1,3982;0,188
F07901702;Yaméogo;Rasmata;+226 00 00 87 80;G079;Hauts-Bassins;Rural;Non;37;35-49 ans;Aucun;1;Non;Traditionnelle;5;Non;;20,42;1;1,4152;0,188
F08001703;Traoré;Aminata;+226 00 00 87 41;G080;Nord;Rural;Non;48;35-49 ans;Primaire;4;Non;Traditionnelle;6;Oui;21,6;33,29;1;0,9194;0,296
F08001704;Compaoré;Bintou;+226 00 00 82 15;G080;Nord;Rural;Non;44;35-49 ans;Aucun;5;Non;Musulmane;4;Non;22,9;3,24;1;1,0238;0,296
F08001705;Kaboré;Salimata;+226 00 00 30 72;G080;Nord;Rural;Non;35;35-49 ans;Aucun;2;Oui;Catholique;0;Oui;20,9;0,74;1;0,9983;0,296
F08001706;Kaboré;Salimata;+226 00 00 85 79;G080;Nord;Rural;Non;18;15-24 ans;Primaire;3;Non;Musulmane;0;Oui;20,4;5,43;1;1,0993;0,296
F08001707;Bado;Salimata;+226 00 00 17 26;G080;Nord;Rural;Non;39;35-49 ans;Secondaire ou plus;3;Non;Musulmane;3;Non;19,7;14,17;1;1,5168;0,296
F08001708;Kinda;Rasmata;+226 00 00 92 46;G080;Nord;Rural;Non;35;35-49 ans;Aucun;2;Oui;Musulmane;4;Non;14,3;19,9;1;1,0038;0,296
F08001709;Ilboudo;Fatimata;+226 00 00 96 89;G080;Nord;Rural;Non;15;15-24 ans;Aucun;2;Non;Musulmane;0;Non;20,0;3,0;0;1,1955;0,296
F08001710;Ilboudo;Rasmata;+226 00 00 78 83;G080;Nord;Rural;Non;48;35-49 ans;Aucun;4;Oui;Musulmane;6;Oui;22,1;32,86;1;1,3364;0,296
F08001711;Sawadogo;Adjara;+226 00 00 24 35;G080;Nord;Rural;Non;28;25-34 ans;Primaire;3;Oui;Musulmane;0;Oui;21,7;0,78;1;0,6407;0,296
F08001712;Zongo;Salimata;+226 00 00 15 90;G080;Nord;Rural;Non;45;35-49 ans;Aucun;3;Non;Protestante;3;Non;20,4;17,81;1;0,8301;0,296
F08001713;Compaoré;Awa;+226 00 00 61 85;G080;Nord;Rural;Non;44;35-49 ans;Aucun;3;Non;Protestante;3;Oui;21,1;0,37;1;1,4548;0,296
F08001714;Kinda;Mariam;+226 00 00 33 37;G080;Nord;Rural;Non;30;25-34 ans;Aucun;1;Non;Musulmane;2;Oui;16,1;18,0;0;0,8297;0,296
F08001715;Bado;Fatimata;+226 00 00 30 31;G080;Nord;Rural;Non;41;35-49 ans;Aucun;2;Non;Musulmane;3;Non;19,9;8,3;1;1,0892;0,296
F08001716;Kinda;Mariam;+226 00 00 75 16;G080;Nord;Rural;Non;32;25-34 ans;Aucun;1;Non;Musulmane;6;Oui;25,2;0,27;1;1,4931;0,296
F08001717;Yaméogo;Adjara;+226 00 00 10 13;G080;Nord;Rural;Non;23;15-24 ans;Secondaire ou plus;2;Oui;Musulmane;0;Non;22,1;8,03;1;1,5828;0,296
F08001718;Yaméogo;Odile;+226 00 00 51 97;G080;Nord;Rural;Non;21;15-24 ans;Aucun;1;Non;Catholique;0;Non;16,5;9,0;0;0,847;0,296
F08001719;Traoré;Mariam;+226 00 00 83 46;G080;Nord;Rural;Non;26;25-34 ans;Aucun;3;Oui;Musulmane;3;Non;14,0;14,0;0;1,0211;0,296
F08001720;Ouédraogo;Fatimata;+226 00 00 17 45;G080;Nord;Rural;Non;30;25-34 ans;Aucun;5;Non;Catholique;4;Oui;23,5;12,0;1;1,2826;0,296
F08001721;Compaoré;Aminata;+226 00 00 25 58;G080;Nord;Rural;Non;27;25-34 ans;Aucun;1;Oui;Protestante;2;Non;14,6;6,94;1;0,9917;0,296
F08001722;Sawadogo;Adjara;+226 00 00 59 49;G080;Nord;Rural;Non;21;15-24 ans;Aucun;2;Non;Traditionnelle;2;Non;26,8;9,0;0;0,7417;0,296
F08001723;Sawadogo;Awa;+226 00 00 91 54;G080;Nord;Rural;Non;48;35-49 ans;Secondaire ou plus;1;Oui;Musulmane;5;Non;;36,0;0;1,5849;0,296
F08001724;Ouédraogo;Adjara;+226 00 00 69 74;G080;Nord;Rural;Non;40;35-49 ans;Aucun;3;Non;Musulmane;6;Oui;25,7;8,59;1;0,9292;0,296
F08001725;Zongo;Salimata;+226 00 00 86 33;G080;Nord;Rural;Non;22;15-24 ans;Aucun;3;Non;Musulmane;2;Non;23,6;10,0;0;1,2487;0,296
F08001726;Ilboudo;Aminata;+226 00 00 88 81;G080;Nord;Rural;Non;40;35-49 ans;Primaire;4;Non;Musulmane;2;Non;22,9;0,12;1;0,7666;0,296
F08001727;Yaméogo;Mariam;+226 00 00 75 19;G080;Nord;Rural;Non;36;35-49 ans;Aucun;3;Oui;Musulmane;3;Non;18,7;13,87;1;0,8152;0,296
F08001728;Ilboudo;Bintou;+226 00 00 72 74;G080;Nord;Rural;Non;15;15-24 ans;Secondaire ou plus;2;Non;Musulmane;0;Non;19,4;3,0;0;1,1362;0,296
F08001729;Compaoré;Odile;+226 00 00 39 81;G080;Nord;Rural;Non;34;25-34 ans;Aucun;2;;Musulmane;3;Oui;16,2;22,0;0;1,0721;0,296
F08101730;Kinda;Rasmata;+226 00 00 71 39;G081;Est;Rural;Oui;39;35-49 ans;Secondaire ou plus;3;Non;Musulmane;8;Oui;22,7;1,28;1;1,4011;0,174
F08101731;Ilboudo;Fatimata;+226 00 00 67 96;G081;Est;Rural;Oui;35;35-49 ans;Aucun;1;Oui;Catholique;4;Non;15,3;5,72;1;1,0514;0,174
F08101732;Yaméogo;Mariam;+226 00 00 50 17;G081;Est;Rural;Oui;40;35-49 ans;Aucun;3;Non;Musulmane;4;Non;19,6;2,07;1;0,9389;0,174
F08101733;Sawadogo;Fatimata;+226 00 00 71 18;G081;Est;Rural;Oui;23;15-24 ans;Aucun;2;Non;Catholique;0;Non;19,0;8,52;1;1,1098;0,174
F08101734;Ouédraogo;Bintou;+226 00 00 30 53;G081;Est;Rural;Oui;22;15-24 ans;Aucun;2;Oui;Traditionnelle;0;Non;20,6;1,34;1;1,2918;0,174
F08101735;Sawadogo;Aminata;+226 00 00 33 72;G081;Est;Rural;Oui;42;35-49 ans;Aucun;3;Non;Catholique;4;Non;21,8;3,97;1;0,8484;0,174
F08101736;Yaméogo;Mariam;+226 00 00 12 64;G081;Est;Rural;Oui;39;35-49 ans;Aucun;2;Non;Musulmane;5;Non;20,0;6,61;1;1,173;0,174
F08101737;Kinda;Fatimata;+226 00 00 37 34;G081;Est;Rural;Oui;20;15-24 ans;Aucun;4;Non;Musulmane;0;Non;20,5;5,38;1;0,7192;0,174
F08101738;Ilboudo;Bintou;+226 00 00 75 84;G081;Est;Rural;Oui;19;15-24 ans;Aucun;2;Non;Traditionnelle;0;Non;15,4;0,77;1;1,1424;0,174
F08101739;Yaméogo;Awa;+226 00 00 33 17;G081;Est;Rural;Oui;33;25-34 ans;Aucun;2;Non;Musulmane;3;Non;19,7;4,8;1;1,0897;0,174
F08101740;Sawadogo;Odile;+226 00 00 49 78;G081;Est;Rural;Oui;47;35-49 ans;Aucun;2;Oui;Traditionnelle;5;Non;16,1;13,14;1;1,2247;0,174
F08101741;Ilboudo;Odile;+226 00 00 20 35;G081;Est;Rural;Oui;40;35-49 ans;Aucun;1;Oui;Musulmane;9;Non;19,1;1,03;1;0,8378;0,174
F08101742;Compaoré;Fatimata;+226 00 00 82 29;G081;Est;Rural;Oui;42;35-49 ans;Aucun;3;Non;Musulmane;4;Non;19,7;3,99;1;0,6268;0,174
F08101743;Compaoré;Clarisse;+226 00 00 54 68;G081;Est;Rural;Oui;34;25-34 ans;Primaire;1;Oui;Musulmane;3;Non;20,4;22,0;0;0,8411;0,174
F08101744;Ouédraogo;Odile;+226 00 00 52 65;G081;Est;Rural;Oui;22;15-24 ans;Aucun;1;Non;Musulmane;1;Non;21,7;4,94;1;1,4882;0,174
F08101745;Traoré;Bintou;+226 00 00 49 70;G081;Est;Rural;Oui;22;15-24 ans;Aucun;2;Non;Musulmane;0;Non;21,4;10,0;0;0,7638;0,174
F08101746;Yaméogo;Clarisse;+226 00 00 96 74;G081;Est;Rural;Oui;15;15-24 ans;Aucun;3;Non;Musulmane;0;Non;19,1;3,0;0;1,4319;0,174
F08101747;Sawadogo;Awa;+226 00 00 60 81;G081;Est;Rural;Oui;15;15-24 ans;Secondaire ou plus;3;Non;Musulmane;0;Non;25,7;3,0;0;0,8406;0,174
F08101748;Ouédraogo;Clarisse;+226 00 00 48 21;G081;Est;Rural;Oui;27;25-34 ans;Primaire;1;Oui;Musulmane;2;Non;;1,24;1;1,1742;0,174
F08101749;Zongo;Mariam;+226 00 00 39 67;G081;Est;Rural;Oui;32;25-34 ans;Aucun;1;Oui;Protestante;5;Non;18,4;19,88;1;0,7172;0,174
F08101750;Zongo;Aminata;+226 00 00 55 61;G081;Est;Rural;Oui;32;25-34 ans;Aucun;2;Non;Traditionnelle;3;Non;19,3;6,96;1;0,8656;0,174
F08101751;Kaboré;Odile;+226 00 00 13 27;G081;Est;Rural;Oui;47;35-49 ans;Aucun;4;Non;Musulmane;3;Oui;20,0;4,77;1;1,3931;0,174
F08101752;Kaboré;Aminata;+226 00 00 62 18;G081;Est;Rural;Oui;48;35-49 ans;Aucun;2;Non;Catholique;7;Non;22,9;2,86;1;0,7112;0,174
F08201753;Bado;Rasmata;+226 00 00 48 93;G082;Boucle du Mouhoun;Rural;Oui;37;35-49 ans;Aucun;3;Non;Musulmane;4;Non;18,1;2,13;1;1,2125;0,346
F08201754;Compaoré;Adjara;+226 00 00 59 36;G082;Boucle du Mouhoun;Rural;Oui;21;15-24 ans;Aucun;1;Non;Musulmane;0;Non;20,9;9,0;0;0,7987;0,346
F08201755;Traoré;Adjara;+226 00 00 43 93;G082;Boucle du Mouhoun;Rural;Oui;32;25-34 ans;Secondaire ou plus;2;Non;Catholique;2;Non;27,7;20,0;0;0,8043;0,346
F08201756;Sawadogo;Mariam;+226 00 00 59 47;G082;Boucle du Mouhoun;Rural;Oui;31;25-34 ans;Aucun;2;Non;Musulmane;3;Non;20,4;1,58;1;1,1637;0,346
F08201757;Yaméogo;Bintou;+226 00 00 26 86;G082;Boucle du Mouhoun;Rural;Oui;20;15-24 ans;Aucun;3;Non;Protestante;1;Non;12,8;4,85;1;1,0204;0,346
F08201758;Bado;Adjara;+226 00 00 82 77;G082;Boucle du Mouhoun;Rural;Oui;43;35-49 ans;Secondaire ou plus;3;Oui;Protestante;6;Oui;21,0;17,73;1;1,325;0,346
F08201759;Kinda;Odile;+226 00 00 64 46;G082;Boucle du Mouhoun;Rural;Oui;35;35-49 ans;Aucun;4;Oui;Musulmane;2;Non;19,7;23,0;0;1,0313;0,346
F08201760;Compaoré;Awa;+226 00 00 11 88;G082;Boucle du Mouhoun;Rural;Oui;31;25-34 ans;Aucun;3;Non;Traditionnelle;3;Non;;1,09;1;0,7009;0,346
F08201761;Yaméogo;Mariam;+226 00 00 88 29;G082;Boucle du Mouhoun;Rural;Oui;25;25-34 ans;Aucun;3;Non;Musulmane;1;Oui;22,4;13,0;0;1,2833;0,346
F08201762;Ouédraogo;Aminata;+226 00 00 14 20;G082;Boucle du Mouhoun;Rural;Oui;43;35-49 ans;Primaire;1;Oui;Catholique;6;Non;24,8;0,9;1;0,8828;0,346
F08201763;Zongo;Rasmata;+226 00 00 24 47;G082;Boucle du Mouhoun;Rural;Oui;22;15-24 ans;Aucun;1;Non;Musulmane;1;Non;24,6;10,0;0;1,0807;0,346
F08201764;Zongo;Adjara;+226 00 00 86 37;G082;Boucle du Mouhoun;Rural;Oui;15;15-24 ans;Aucun;3;Oui;Musulmane;0;Non;20,8;1,53;1;1,0074;0,346
F08201765;Kinda;Salimata;+226 00 00 48 16;G082;Boucle du Mouhoun;Rural;Oui;23;15-24 ans;Aucun;4;Non;Catholique;1;Non;24,0;0,95;1;0,885;0,346
F08201766;Ouédraogo;Bintou;+226 00 00 64 46;G082;Boucle du Mouhoun;Rural;Oui;32;25-34 ans;Aucun;4;Oui;Musulmane;4;Non;17,9;9,63;1;0,865;0,346
F08201767;Zongo;Odile;+226 00 00 81 31;G082;Boucle du Mouhoun;Rural;Oui;34;25-34 ans;Secondaire ou plus;2;Oui;Musulmane;3;Non;18,6;17,04;1;1,4593;0,346
F08201768;Kaboré;Awa;+226 00 00 49 50;G082;Boucle du Mouhoun;Rural;Oui;46;35-49 ans;Primaire;3;Oui;Musulmane;7;Oui;22,2;1,04;1;0,9767;0,346
F08201769;Yaméogo;Salimata;+226 00 00 33 54;G082;Boucle du Mouhoun;Rural;Oui;47;35-49 ans;Secondaire ou plus;5;Non;Catholique;5;Oui;21,6;18,51;1;0,8;0,346
F08201770;Compaoré;Awa;+226 00 00 76 68;G082;Boucle du Mouhoun;Rural;Oui;23;15-24 ans;Secondaire ou plus;2;Non;Catholique;1;Non;21,9;8,53;1;0,8231;0,346
F08201771;Ouédraogo;Clarisse;+226 00 00 92 40;G082;Boucle du Mouhoun;Rural;Oui;30;25-34 ans;Aucun;3;Oui;Musulmane;3;Non;22,6;9,22;1;1,3349;0,346
F08201772;Yaméogo;Awa;+226 00 00 32 66;G082;Boucle du Mouhoun;Rural;Oui;34;25-34 ans;Aucun;2;;Catholique;2;Non;22,1;4,69;1;0,6713;0,346
F08201773;Traoré;Awa;+226 00 00 16 93;G082;Boucle du Mouhoun;Rural;Oui;26;25-34 ans;Aucun;3;Non;Musulmane;2;Oui;16,9;14,0;0;0,7933;0,346
F08201774;Traoré;Adjara;+226 00 00 54 47;G082;Boucle du Mouhoun;Rural;Oui;32;25-34 ans;Aucun;5;Non;Musulmane;1;Non;20,5;13,9;1;1,4251;0,346
F08201775;Yaméogo;Clarisse;+226 00 00 37 30;G082;Boucle du Mouhoun;Rural;Oui;16;15-24 ans;Aucun;3;Non;Musulmane;0;Non;18,6;4,0;0;1,5665;0,346
F08201776;Sawadogo;Odile;+226 00 00 33 22;G082;Boucle du Mouhoun;Rural;Oui;44;35-49 ans;Secondaire ou plus;3;Oui;Traditionnelle;4;Non;23,1;7,39;1;0,6811;0,346
F08201777;Kinda;Salimata;+226 00 00 80 64;G082;Boucle du Mouhoun;Rural;Oui;49;35-49 ans;Aucun;2;Non;Musulmane;3;Non;20,8;15,18;1;1,0198;0,346
F08201778;Compaoré;Bintou;+226 00 00 33 64;G082;Boucle du Mouhoun;Rural;Oui;29;25-34 ans;Primaire;5;Oui;Musulmane;1;Non;22,7;0,02;1;1,4847;0,346
F08301779;Ilboudo;Aminata;+226 00 00 25 72;G083;Sahel;Rural;Non;26;25-34 ans;Aucun;2;Non;Musulmane;3;Non;18,9;2,45;1;1,25;0,235
F08301780;Ouédraogo;Rasmata;+226 00 00 93 61;G083;Sahel;Rural;Non;45;35-49 ans;Primaire;3;Non;Musulmane;4;Oui;20,7;1,83;1;0,674;0,235
F08301781;Bado;Rasmata;+226 00 00 93 80;G083;Sahel;Rural;Non;30;25-34 ans;Aucun;2;Oui;Traditionnelle;3;Non;25,6;3,71;1;1,2483;0,235
F08301782;Bado;Aminata;+226 00 00 75 80;G083;Sahel;Rural;Non;36;35-49 ans;Secondaire ou plus;2;Oui;Musulmane;2;Non;19,5;2,11;1;1,1149;0,235
F08301783;Compaoré;Mariam;+226 00 00 48 64;G083;Sahel;Rural;Non;44;35-49 ans;Aucun;3;Non;Musulmane;7;Non;27,2;14,05;1;0,9862;0,235
F08301784;Yaméogo;Adjara;+226 00 00 93 50;G083;Sahel;Rural;Non;20;15-24 ans;Secondaire ou plus;2;Non;Musulmane;0;Non;21,2;6,75;1;0,9725;0,235
F08301785;Ouédraogo;Rasmata;+226 00 00 37 45;G083;Sahel;Rural;Non;46;35-49 ans;Aucun;2;Non;Musulmane;9;Oui;20,9;8,43;1;1,3038;0,235
F08301786;Sawadogo;Rasmata;+226 00 00 14 96;G083;Sahel;Rural;Non;32;25-34 ans;Aucun;3;Non;Musulmane;4;Non;26,8;3,17;1;1,2125;0,235
F08301787;Traoré;Salimata;+226 00 00 77 75;G083;Sahel;Rural;Non;40;35-49 ans;Aucun;4;Non;Traditionnelle;4;Non;22,1;9,01;1;1,5456;0,235
F08301788;Kaboré;Bintou;+226 00 00 82 31;G083;Sahel;Rural;Non;48;35-49 ans;Aucun;4;Non;Catholique;10;Non;23,0;0,96;1;0,9921;0,235
F08301789;Bado;Clarisse;+226 00 00 36 60;G083;Sahel;Rural;Non;45;35-49 ans;Aucun;2;Oui;Protestante;5;Non;21,2;11,93;1;0,8423;0,235
F08301790;Kaboré;Awa;+226 00 00 65 68;G083;Sahel;Rural;Non;45;35-49 ans;Aucun;1;Non;Catholique;5;Non;20,1;5,53;1;1,3742;0,235
F08301791;Kaboré;Fatimata;+226 00 00 37 36;G083;Sahel;Rural;Non;32;25-34 ans;Aucun;1;Non;Musulmane;5;Oui;19,5;5,71;1;1,5;0,235
F08301792;Yaméogo;Clarisse;+226 00 00 58 11;G083;Sahel;Rural;Non;32;25-34 ans;Aucun;1;Non;Musulmane;3;Non;;9,54;1;1,0527;0,235
F08301793;Yaméogo;Rasmata;+226 00 00 49 12;G083;Sahel;Rural;Non;37;35-49 ans;Aucun;2;Non;Musulmane;2;Non;20,3;10,15;1;0,6858;0,235
F08301794;Ouédraogo;Fatimata;+226 00 00 82 79;G083;Sahel;Rural;Non;26;25-34 ans;Primaire;3;Non;Traditionnelle;1;Oui;18,5;0,24;1;1,0302;0,235
F08301795;Ilboudo;Salimata;+226 00 00 76 73;G083;Sahel;Rural;Non;48;35-49 ans;Aucun;4;Non;Catholique;5;Oui;19,8;11,1;1;0,6094;0,235
F08401796;Compaoré;Fatimata;+226 00 00 88 13;G084;Centre;Rural;Non;25;25-34 ans;Primaire;2;Non;Catholique;1;Non;17,6;4,74;1;1,5112;0,467
F08401797;Ilboudo;Mariam;+226 00 00 77 50;G084;Centre;Rural;Non;43;35-49 ans;Primaire;2;Oui;Musulmane;2;Oui;23,5;5,37;1;0,7621;0,467
F08401798;Ilboudo;Awa;+226 00 00 61 41;G084;Centre;Rural;Non;45;35-49 ans;Aucun;2;Non;Musulmane;10;Non;16,2;1,14;1;1,5506;0,467
F08401799;Yaméogo;Clarisse;+226 00 00 61 22;G084;Centre;Rural;Non;44;35-49 ans;Primaire;2;Non;Musulmane;3;Non;18,2;25,0;1;1,3457;0,467
F08401800;Kaboré;Awa;+226 00 00 68 72;G084;Centre;Rural;Non;37;35-49 ans;Primaire;3;Non;Musulmane;5;Non;21,6;11,88;1;1,0351;0,467
F08401801;Kinda;Clarisse;+226 00 00 70 16;G084;Centre;Rural;Non;17;15-24 ans;Primaire;4;Non;Musulmane;0;Oui;23,4;5,0;0;1,1214;0,467
F08401802;Kaboré;Adjara;+226 00 00 16 83;G084;Centre;Rural;Non;27;25-34 ans;Aucun;2;Oui;Musulmane;2;Oui;18,6;0,63;1;1,1481;0,467
F08401803;Ouédraogo;Fatimata;+226 00 00 90 94;G084;Centre;Rural;Non;16;15-24 ans;Aucun;2;Non;Protestante;0;Non;21,3;4,0;0;0,6211;0,467
F08401804;Kaboré;Aminata;+226 00 00 43 88;G084;Centre;Rural;Non;39;35-49 ans;Primaire;3;Oui;Protestante;4;Oui;19,6;26,02;1;1,0187;0,467
F08401805;Compaoré;Fatimata;+226 00 00 18 39;G084;Centre;Rural;Non;37;35-49 ans;Aucun;2;Non;Protestante;3;Oui;22,2;4,99;1;1,1298;0,467
F08401806;Zongo;Fatimata;+226 00 00 55 73;G084;Centre;Rural;Non;22;15-24 ans;Aucun;3;Non;Musulmane;0;Non;17,3;2,08;1;1,5165;0,467
F08401807;Kaboré;Salimata;+226 00 00 66 41;G084;Centre;Rural;Non;42;35-49 ans;Aucun;3;Non;Catholique;4;Oui;21,8;25,02;1;0,8472;0,467
F08401808;Compaoré;Clarisse;+226 00 00 30 20;G084;Centre;Rural;Non;25;25-34 ans;Secondaire ou plus;3;Non;Musulmane;0;Oui;19,7;3,76;1;1,4824;0,467
F08401809;Compaoré;Rasmata;+226 00 00 64 52;G084;Centre;Rural;Non;31;25-34 ans;Aucun;3;Non;Musulmane;7;Oui;18,1;2,4;1;1,1527;0,467
F08401810;Ilboudo;Bintou;+226 00 00 60 89;G084;Centre;Rural;Non;34;25-34 ans;Primaire;3;Non;Catholique;8;Oui;25,3;0,12;1;0,6387;0,467
F08401811;Compaoré;Awa;+226 00 00 98 71;G084;Centre;Rural;Non;45;35-49 ans;Primaire;3;Oui;Musulmane;5;Oui;23,4;3,3;1;0,8732;0,467
F08401812;Traoré;Bintou;+226 00 00 21 12;G084;Centre;Rural;Non;37;35-49 ans;Secondaire ou plus;3;Oui;Musulmane;2;Non;22,3;17,46;1;0,9092;0,467
F08401813;Kinda;Fatimata;+226 00 00 22 11;G084;Centre;Rural;Non;29;25-34 ans;Secondaire ou plus;4;Non;Musulmane;2;Non;21,3;5,16;1;0,847;0,467
F08401814;Yaméogo;Rasmata;+226 00 00 36 15;G084;Centre;Rural;Non;25;25-34 ans;Aucun;2;Oui;Musulmane;1;Oui;16,4;9,43;1;1,1185;0,467
F08401815;Zongo;Adjara;+226 00 00 72 98;G084;Centre;Rural;Non;42;35-49 ans;Aucun;2;Oui;Musulmane;7;Non;22,3;3,71;1;0,7185;0,467
F08401816;Compaoré;Adjara;+226 00 00 13 76;G084;Centre;Rural;Non;15;15-24 ans;Aucun;2;Oui;Musulmane;0;Non;14,1;3,0;0;0,7867;0,467
F08401817;Zongo;Fatimata;+226 00 00 74 58;G084;Centre;Rural;Non;35;35-49 ans;Aucun;2;Non;Musulmane;3;Non;22,3;0,57;1;0,8656;0,467
F08401818;Kinda;Bintou;+226 00 00 80 27;G084;Centre;Rural;Non;42;35-49 ans;Aucun;3;Oui;Musulmane;5;Non;16,8;7,77;1;1,1056;0,467
F08401819;Yaméogo;Salimata;+226 00 00 69 55;G084;Centre;Rural;Non;41;35-49 ans;Aucun;2;Non;Musulmane;2;Oui;20,3;28,46;1;0,9525;0,467
F08401820;Zongo;Fatimata;+226 00 00 39 73;G084;Centre;Rural;Non;34;25-34 ans;Aucun;3;Oui;Traditionnelle;4;Oui;21,5;20,54;1;0,648;0,467
F08401821;Ilboudo;Clarisse;+226 00 00 88 24;G084;Centre;Rural;Non;26;25-34 ans;Aucun;1;Non;Musulmane;0;Non;20,2;1,02;1;1,4304;0,467
F08401822;Ouédraogo;Mariam;+226 00 00 62 54;G084;Centre;Rural;Non;33;25-34 ans;Secondaire ou plus;1;Non;Musulmane;2;Oui;20,9;7,1;1;1,529;0,467
F08401823;Traoré;Mariam;+226 00 00 75 51;G084;Centre;Rural;Non;19;15-24 ans;Primaire;3;Oui;Musulmane;0;Non;24,5;5,7;1;1,3605;0,467
F08401824;Zongo;Bintou;+226 00 00 70 13;G084;Centre;Rural;Non;37;35-49 ans;Aucun;1;Non;Musulmane;4;Non;17,5;3,19;1;1,1987;0,467
F08401825;Zongo;Mariam;+226 00 00 69 38;G084;Centre;Rural;Non;49;35-49 ans;Primaire;4;Oui;Traditionnelle;9;Oui;21,5;0,56;1;0,8164;0,467
F08501826;Compaoré;Mariam;+226 00 00 67 34;G085;Hauts-Bassins;Urbain;Non;36;35-49 ans;Aucun;5;Non;Musulmane;1;Oui;22,9;16,59;1;1,024;0,567
F08501827;Ilboudo;Awa;+226 00 00 28 71;G085;Hauts-Bassins;Urbain;Non;48;35-49 ans;Aucun;4;Non;Traditionnelle;2;Non;28,2;12,42;1;1,1294;0,567
F08501828;Bado;Salimata;+226 00 00 18 20;G085;Hauts-Bassins;Urbain;Non;38;35-49 ans;Secondaire ou plus;4;Oui;Traditionnelle;2;Oui;17,2;15,96;1;0,654;0,567
F08501829;Kinda;Rasmata;+226 00 00 88 26;G085;Hauts-Bassins;Urbain;Non;49;35-49 ans;Secondaire ou plus;4;Oui;Musulmane;2;Oui;20,4;30,99;1;0,9468;0,567
F08501830;Kaboré;Awa;+226 00 00 56 48;G085;Hauts-Bassins;Urbain;Non;24;15-24 ans;Aucun;5;Non;Traditionnelle;0;Non;19,0;12,0;0;0,9766;0,567
F08501831;Zongo;Clarisse;+226 00 00 43 32;G085;Hauts-Bassins;Urbain;Non;48;35-49 ans;Secondaire ou plus;5;Oui;Musulmane;4;Non;;23,33;1;1,4523;0,567
F08501832;Zongo;Bintou;+226 00 00 46 66;G085;Hauts-Bassins;Urbain;Non;25;25-34 ans;Aucun;4;Oui;Catholique;0;Oui;19,4;13,0;0;1,5289;0,567
F08501833;Yaméogo;Odile;+226 00 00 26 98;G085;Hauts-Bassins;Urbain;Non;16;15-24 ans;Secondaire ou plus;4;Oui;Traditionnelle;0;Non;19,0;4,0;0;0,6618;0,567
F08501834;Traoré;Clarisse;+226 00 00 38 62;G085;Hauts-Bassins;Urbain;Non;47;35-49 ans;Aucun;5;Non;Musulmane;12;Non;21,2;6,02;1;0,9017;0,567
F08501835;Kinda;Salimata;+226 00 00 94 74;G085;Hauts-Bassins;Urbain;Non;39;35-49 ans;Aucun;4;Non;Catholique;5;Non;16,3;3,42;1;0,9036;0,567
F08501836;Sawadogo;Clarisse;+226 00 00 64 69;G085;Hauts-Bassins;Urbain;Non;41;35-49 ans;Primaire;3;Oui;Musulmane;5;Non;19,7;25,98;1;0,7657;0,567
F08501837;Ilboudo;Fatimata;+226 00 00 24 42;G085;Hauts-Bassins;Urbain;Non;16;15-24 ans;Aucun;3;Oui;Catholique;0;Non;23,0;4,0;0;1,5109;0,567
F08501838;Yaméogo;Rasmata;+226 00 00 49 95;G085;Hauts-Bassins;Urbain;Non;19;15-24 ans;Secondaire ou plus;3;Oui;Musulmane;0;Non;17,0;1,21;1;1,345;0,567
F08501839;Zongo;Mariam;+226 00 00 49 40;G085;Hauts-Bassins;Urbain;Non;28;25-34 ans;Secondaire ou plus;4;Oui;Traditionnelle;1;Oui;22,7;16,0;0;0,9936;0,567
F08501840;Compaoré;Mariam;+226 00 00 98 85;G085;Hauts-Bassins;Urbain;Non;49;35-49 ans;Secondaire ou plus;3;Oui;Musulmane;3;Oui;23,8;3,69;1;0,9513;0,567
F08501841;Sawadogo;Salimata;+226 00 00 66 49;G085;Hauts-Bassins;Urbain;Non;31;25-34 ans;Aucun;2;Oui;Catholique;3;Non;17,3;19,0;0;1,0995;0,567
F08501842;Yaméogo;Clarisse;+226 00 00 93 42;G085;Hauts-Bassins;Urbain;Non;43;35-49 ans;Primaire;4;Oui;Musulmane;6;Non;25,2;5,27;1;0,821;0,567
F08501843;Bado;Aminata;+226 00 00 79 35;G085;Hauts-Bassins;Urbain;Non;38;35-49 ans;Primaire;3;Oui;Musulmane;2;Oui;25,5;26,0;0;0,8631;0,567
F08501844;Ouédraogo;Awa;+226 00 00 25 78;G085;Hauts-Bassins;Urbain;Non;44;35-49 ans;Primaire;2;Oui;Musulmane;9;Non;21,0;2,47;1;1,1056;0,567
F08501845;Zongo;Aminata;+226 00 00 32 82;G085;Hauts-Bassins;Urbain;Non;17;15-24 ans;Primaire;3;Non;Musulmane;0;Oui;20,3;5,0;0;1,0631;0,567
F08501846;Bado;Rasmata;+226 00 00 27 48;G085;Hauts-Bassins;Urbain;Non;24;15-24 ans;Secondaire ou plus;5;Oui;Musulmane;1;Oui;22,5;10,28;1;0,8176;0,567
F08501847;Ouédraogo;Salimata;+226 00 00 83 71;G085;Hauts-Bassins;Urbain;Non;45;35-49 ans;Primaire;5;Oui;Musulmane;6;Oui;25,1;2,94;1;0,6694;0,567
F08501848;Ouédraogo;Mariam;+226 00 00 91 72;G085;Hauts-Bassins;Urbain;Non;16;15-24 ans;Aucun;2;Oui;Protestante;0;Non;22,3;4,0;0;0,7683;0,567
F08501849;Kinda;Fatimata;+226 00 00 42 41;G085;Hauts-Bassins;Urbain;Non;18;15-24 ans;Aucun;4;Non;Catholique;1;Non;22,4;6,0;0;1,0645;0,567
F08501850;Traoré;Fatimata;+226 00 00 57 62;G085;Hauts-Bassins;Urbain;Non;34;25-34 ans;Aucun;3;Non;Musulmane;4;Oui;22,7;4,33;1;1,4065;0,567
F08501851;Bado;Salimata;+226 00 00 29 84;G085;Hauts-Bassins;Urbain;Non;44;35-49 ans;Secondaire ou plus;2;Oui;Traditionnelle;5;Non;21,6;10,6;1;1,0878;0,567
F08501852;Zongo;Fatimata;+226 00 00 57 36;G085;Hauts-Bassins;Urbain;Non;31;25-34 ans;Aucun;3;Non;Traditionnelle;5;Non;21,7;4,74;1;0,6322;0,567
F08501853;Yaméogo;Fatimata;+226 00 00 29 83;G085;Hauts-Bassins;Urbain;Non;40;35-49 ans;Primaire;5;Oui;Musulmane;7;Non;21,2;9,28;1;1,2798;0,567
F08501854;Ouédraogo;Adjara;+226 00 00 20 44;G085;Hauts-Bassins;Urbain;Non;46;35-49 ans;Aucun;4;Oui;Musulmane;8;Non;30,3;6,6;1;0,9088;0,567
F08501855;Traoré;Odile;+226 00 00 23 82;G085;Hauts-Bassins;Urbain;Non;22;15-24 ans;Primaire;3;Oui;Musulmane;3;Non;21,9;5,31;1;0,6856;0,567
F08601856;Traoré;Adjara;+226 00 00 65 67;G086;Nord;Rural;Non;45;35-49 ans;Aucun;1;Non;Traditionnelle;8;Oui;18,5;4,5;1;1,1436;0,286
F08601857;Ilboudo;Adjara;+226 00 00 27 22;G086;Nord;Rural;Non;16;15-24 ans;Aucun;3;Oui;Musulmane;0;Non;21,3;4,0;0;1,1841;0,286
F08601858;Zongo;Mariam;+226 00 00 28 11;G086;Nord;Rural;Non;34;25-34 ans;Aucun;2;Oui;Musulmane;1;Non;22,1;9,88;1;1,0275;0,286
F08601859;Traoré;Odile;+226 00 00 76 84;G086;Nord;Rural;Non;16;15-24 ans;Aucun;1;Non;Musulmane;0;Non;15,8;4,0;0;1,4995;0,286
F08601860;Bado;Odile;+226 00 00 20 51;G086;Nord;Rural;Non;48;35-49 ans;Secondaire ou plus;3;Oui;Catholique;3;Non;;6,47;1;0,7345;0,286
F08601861;Traoré;Clarisse;+226 00 00 19 81;G086;Nord;Rural;Non;47;35-49 ans;Aucun;2;Non;Protestante;7;Oui;22,2;18,92;1;1,4841;0,286
F08601862;Bado;Fatimata;+226 00 00 73 44;G086;Nord;Rural;Non;48;35-49 ans;Aucun;3;Oui;Musulmane;8;Non;20,1;5,27;1;0,764;0,286
F08601863;Ouédraogo;Clarisse;+226 00 00 75 73;G086;Nord;Rural;Non;35;35-49 ans;Aucun;1;Oui;Musulmane;3;Non;22,4;3,71;1;0,8843;0,286
F08601864;Sawadogo;Salimata;+226 00 00 49 15;G086;Nord;Rural;Non;44;35-49 ans;Secondaire ou plus;2;Non;Protestante;2;Non;17,0;15,38;1;1,364;0,286
F08601865;Sawadogo;Bintou;+226 00 00 17 70;G086;Nord;Rural;Non;28;25-34 ans;Aucun;1;Oui;Musulmane;1;Non;14,0;8,25;1;1,583;0,286
F08601866;Bado;Aminata;+226 00 00 46 22;G086;Nord;Rural;Non;31;25-34 ans;Aucun;2;Non;Musulmane;1;Non;20,5;11,85;1;1,098;0,286
F08601867;Traoré;Aminata;+226 00 00 31 32;G086;Nord;Rural;Non;40;35-49 ans;Primaire;3;Non;Musulmane;4;Oui;16,4;5,0;1;1,5335;0,286
F08601868;Ilboudo;Bintou;+226 00 00 83 34;G086;Nord;Rural;Non;28;25-34 ans;Primaire;2;Oui;Musulmane;4;Non;19,9;4,32;1;1,4917;0,286
F08601869;Ouédraogo;Mariam;+226 00 00 67 34;G086;Nord;Rural;Non;40;35-49 ans;Aucun;3;Non;Traditionnelle;4;Non;25,5;4,3;1;0,724;0,286
F08701870;Yaméogo;Bintou;+226 00 00 16 66;G087;Est;Urbain;Oui;40;35-49 ans;Primaire;4;Oui;Protestante;1;Oui;23,0;9,72;1;1,3922;0,722
F08701871;Kaboré;Odile;+226 00 00 22 64;G087;Est;Urbain;Oui;45;35-49 ans;Primaire;4;Oui;Catholique;8;Non;24,7;18,82;1;0,9548;0,722
F08701872;Ouédraogo;Rasmata;+226 00 00 44 73;G087;Est;Urbain;Oui;29;25-34 ans;Aucun;2;Oui;Catholique;5;Oui;;17,0;0;1,1408;0,722
F08701873;Bado;Clarisse;+226 00 00 60 41;G087;Est;Urbain;Oui;36;35-49 ans;Primaire;4;Oui;Musulmane;5;Oui;;4,97;1;0,8399;0,722
F08701874;Traoré;Odile;+226 00 00 79 87;G087;Est;Urbain;Oui;24;15-24 ans;Secondaire ou plus;3;Oui;Catholique;4;Non;24,3;6,75;1;1,1578;0,722
F08701875;Kinda;Adjara;+226 00 00 84 63;G087;Est;Urbain;Oui;31;25-34 ans;Primaire;4;Oui;Musulmane;5;Oui;19,8;16,07;1;0,936;0,722
F08701876;Ilboudo;Mariam;+226 00 00 98 62;G087;Est;Urbain;Oui;48;35-49 ans;Primaire;4;Oui;Musulmane;5;Oui;23,3;0,5;1;1,0851;0,722
F08701877;Compaoré;Rasmata;+226 00 00 29 55;G087;Est;Urbain;Oui;28;25-34 ans;Primaire;2;Oui;Protestante;2;Oui;21,2;4,95;1;1,3419;0,722
F08701878;Traoré;Bintou;+226 00 00 51 36;G087;Est;Urbain;Oui;29;25-34 ans;Aucun;3;Oui;Musulmane;4;Oui;20,4;17,0;0;0,7998;0,722
F08701879;Ouédraogo;Adjara;+226 00 00 62 77;G087;Est;Urbain;Oui;26;25-34 ans;Secondaire ou plus;3;Non;Musulmane;0;Oui;18,3;14,0;0;1,5033;0,722
F08701880;Yaméogo;Adjara;+226 00 00 23 56;G087;Est;Urbain;Oui;44;35-49 ans;Aucun;3;Oui;Catholique;5;Non;22,9;8,54;1;1,4258;0,722
F08701881;Bado;Rasmata;+226 00 00 27 56;G087;Est;Urbain;Oui;44;35-49 ans;Primaire;4;Oui;Catholique;3;Oui;25,7;17,91;1;1,4075;0,722
F08701882;Sawadogo;Awa;+226 00 00 36 55;G087;Est;Urbain;Oui;21;15-24 ans;Secondaire ou plus;3;Non;Musulmane;0;Oui;22,1;6,56;1;1,2959;0,722
F08701883;Zongo;Clarisse;+226 00 00 71 64;G087;Est;Urbain;Oui;20;15-24 ans;Primaire;4;Oui;Catholique;1;Non;20,2;8,0;0;1,203;0,722
F08701884;Kinda;Salimata;+226 00 00 38 90;G087;Est;Urbain;Oui;49;35-49 ans;Secondaire ou plus;2;Oui;Musulmane;3;Non;20,9;34,13;1;1,4063;0,722
F08701885;Bado;Rasmata;+226 00 00 66 78;G087;Est;Urbain;Oui;47;35-49 ans;Secondaire ou plus;2;;Musulmane;6;Oui;22,1;0,26;1;1,2603;0,722
F08701886;Traoré;Rasmata;+226 00 00 92 49;G087;Est;Urbain;Oui;43;35-49 ans;Aucun;5;Non;Catholique;7;Oui;24,1;1,91;1;1,4385;0,722
F08701887;Yaméogo;Awa;+226 00 00 27 90;G087;Est;Urbain;Oui;47;35-49 ans;Aucun;2;Non;Musulmane;6;Non;23,2;3,96;1;1,5111;0,722
F08801888;Yaméogo;Aminata;+226 00 00 36 20;G088;Boucle du Mouhoun;Urbain;Oui;46;35-49 ans;Aucun;4;Oui;Musulmane;4;Non;24,2;4,02;1;1,4974;0,467
F08801889;Zongo;Fatimata;+226 00 00 56 96;G088;Boucle du Mouhoun;Urbain;Oui;22;15-24 ans;Secondaire ou plus;5;Oui;Musulmane;2;Non;24,9;10,0;0;0,9767;0,467
F08801890;Ilboudo;Mariam;+226 00 00 94 72;G088;Boucle du Mouhoun;Urbain;Oui;29;25-34 ans;Aucun;4;Oui;Musulmane;6;Non;22,5;10,12;1;1,5837;0,467
F08801891;Kaboré;Bintou;+226 00 00 20 21;G088;Boucle du Mouhoun;Urbain;Oui;32;25-34 ans;Aucun;3;Oui;Catholique;3;Non;25,3;2,94;1;1,5867;0,467
F08801892;Ouédraogo;Clarisse;+226 00 00 75 81;G088;Boucle du Mouhoun;Urbain;Oui;15;15-24 ans;Aucun;4;Non;Catholique;0;Non;19,7;3,0;0;1,479;0,467
F08801893;Ilboudo;Fatimata;+226 00 00 30 33;G088;Boucle du Mouhoun;Urbain;Oui;42;35-49 ans;Secondaire ou plus;5;Non;Musulmane;5;Oui;27,0;8,6;1;1,0039;0,467
F08801894;Sawadogo;Clarisse;+226 00 00 71 46;G088;Boucle du Mouhoun;Urbain;Oui;46;35-49 ans;Aucun;5;Non;Musulmane;14;Non;25,5;16,21;1;1,4472;0,467
F08801895;Kinda;Mariam;+226 00 00 86 28;G088;Boucle du Mouhoun;Urbain;Oui;21;15-24 ans;Aucun;4;Oui;Musulmane;0;Non;17,8;9,0;0;1,2623;0,467
F08801896;Bado;Rasmata;+226 00 00 49 75;G088;Boucle du Mouhoun;Urbain;Oui;16;15-24 ans;Aucun;5;Oui;Musulmane;0;Oui;23,8;4,0;0;1,1477;0,467
F08801897;Compaoré;Mariam;+226 00 00 98 95;G088;Boucle du Mouhoun;Urbain;Oui;19;15-24 ans;Aucun;4;Oui;Catholique;0;Non;21,0;7,0;0;0,6965;0,467
F08801898;Ouédraogo;Aminata;+226 00 00 69 94;G088;Boucle du Mouhoun;Urbain;Oui;35;35-49 ans;Secondaire ou plus;4;Oui;Musulmane;3;Non;23,7;23,0;0;1,0844;0,467
F08801899;Sawadogo;Odile;+226 00 00 88 54;G088;Boucle du Mouhoun;Urbain;Oui;43;35-49 ans;Secondaire ou plus;5;Oui;Catholique;4;Non;25,5;30,79;1;1,4581;0,467
F08801900;Ouédraogo;Salimata;+226 00 00 94 19;G088;Boucle du Mouhoun;Urbain;Oui;35;35-49 ans;Secondaire ou plus;2;Oui;Musulmane;3;Non;20,7;3,82;1;1,1592;0,467
F08801901;Yaméogo;Salimata;+226 00 00 90 95;G088;Boucle du Mouhoun;Urbain;Oui;42;35-49 ans;Primaire;2;Oui;Musulmane;0;Non;21,8;8,57;1;1,5789;0,467
F08801902;Ilboudo;Clarisse;+226 00 00 93 64;G088;Boucle du Mouhoun;Urbain;Oui;39;35-49 ans;Secondaire ou plus;4;Oui;Musulmane;3;Non;24,0;6,4;1;0,9012;0,467
F08901903;Sawadogo;Clarisse;+226 00 00 97 83;G089;Sahel;Urbain;Oui;32;25-34 ans;Aucun;1;Oui;Musulmane;3;Oui;21,0;20,0;0;1,1895;0,63
F08901904;Sawadogo;Adjara;+226 00 00 66 40;G089;Sahel;Urbain;Oui;35;35-49 ans;Aucun;5;Oui;Catholique;8;Oui;30,2;7,09;1;0,8572;0,63
F08901905;Kinda;Fatimata;+226 00 00 60 39;G089;Sahel;Urbain;Oui;29;25-34 ans;Aucun;2;Oui;Musulmane;0;Oui;;10,98;1;1,4781;0,63
F08901906;Ilboudo;Rasmata;+226 00 00 83 54;G089;Sahel;Urbain;Oui;39;35-49 ans;Secondaire ou plus;3;Oui;Musulmane;5;Oui;22,0;27,0;0;0,8243;0,63
F08901907;Bado;Clarisse;+226 00 00 87 23;G089;Sahel;Urbain;Oui;18;15-24 ans;Aucun;4;Oui;Musulmane;0;Oui;21,1;6,0;0;1,1097;0,63
F08901908;Kaboré;Odile;+226 00 00 21 84;G089;Sahel;Urbain;Oui;48;35-49 ans;Primaire;5;Non;Musulmane;5;Non;25,0;26,7;1;1,1533;0,63
F08901909;Zongo;Rasmata;+226 00 00 77 94;G089;Sahel;Urbain;Oui;33;25-34 ans;Aucun;5;Non;Musulmane;2;Non;22,1;1,97;1;0,8759;0,63
F08901910;Yaméogo;Adjara;+226 00 00 38 76;G089;Sahel;Urbain;Oui;32;25-34 ans;Aucun;4;Non;Musulmane;5;Oui;25,3;10,43;1;1,2413;0,63
F08901911;Compaoré;Awa;+226 00 00 38 66;G089;Sahel;Urbain;Oui;42;35-49 ans;Secondaire ou plus;5;Oui;Catholique;5;Oui;20,0;10,6;1;1,2291;0,63
F08901912;Sawadogo;Odile;+226 00 00 94 74;G089;Sahel;Urbain;Oui;32;25-34 ans;Secondaire ou plus;4;Oui;Musulmane;1;Oui;22,6;2,5;1;0,9161;0,63
F08901913;Ouédraogo;Adjara;+226 00 00 71 32;G089;Sahel;Urbain;Oui;19;15-24 ans;Secondaire ou plus;3;Oui;Traditionnelle;0;Non;22,1;7,0;0;0,8482;0,63
F08901914;Kaboré;Adjara;+226 00 00 38 93;G089;Sahel;Urbain;Oui;42;35-49 ans;Primaire;4;Oui;Musulmane;7;Non;25,6;7,02;1;0,9129;0,63
F08901915;Bado;Rasmata;+226 00 00 86 57;G089;Sahel;Urbain;Oui;38;35-49 ans;Secondaire ou plus;3;Oui;Musulmane;2;Oui;28,4;4,48;1;1,382;0,63
F08901916;Kaboré;Awa;+226 00 00 29 13;G089;Sahel;Urbain;Oui;22;15-24 ans;Aucun;2;Oui;Catholique;1;Oui;19,1;9,21;1;1,3233;0,63
F08901917;Sawadogo;Odile;+226 00 00 86 60;G089;Sahel;Urbain;Oui;43;35-49 ans;Aucun;5;Non;Musulmane;2;Non;22,0;1,59;1;1,2949;0,63
F08901918;Compaoré;Awa;+226 00 00 51 57;G089;Sahel;Urbain;Oui;29;25-34 ans;Secondaire ou plus;5;Oui;Musulmane;2;Oui;22,3;15,48;1;0,944;0,63
F08901919;Traoré;Odile;+226 00 00 89 36;G089;Sahel;Urbain;Oui;27;25-34 ans;Primaire;3;Oui;Musulmane;1;Non;23,5;5,57;1;1,2589;0,63
F08901920;Traoré;Salimata;+226 00 00 53 25;G089;Sahel;Urbain;Oui;45;35-49 ans;Secondaire ou plus;5;Non;Musulmane;2;Oui;20,8;8,35;1;0,8996;0,63
F08901921;Ouédraogo;Fatimata;+226 00 00 30 45;G089;Sahel;Urbain;Oui;20;15-24 ans;Primaire;3;Oui;Musulmane;0;Oui;24,9;6,28;1;1,2415;0,63
F08901922;Ouédraogo;Fatimata;+226 00 00 16 52;G089;Sahel;Urbain;Oui;42;35-49 ans;Primaire;4;Oui;Musulmane;8;Non;24,0;6,49;1;0,6856;0,63
F08901923;Traoré;Clarisse;+226 00 00 94 26;G089;Sahel;Urbain;Oui;25;25-34 ans;Primaire;4;Oui;Traditionnelle;1;Oui;27,3;2,15;1;1,3685;0,63
F08901924;Traoré;Clarisse;+226 00 00 10 66;G089;Sahel;Urbain;Oui;36;35-49 ans;Aucun;3;Non;Protestante;2;Non;18,9;7,74;1;0,9216;0,63
F08901925;Bado;Adjara;+226 00 00 32 27;G089;Sahel;Urbain;Oui;29;25-34 ans;Primaire;4;Oui;Musulmane;3;Oui;;1,18;1;0,6198;0,63
F08901926;Kaboré;Odile;+226 00 00 33 53;G089;Sahel;Urbain;Oui;41;35-49 ans;Secondaire ou plus;4;Oui;Musulmane;2;Oui;22,9;1,12;1;1,3846;0,63
F08901927;Ouédraogo;Salimata;+226 00 00 49 23;G089;Sahel;Urbain;Oui;43;35-49 ans;Secondaire ou plus;5;Oui;Musulmane;6;Non;30,6;31,0;0;1,1851;0,63
F08901928;Kinda;Aminata;+226 00 00 87 37;G089;Sahel;Urbain;Oui;29;25-34 ans;Primaire;3;Oui;Catholique;5;Oui;21,6;17,0;0;1,175;0,63
F08901929;Compaoré;Salimata;+226 00 00 16 82;G089;Sahel;Urbain;Oui;29;25-34 ans;Aucun;4;Non;Musulmane;1;Oui;24,0;0,99;1;1,1504;0,63
F09001930;Zongo;Odile;+226 00 00 50 32;G090;Centre;Rural;Non;32;25-34 ans;Aucun;4;Oui;Musulmane;4;Non;19,5;0,06;1;1,1571;0,125
F09001931;Traoré;Adjara;+226 00 00 62 96;G090;Centre;Rural;Non;27;25-34 ans;Aucun;1;Non;Protestante;3;Non;27,8;1,5;1;1,5368;0,125
F09001932;Kinda;Aminata;+226 00 00 59 13;G090;Centre;Rural;Non;26;25-34 ans;Aucun;2;Non;Traditionnelle;3;Non;18,7;8,81;1;0,7061;0,125
F09001933;Ouédraogo;Fatimata;+226 00 00 38 38;G090;Centre;Rural;Non;40;35-49 ans;Primaire;2;Non;Musulmane;5;Non;17,6;0,77;1;0,9124;0,125
F09001934;Zongo;Clarisse;+226 00 00 23 79;G090;Centre;Rural;Non;33;25-34 ans;Primaire;2;Non;Musulmane;3;Oui;25,5;21,0;0;0,7589;0,125
F09001935;Kaboré;Adjara;+226 00 00 91 72;G090;Centre;Rural;Non;28;25-34 ans;Aucun;2;Oui;Catholique;5;Oui;25,1;3,14;1;1,218;0,125
F09001936;Kaboré;Odile;+226 00 00 55 59;G090;Centre;Rural;Non;27;25-34 ans;Aucun;1;Non;Catholique;5;Non;20,1;7,19;1;1,1171;0,125
F09001937;Kinda;Adjara;+226 00 00 48 94;G090;Centre;Rural;Non;25;25-34 ans;Aucun;1;Oui;Musulmane;4;Non;22,8;13,0;0;1,0838;0,125
F09001938;Kinda;Awa;+226 00 00 67 97;G090;Centre;Rural;Non;32;25-34 ans;Aucun;4;Non;Musulmane;3;Non;23,9;0,79;1;0,8951;0,125
F09001939;Compaoré;Rasmata;+226 00 00 47 17;G090;Centre;Rural;Non;32;25-34 ans;Aucun;2;Oui;Musulmane;3;Non;25,5;16,56;1;1,3088;0,125
F09001940;Traoré;Odile;+226 00 00 32 22;G090;Centre;Rural;Non;49;35-49 ans;Aucun;2;Non;Catholique;3;Non;23,9;5,01;1;1,3945;0,125
F09001941;Bado;Odile;+226 00 00 13 89;G090;Centre;Rural;Non;43;35-49 ans;Aucun;1;Non;Musulmane;8;Oui;25,0;2,92;1;0,6112;0,125
F09001942;Ilboudo;Bintou;+226 00 00 31 54;G090;Centre;Rural;Non;47;35-49 ans;Aucun;1;Non;Musulmane;5;Non;20,8;2,14;1;1,0165;0,125
F09001943;Yaméogo;Awa;+226 00 00 68 74;G090;Centre;Rural;Non;41;35-49 ans;Aucun;2;Non;Musulmane;5;Non;25,8;1,56;1;1,173;0,125
F09001944;Bado;Rasmata;+226 00 00 91 49;G090;Centre;Rural;Non;38;35-49 ans;Aucun;3;;Catholique;1;Non;18,9;1,49;1;1,0396;0,125
F09001945;Zongo;Adjara;+226 00 00 52 60;G090;Centre;Rural;Non;37;35-49 ans;Aucun;2;Non;Catholique;11;Non;;0,12;1;0,7404;0,125
F09101946;Sawadogo;Rasmata;+226 00 00 28 91;G091;Hauts-Bassins;Rural;Oui;23;15-24 ans;Primaire;3;Oui;Protestante;1;Non;18,0;6,14;1;0,9834;0,241
F09101947;Kaboré;Bintou;+226 00 00 10 36;G091;Hauts-Bassins;Rural;Oui;27;25-34 ans;Aucun;2;Oui;Musulmane;3;Non;18,0;4,24;1;0,6295;0,241
F09101948;Zongo;Adjara;+226 00 00 49 87;G091;Hauts-Bassins;Rural;Oui;23;15-24 ans;Aucun;2;Non;Musulmane;4;Non;16,3;0,57;1;1,446;0,241
F09101949;Ilboudo;Mariam;+226 00 00 57 27;G091;Hauts-Bassins;Rural;Oui;31;25-34 ans;Aucun;4;Non;Traditionnelle;5;Non;19,9;3,12;1;1,0146;0,241
F09101950;Zongo;Awa;+226 00 00 49 80;G091;Hauts-Bassins;Rural;Oui;29;25-34 ans;Secondaire ou plus;3;Non;Musulmane;2;Oui;23,1;8,79;1;0,7259;0,241
F09101951;Compaoré;Clarisse;+226 00 00 73 87;G091;Hauts-Bassins;Rural;Oui;40;35-49 ans;Aucun;2;Oui;Protestante;6;Non;18,4;0,0;1;1,5022;0,241
F09101952;Zongo;Bintou;+226 00 00 87 19;G091;Hauts-Bassins;Rural;Oui;19;15-24 ans;Aucun;2;Non;Catholique;1;Non;17,8;7,0;0;1,0521;0,241
F09101953;Kaboré;Mariam;+226 00 00 88 30;G091;Hauts-Bassins;Rural;Oui;38;35-49 ans;Secondaire ou plus;3;Non;Musulmane;3;Non;23,9;4,99;1;0,8795;0,241
F09101954;Traoré;Clarisse;+226 00 00 17 44;G091;Hauts-Bassins;Rural;Oui;39;35-49 ans;Aucun;1;Non;Musulmane;11;Non;19,0;0,72;1;0,7882;0,241
F09101955;Yaméogo;Adjara;+226 00 00 65 34;G091;Hauts-Bassins;Rural;Oui;27;25-34 ans;Aucun;2;Non;Musulmane;1;Oui;19,2;12,87;1;1,4318;0,241
F09101956;Kinda;Bintou;+226 00 00 54 36;G091;Hauts-Bassins;Rural;Oui;33;25-34 ans;Aucun;3;Oui;Catholique;4;Non;16,9;0,48;1;1,3726;0,241
F09101957;Compaoré;Fatimata;+226 00 00 60 51;G091;Hauts-Bassins;Rural;Oui;26;25-34 ans;Secondaire ou plus;2;Oui;Musulmane;4;Non;16,9;0,59;1;1,1423;0,241
F09101958;Bado;Awa;+226 00 00 68 87;G091;Hauts-Bassins;Rural;Oui;24;15-24 ans;Aucun;3;Oui;Musulmane;0;Oui;19,7;2,56;1;0,7557;0,241
F09101959;Ouédraogo;Fatimata;+226 00 00 78 57;G091;Hauts-Bassins;Rural;Oui;37;35-49 ans;Aucun;3;Oui;Musulmane;2;Oui;22,6;25,0;0;1,4891;0,241
F09101960;Kinda;Salimata;+226 00 00 79 40;G091;Hauts-Bassins;Rural;Oui;21;15-24 ans;Aucun;1;Oui;Musulmane;1;Non;20,3;8,96;1;0,7138;0,241
F09101961;Kaboré;Aminata;+226 00 00 52 73;G091;Hauts-Bassins;Rural;Oui;35;35-49 ans;Aucun;1;Non;Catholique;2;Oui;16,5;1,97;1;0,6212;0,241
F09101962;Kinda;Fatimata;+226 00 00 28 58;G091;Hauts-Bassins;Rural;Oui;18;15-24 ans;Aucun;1;Oui;Musulmane;0;Non;17,9;6,0;0;0,6637;0,241
F09101963;Kaboré;Adjara;+226 00 00 82 20;G091;Hauts-Bassins;Rural;Oui;36;35-49 ans;Aucun;1;Oui;Musulmane;3;Non;20,6;2,49;1;0,7409;0,241
F09101964;Ilboudo;Salimata;+226 00 00 38 68;G091;Hauts-Bassins;Rural;Oui;36;35-49 ans;Aucun;2;Oui;Musulmane;8;Non;21,0;10,62;1;0,8746;0,241
F09101965;Traoré;Adjara;+226 00 00 35 39;G091;Hauts-Bassins;Rural;Oui;49;35-49 ans;Aucun;3;Oui;Musulmane;5;Oui;16,4;4,76;1;1,3031;0,241
F09101966;Yaméogo;Aminata;+226 00 00 59 30;G091;Hauts-Bassins;Rural;Oui;35;35-49 ans;Aucun;1;Non;Musulmane;3;Oui;;2,62;1;0,635;0,241
F09101967;Bado;Adjara;+226 00 00 31 38;G091;Hauts-Bassins;Rural;Oui;43;35-49 ans;Aucun;4;Oui;Traditionnelle;9;Oui;23,3;24,15;1;1,5596;0,241
F09101968;Ilboudo;Bintou;+226 00 00 59 82;G091;Hauts-Bassins;Rural;Oui;18;15-24 ans;Aucun;2;Non;Protestante;0;Oui;16,9;5,16;1;0,6065;0,241
F09101969;Kaboré;Salimata;+226 00 00 84 87;G091;Hauts-Bassins;Rural;Oui;30;25-34 ans;Primaire;2;Oui;Musulmane;5;Oui;16,4;18,0;0;0,6359;0,241
F09101970;Kinda;Aminata;+226 00 00 36 22;G091;Hauts-Bassins;Rural;Oui;34;25-34 ans;Aucun;1;Non;Musulmane;1;Oui;17,5;5,46;1;1,24;0,241
F09101971;Ilboudo;Awa;+226 00 00 96 18;G091;Hauts-Bassins;Rural;Oui;30;25-34 ans;Aucun;4;Non;Catholique;3;Non;15,3;9,51;1;0,7253;0,241
F09101972;Traoré;Fatimata;+226 00 00 95 36;G091;Hauts-Bassins;Rural;Oui;40;35-49 ans;Secondaire ou plus;1;Non;Musulmane;2;Oui;18,7;0,77;1;1,0912;0,241
F09101973;Yaméogo;Fatimata;+226 00 00 83 48;G091;Hauts-Bassins;Rural;Oui;29;25-34 ans;Primaire;4;Non;Musulmane;5;Oui;14,0;1,77;1;0,744;0,241
F09101974;Bado;Rasmata;+226 00 00 81 89;G091;Hauts-Bassins;Rural;Oui;30;25-34 ans;Aucun;2;Non;Musulmane;0;Non;18,8;0,11;1;1,0852;0,241
F09201975;Yaméogo;Rasmata;+226 00 00 77 77;G092;Nord;Urbain;Oui;34;25-34 ans;Secondaire ou plus;2;Oui;Protestante;5;Non;27,9;15,81;1;1,249;0,714
F09201976;Zongo;Clarisse;+226 00 00 29 72;G092;Nord;Urbain;Oui;48;35-49 ans;Secondaire ou plus;5;Oui;Musulmane;3;Non;25,8;2,89;1;1,3178;0,714
F09201977;Compaoré;Rasmata;+226 00 00 25 37;G092;Nord;Urbain;Oui;30;25-34 ans;Aucun;2;Non;Musulmane;6;Non;21,7;8,46;1;0,7253;0,714
F09201978;Ouédraogo;Odile;+226 00 00 78 90;G092;Nord;Urbain;Oui;35;35-49 ans;Aucun;4;Non;Traditionnelle;6;Non;20,7;23,0;0;1,3263;0,714
F09201979;Sawadogo;Odile;+226 00 00 56 15;G092;Nord;Urbain;Oui;39;35-49 ans;Secondaire ou plus;3;Oui;Musulmane;5;Oui;28,3;21,86;1;0,7925;0,714
F09201980;Kinda;Adjara;+226 00 00 40 12;G092;Nord;Urbain;Oui;36;35-49 ans;Aucun;2;Oui;Catholique;0;Non;22,1;2,48;1;0,6126;0,714
F09201981;Yaméogo;Salimata;+226 00 00 34 58;G092;Nord;Urbain;Oui;28;25-34 ans;Aucun;5;Oui;Musulmane;2;Non;28,0;4,17;1;0,7419;0,714
F09201982;Bado;Odile;+226 00 00 32 31;G092;Nord;Urbain;Oui;36;35-49 ans;Primaire;3;Oui;Musulmane;2;Non;19,9;2,34;1;1,006;0,714
F09201983;Compaoré;Aminata;+226 00 00 29 75;G092;Nord;Urbain;Oui;37;35-49 ans;Secondaire ou plus;5;Oui;Musulmane;3;Non;23,1;25,0;0;0,8724;0,714
F09201984;Ouédraogo;Rasmata;+226 00 00 50 78;G092;Nord;Urbain;Oui;41;35-49 ans;Primaire;2;Oui;Catholique;5;Non;22,8;10,87;1;0,6208;0,714
F09201985;Kaboré;Rasmata;+226 00 00 15 80;G092;Nord;Urbain;Oui;20;15-24 ans;Primaire;5;Oui;Catholique;1;Oui;21,4;6,23;1;0,6387;0,714
F09201986;Kaboré;Bintou;+226 00 00 22 25;G092;Nord;Urbain;Oui;18;15-24 ans;Primaire;4;Oui;Musulmane;0;Non;22,1;0,39;1;0,6632;0,714
F09201987;Yaméogo;Awa;+226 00 00 40 47;G092;Nord;Urbain;Oui;33;25-34 ans;Secondaire ou plus;3;Oui;Musulmane;3;Non;22,4;7,04;1;1,3982;0,714
F09201988;Zongo;Odile;+226 00 00 25 98;G092;Nord;Urbain;Oui;48;35-49 ans;Secondaire ou plus;2;Oui;Musulmane;6;Non;23,2;16,27;1;1,2982;0,714
F09301989;Yaméogo;Mariam;+226 00 00 12 50;G093;Est;Rural;Non;34;25-34 ans;Aucun;2;Non;Protestante;5;Non;16,3;5,96;1;0,8658;0,278
F09301990;Kaboré;Aminata;+226 00 00 75 52;G093;Est;Rural;Non;15;15-24 ans;Primaire;2;Non;Musulmane;0;Non;18,9;0,7;1;1,4893;0,278
F09301991;Yaméogo;Rasmata;+226 00 00 65 84;G093;Est;Rural;Non;32;25-34 ans;Secondaire ou plus;1;Non;Catholique;2;Non;26,6;5,09;1;1,592;0,278
F09301992;Traoré;Awa;+226 00 00 17 11;G093;Est;Rural;Non;44;35-49 ans;Aucun;3;Non;Musulmane;3;Oui;18,6;17,47;1;1,1287;0,278
F09301993;Yaméogo;Rasmata;+226 00 00 81 90;G093;Est;Rural;Non;30;25-34 ans;Secondaire ou plus;2;Non;Musulmane;6;Non;;6,54;1;1,4349;0,278
F09301994;Kaboré;Bintou;+226 00 00 91 60;G093;Est;Rural;Non;41;35-49 ans;Secondaire ou plus;4;Non;Musulmane;3;Non;19,5;4,24;1;1,1101;0,278
F09301995;Ilboudo;Rasmata;+226 00 00 74 27;G093;Est;Rural;Non;34;25-34 ans;Aucun;1;Non;Musulmane;3;Oui;17,8;22,0;0;1,1578;0,278
F09301996;Zongo;Aminata;+226 00 00 89 52;G093;Est;Rural;Non;37;35-49 ans;Aucun;1;Non;Musulmane;2;Non;19,5;2,06;1;1,555;0,278
F09301997;Compaoré;Odile;+226 00 00 94 73;G093;Est;Rural;Non;38;35-49 ans;Aucun;1;Oui;Musulmane;3;Non;17,7;26,0;0;0,7213;0,278
F09301998;Traoré;Awa;+226 00 00 66 27;G093;Est;Rural;Non;30;25-34 ans;Aucun;4;Non;Traditionnelle;2;Non;22,8;9,86;1;1,0897;0,278
F09301999;Ouédraogo;Rasmata;+226 00 00 67 81;G093;Est;Rural;Non;43;35-49 ans;Aucun;4;Oui;Traditionnelle;7;Non;22,0;1,86;1;1,3011;0,278
F09302000;Ouédraogo;Awa;+226 00 00 83 59;G093;Est;Rural;Non;38;35-49 ans;Aucun;3;Oui;Catholique;4;Oui;15,1;10,05;1;0,9572;0,278
F09302001;Bado;Adjara;+226 00 00 61 68;G093;Est;Rural;Non;40;35-49 ans;Aucun;4;Oui;Musulmane;8;Oui;22,3;1,62;1;1,0458;0,278
F09302002;Traoré;Awa;+226 00 00 88 50;G093;Est;Rural;Non;24;15-24 ans;Primaire;1;Non;Musulmane;4;Non;15,1;6,02;1;0,7475;0,278
F09302003;Sawadogo;Rasmata;+226 00 00 29 12;G093;Est;Rural;Non;45;35-49 ans;Aucun;2;Oui;Catholique;15;Oui;17,2;9,22;1;0,9403;0,278
F09302004;Zongo;Salimata;+226 00 00 78 72;G093;Est;Rural;Non;15;15-24 ans;Aucun;2;Non;Musulmane;0;Non;17,7;1,65;1;0,7429;0,278
F09302005;Sawadogo;Odile;+226 00 00 68 78;G093;Est;Rural;Non;41;35-49 ans;Aucun;2;Oui;Musulmane;4;Non;17,8;21,51;1;1,3091;0,278
F09302006;Sawadogo;Fatimata;+226 00 00 69 14;G093;Est;Rural;Non;36;35-49 ans;Aucun;3;Oui;Musulmane;5;Non;19,0;4,35;1;0,6726;0,278
F09402007;Zongo;Aminata;+226 00 00 37 23;G094;Boucle du Mouhoun;Rural;Oui;16;15-24 ans;Aucun;2;Non;Protestante;0;Non;21,0;4,0;0;0,7521;0,308
F09402008;Kaboré;Aminata;+226 00 00 81 80;G094;Boucle du Mouhoun;Rural;Oui;40;35-49 ans;Secondaire ou plus;3;Non;Catholique;3;Oui;24,5;10,93;1;1,2951;0,308
F09402009;Compaoré;Awa;+226 00 00 26 61;G094;Boucle du Mouhoun;Rural;Oui;40;35-49 ans;Aucun;3;Non;Musulmane;2;Non;25,0;10,63;1;1,3776;0,308
F09402010;Ilboudo;Aminata;+226 00 00 89 38;G094;Boucle du Mouhoun;Rural;Oui;26;25-34 ans;Aucun;4;Non;Catholique;3;Non;20,6;4,17;1;0,6929;0,308
F09402011;Compaoré;Bintou;+226 00 00 24 59;G094;Boucle du Mouhoun;Rural;Oui;29;25-34 ans;Aucun;4;Non;Musulmane;0;Non;18,0;10,5;1;1,3077;0,308
F09402012;Bado;Mariam;+226 00 00 16 70;G094;Boucle du Mouhoun;Rural;Oui;45;35-49 ans;Secondaire ou plus;1;Non;Protestante;4;Oui;23,9;6,54;1;1,1032;0,308
F09402013;Kinda;Adjara;+226 00 00 83 95;G094;Boucle du Mouhoun;Rural;Oui;29;25-34 ans;Aucun;2;Non;Protestante;1;Non;19,2;5,55;1;0,9216;0,308
F09402014;Kaboré;Salimata;+226 00 00 52 98;G094;Boucle du Mouhoun;Rural;Oui;20;15-24 ans;Aucun;2;Non;Musulmane;0;Oui;18,6;1,47;1;1,5335;0,308
F09402015;Sawadogo;Mariam;+226 00 00 29 72;G094;Boucle du Mouhoun;Rural;Oui;28;25-34 ans;Primaire;4;Non;Catholique;6;Non;22,0;14,42;1;0,6512;0,308
F09402016;Ouédraogo;Mariam;+226 00 00 33 43;G094;Boucle du Mouhoun;Rural;Oui;21;15-24 ans;Aucun;3;Oui;Catholique;0;Non;22,6;9,0;0;0,6794;0,308
F09402017;Yaméogo;Salimata;+226 00 00 77 17;G094;Boucle du Mouhoun;Rural;Oui;15;15-24 ans;Primaire;1;Non;Catholique;0;Non;17,2;0,64;1;0,8951;0,308
F09402018;Sawadogo;Adjara;+226 00 00 85 12;G094;Boucle du Mouhoun;Rural;Oui;19;15-24 ans;Aucun;2;Non;Musulmane;0;Non;20,1;0,64;1;1,3826;0,308
F09402019;Ilboudo;Mariam;+226 00 00 34 33;G094;Boucle du Mouhoun;Rural;Oui;19;15-24 ans;Aucun;1;Non;Traditionnelle;1;Oui;19,6;1,14;1;0,846;0,308
F09502020;Traoré;Adjara;+226 00 00 27 82;G095;Sahel;Urbain;Oui;20;15-24 ans;Aucun;2;Oui;Musulmane;0;Oui;18,3;6,45;1;1,5675;0,583
F09502021;Sawadogo;Clarisse;+226 00 00 49 93;G095;Sahel;Urbain;Oui;25;25-34 ans;Secondaire ou plus;3;Oui;Catholique;0;Oui;24,1;13,0;0;1,5755;0,583
F09502022;Traoré;Bintou;+226 00 00 57 19;G095;Sahel;Urbain;Oui;38;35-49 ans;Aucun;5;Oui;Musulmane;4;Non;22,4;0,8;1;1,2284;0,583
F09502023;Kaboré;Clarisse;+226 00 00 74 44;G095;Sahel;Urbain;Oui;22;15-24 ans;Aucun;3;Oui;Musulmane;2;Oui;21,2;7,99;1;1,2428;0,583
F09502024;Ilboudo;Rasmata;+226 00 00 59 24;G095;Sahel;Urbain;Oui;24;15-24 ans;Primaire;3;Oui;Musulmane;0;Oui;29,4;12,0;0;0,727;0,583
F09502025;Traoré;Bintou;+226 00 00 46 88;G095;Sahel;Urbain;Oui;18;15-24 ans;Primaire;1;Oui;Catholique;0;Oui;22,2;6,0;0;1,4426;0,583
F09502026;Traoré;Clarisse;+226 00 00 65 14;G095;Sahel;Urbain;Oui;45;35-49 ans;Secondaire ou plus;3;Oui;Musulmane;4;Oui;25,0;33,0;0;1,1883;0,583
F09502027;Sawadogo;Odile;+226 00 00 18 27;G095;Sahel;Urbain;Oui;19;15-24 ans;Secondaire ou plus;2;Oui;Musulmane;0;Oui;20,3;1,45;1;0,7426;0,583
F09502028;Kaboré;Odile;+226 00 00 62 79;G095;Sahel;Urbain;Oui;23;15-24 ans;Primaire;3;Oui;Musulmane;2;Oui;22,8;9,69;1;1,0053;0,583
F09502029;Zongo;Awa;+226 00 00 39 95;G095;Sahel;Urbain;Oui;38;35-49 ans;Aucun;3;Non;Catholique;6;Oui;25,9;26,0;0;0,9759;0,583
F09502030;Zongo;Adjara;+226 00 00 33 81;G095;Sahel;Urbain;Oui;35;35-49 ans;Aucun;5;Non;Musulmane;3;Oui;26,0;5,2;1;1,0665;0,583
F09502031;Yaméogo;Adjara;+226 00 00 66 10;G095;Sahel;Urbain;Oui;25;25-34 ans;Primaire;3;Non;Musulmane;1;Non;22,3;13,0;0;0,9538;0,583
F09602032;Traoré;Adjara;+226 00 00 65 95;G096;Centre;Urbain;Oui;28;25-34 ans;Aucun;4;Oui;Musulmane;2;Non;19,9;3,63;1;0,6728;0,643
F09602033;Bado;Clarisse;+226 00 00 51 12;G096;Centre;Urbain;Oui;40;35-49 ans;Aucun;2;Non;Musulmane;1;Non;22,6;15,11;1;0,8714;0,643
F09602034;Kaboré;Rasmata;+226 00 00 46 87;G096;Centre;Urbain;Oui;34;25-34 ans;Primaire;4;Oui;Catholique;5;Oui;20,6;10,6;1;0,8037;0,643
F09602035;Yaméogo;Odile;+226 00 00 61 11;G096;Centre;Urbain;Oui;28;25-34 ans;Aucun;4;Oui;Musulmane;0;Oui;23,6;16,0;0;0,9685;0,643
F09602036;Kinda;Rasmata;+226 00 00 84 28;G096;Centre;Urbain;Oui;27;25-34 ans;Aucun;4;;Musulmane;1;Non;20,6;15,0;0;1,1482;0,643
F09602037;Sawadogo;Adjara;+226 00 00 22 52;G096;Centre;Urbain;Oui;35;35-49 ans;Secondaire ou plus;3;Oui;Musulmane;4;Non;20,4;6,45;1;1,2105;0,643
F09602038;Compaoré;Fatimata;+226 00 00 38 15;G096;Centre;Urbain;Oui;38;35-49 ans;Secondaire ou plus;3;Oui;Musulmane;3;Oui;22,3;7,65;1;1,3227;0,643
F09602039;Yaméogo;Adjara;+226 00 00 55 29;G096;Centre;Urbain;Oui;23;15-24 ans;Aucun;5;Non;Musulmane;0;Non;20,6;11,0;0;0,8161;0,643
F09602040;Sawadogo;Adjara;+226 00 00 43 10;G096;Centre;Urbain;Oui;39;35-49 ans;Primaire;4;Oui;Catholique;1;Non;23,9;3,75;1;1,2552;0,643
F09602041;Sawadogo;Odile;+226 00 00 51 11;G096;Centre;Urbain;Oui;39;35-49 ans;Aucun;4;Non;Traditionnelle;6;Non;23,0;27,0;0;1,0611;0,643
F09602042;Kinda;Odile;+226 00 00 21 79;G096;Centre;Urbain;Oui;27;25-34 ans;Secondaire ou plus;3;;Musulmane;0;Oui;22,0;1,3;1;0,7039;0,643
F09602043;Ilboudo;Mariam;+226 00 00 12 35;G096;Centre;Urbain;Oui;25;25-34 ans;Aucun;5;Oui;Musulmane;1;Oui;26,5;0,85;1;1,3123;0,643
F09602044;Sawadogo;Fatimata;+226 00 00 57 12;G096;Centre;Urbain;Oui;48;35-49 ans;Secondaire ou plus;4;Oui;Musulmane;5;Oui;22,9;1,45;1;1,0257;0,643
F09602045;Traoré;Odile;+226 00 00 47 42;G096;Centre;Urbain;Oui;41;35-49 ans;Secondaire ou plus;3;Oui;Musulmane;3;Oui;19,1;18,77;1;1,1862;0,643
F09602046;Yaméogo;Salimata;+226 00 00 92 69;G096;Centre;Urbain;Oui;27;25-34 ans;Primaire;5;Oui;Catholique;1;Oui;21,5;9,51;1;1,481;0,643
F09602047;Compaoré;Adjara;+226 00 00 83 87;G096;Centre;Urbain;Oui;36;35-49 ans;Secondaire ou plus;4;Oui;Musulmane;4;Non;17,2;24,0;0;1,0186;0,643
F09602048;Ilboudo;Fatimata;+226 00 00 79 76;G096;Centre;Urbain;Oui;25;25-34 ans;Primaire;4;Oui;Catholique;2;Oui;20,3;6,28;1;1,1338;0,643
F09602049;Kaboré;Aminata;+226 00 00 64 77;G096;Centre;Urbain;Oui;43;35-49 ans;Primaire;3;;Musulmane;3;Non;26,5;31,0;0;1,3753;0,643
F09602050;Ilboudo;Fatimata;+226 00 00 78 49;G096;Centre;Urbain;Oui;43;35-49 ans;Secondaire ou plus;5;Oui;Musulmane;5;Oui;24,1;13,23;1;1,525;0,643
F09602051;Yaméogo;Salimata;+226 00 00 71 47;G096;Centre;Urbain;Oui;36;35-49 ans;Secondaire ou plus;2;Oui;Traditionnelle;3;Oui;21,1;5,1;1;1,1674;0,643
F09602052;Zongo;Awa;+226 00 00 95 96;G096;Centre;Urbain;Oui;34;25-34 ans;Primaire;4;Oui;Catholique;3;Non;21,8;8,19;1;1,1663;0,643
F09602053;Ouédraogo;Salimata;+226 00 00 66 68;G096;Centre;Urbain;Oui;34;25-34 ans;Aucun;5;Non;Musulmane;6;Oui;27,0;0,56;1;1,2815;0,643
F09602054;Compaoré;Odile;+226 00 00 64 60;G096;Centre;Urbain;Oui;27;25-34 ans;Secondaire ou plus;4;Oui;Musulmane;1;Oui;19,2;15,0;0;1,0606;0,643
F09602055;Kinda;Bintou;+226 00 00 22 62;G096;Centre;Urbain;Oui;25;25-34 ans;Primaire;3;Oui;Musulmane;4;Non;17,6;13,0;0;0,6433;0,643
F09602056;Compaoré;Fatimata;+226 00 00 76 40;G096;Centre;Urbain;Oui;16;15-24 ans;Secondaire ou plus;3;Oui;Catholique;0;Non;21,3;4,0;0;1,5446;0,643
F09602057;Bado;Bintou;+226 00 00 18 33;G096;Centre;Urbain;Oui;15;15-24 ans;Secondaire ou plus;4;Oui;Catholique;0;Oui;24,8;3,0;0;1,3313;0,643
F09602058;Ouédraogo;Odile;+226 00 00 81 70;G096;Centre;Urbain;Oui;34;25-34 ans;Aucun;3;Oui;Musulmane;7;Oui;22,8;22,0;0;1,4175;0,643
F09602059;Yaméogo;Mariam;+226 00 00 95 50;G096;Centre;Urbain;Oui;44;35-49 ans;Aucun;3;Oui;Catholique;4;Oui;22,6;28,56;1;0,7082;0,643
F09702060;Bado;Bintou;+226 00 00 91 37;G097;Hauts-Bassins;Urbain;Non;41;35-49 ans;Primaire;4;Oui;Protestante;6;Non;20,2;12,06;1;1,3092;0,667
F09702061;Kinda;Rasmata;+226 00 00 83 78;G097;Hauts-Bassins;Urbain;Non;44;35-49 ans;Secondaire ou plus;3;Oui;Traditionnelle;2;Non;26,6;19,0;1;0,8368;0,667
F09702062;Bado;Clarisse;+226 00 00 81 63;G097;Hauts-Bassins;Urbain;Non;17;15-24 ans;Aucun;4;Non;Catholique;0;Non;26,6;5,0;0;1,081;0,667
F09702063;Compaoré;Salimata;+226 00 00 67 11;G097;Hauts-Bassins;Urbain;Non;26;25-34 ans;Aucun;3;Non;Musulmane;2;Non;19,8;4,51;1;1,2896;0,667
F09702064;Traoré;Mariam;+226 00 00 35 45;G097;Hauts-Bassins;Urbain;Non;24;15-24 ans;Secondaire ou plus;3;Oui;Catholique;4;Non;26,9;9,39;1;1,4167;0,667
F09702065;Yaméogo;Mariam;+226 00 00 92 15;G097;Hauts-Bassins;Urbain;Non;39;35-49 ans;Secondaire ou plus;4;Oui;Musulmane;3;Non;26,9;0,92;1;1,5088;0,667
F09702066;Yaméogo;Odile;+226 00 00 16 48;G097;Hauts-Bassins;Urbain;Non;17;15-24 ans;Primaire;4;Oui;Musulmane;0;Oui;;1,0;1;1,0335;0,667
F09702067;Bado;Rasmata;+226 00 00 45 16;G097;Hauts-Bassins;Urbain;Non;28;25-34 ans;Secondaire ou plus;3;Oui;Musulmane;1;Oui;23,8;8,68;1;0,8101;0,667
F09702068;Ouédraogo;Fatimata;+226 00 00 16 59;G097;Hauts-Bassins;Urbain;Non;22;15-24 ans;Secondaire ou plus;4;Oui;Musulmane;0;Oui;20,2;1,19;1;0,6098;0,667
F09702069;Kaboré;Awa;+226 00 00 48 43;G097;Hauts-Bassins;Urbain;Non;27;25-34 ans;Secondaire ou plus;2;Oui;Catholique;0;Oui;22,7;15,0;0;1,0303;0,667
F09702070;Kinda;Fatimata;+226 00 00 36 38;G097;Hauts-Bassins;Urbain;Non;46;35-49 ans;Aucun;4;Oui;Catholique;5;Oui;23,3;34,0;0;0,8926;0,667
F09702071;Ilboudo;Fatimata;+226 00 00 46 74;G097;Hauts-Bassins;Urbain;Non;15;15-24 ans;Aucun;2;Non;Musulmane;0;Non;21,4;3,0;0;0,6217;0,667
F09802072;Ilboudo;Rasmata;+226 00 00 28 95;G098;Nord;Rural;Non;35;35-49 ans;Primaire;3;Oui;Musulmane;3;Non;20,1;5,93;1;1,5016;0,267
F09802073;Sawadogo;Fatimata;+226 00 00 53 64;G098;Nord;Rural;Non;31;25-34 ans;Primaire;3;Non;Musulmane;2;Non;24,5;0,13;1;1,2844;0,267
F09802074;Ouédraogo;Rasmata;+226 00 00 22 41;G098;Nord;Rural;Non;36;35-49 ans;Aucun;3;Non;Musulmane;4;Oui;21,4;1,9;1;0,7863;0,267
F09802075;Ouédraogo;Odile;+226 00 00 91 20;G098;Nord;Rural;Non;17;15-24 ans;Aucun;5;Non;Musulmane;0;Non;19,2;5,0;0;1,22;0,267
F09802076;Kaboré;Mariam;+226 00 00 32 96;G098;Nord;Rural;Non;38;35-49 ans;Aucun;2;Oui;Catholique;7;Non;20,3;2,2;1;0,8419;0,267
F09802077;Yaméogo;Salimata;+226 00 00 23 24;G098;Nord;Rural;Non;15;15-24 ans;Primaire;2;Oui;Musulmane;0;Non;18,7;3,0;0;1,182;0,267
F09802078;Kaboré;Mariam;+226 00 00 25 29;G098;Nord;Rural;Non;28;25-34 ans;Aucun;1;Non;Musulmane;6;Non;18,2;13,71;1;1,0535;0,267
F09802079;Zongo;Odile;+226 00 00 96 36;G098;Nord;Rural;Non;26;25-34 ans;Primaire;3;Non;Musulmane;1;Non;20,1;14,0;0;1,2529;0,267
F09802080;Compaoré;Awa;+226 00 00 40 18;G098;Nord;Rural;Non;36;35-49 ans;Aucun;4;Oui;Musulmane;3;Oui;21,2;1,59;1;1,2278;0,267
F09802081;Bado;Aminata;+226 00 00 95 16;G098;Nord;Rural;Non;15;15-24 ans;Aucun;2;Oui;Traditionnelle;0;Non;19,1;3,0;0;0,9366;0,267
F09802082;Sawadogo;Bintou;+226 00 00 61 88;G098;Nord;Rural;Non;36;35-49 ans;Aucun;3;Oui;Musulmane;2;Non;21,3;4,69;1;1,255;0,267
F09802083;Traoré;Bintou;+226 00 00 43 13;G098;Nord;Rural;Non;36;35-49 ans;Aucun;3;Oui;Musulmane;3;Non;23,9;0,21;1;0,9485;0,267
F09802084;Zongo;Adjara;+226 00 00 37 49;G098;Nord;Rural;Non;23;15-24 ans;Aucun;2;Non;Protestante;0;Non;24,1;10,5;1;1,4623;0,267
F09802085;Sawadogo;Awa;+226 00 00 58 92;G098;Nord;Rural;Non;22;15-24 ans;Aucun;2;Non;Catholique;1;Non;21,9;0,22;1;1,5029;0,267
F09802086;Yaméogo;Fatimata;+226 00 00 15 89;G098;Nord;Rural;Non;25;25-34 ans;Aucun;3;;Catholique;0;Non;19,2;2,52;1;1,1971;0,267
F09902087;Ouédraogo;Salimata;+226 00 00 25 74;G099;Est;Rural;Oui;48;35-49 ans;Aucun;3;Oui;Traditionnelle;10;Non;27,3;14,4;1;0,9082;0,176
F09902088;Zongo;Fatimata;+226 00 00 35 27;G099;Est;Rural;Oui;42;35-49 ans;Aucun;2;Non;Catholique;5;Oui;25,2;0,88;1;1,423;0,176
F09902089;Yaméogo;Bintou;+226 00 00 15 46;G099;Est;Rural;Oui;33;25-34 ans;Aucun;1;Non;Musulmane;4;Non;22,0;21,0;0;1,5075;0,176
F09902090;Traoré;Awa;+226 00 00 12 81;G099;Est;Rural;Oui;48;35-49 ans;Aucun;3;Oui;Traditionnelle;9;Non;21,9;3,54;1;1,598;0,176
F09902091;Zongo;Mariam;+226 00 00 65 49;G099;Est;Rural;Oui;48;35-49 ans;Secondaire ou plus;2;Non;Musulmane;2;Non;26,9;5,7;1;1,5224;0,176
F09902092;Kaboré;Fatimata;+226 00 00 10 55;G099;Est;Rural;Oui;31;25-34 ans;Secondaire ou plus;1;Oui;Musulmane;0;Oui;;3,09;1;0,8492;0,176
F09902093;Sawadogo;Fatimata;+226 00 00 24 54;G099;Est;Rural;Oui;26;25-34 ans;Aucun;3;;Catholique;3;Oui;26,3;3,18;1;1,4275;0,176
F09902094;Traoré;Bintou;+226 00 00 72 57;G099;Est;Rural;Oui;42;35-49 ans;Aucun;1;Non;Musulmane;6;Non;24,1;11,95;1;0,683;0,176
F09902095;Zongo;Mariam;+226 00 00 19 23;G099;Est;Rural;Oui;28;25-34 ans;Aucun;2;Non;Catholique;1;Non;23,9;2,16;1;1,5681;0,176
F09902096;Kaboré;Odile;+226 00 00 64 35;G099;Est;Rural;Oui;22;15-24 ans;Aucun;4;Non;Catholique;2;Non;26,3;0,79;1;0,9862;0,176
F09902097;Zongo;Awa;+226 00 00 21 90;G099;Est;Rural;Oui;36;35-49 ans;Aucun;2;Oui;Musulmane;1;Non;20,7;10,51;1;1,5157;0,176
F09902098;Kaboré;Mariam;+226 00 00 32 42;G099;Est;Rural;Oui;37;35-49 ans;Aucun;2;Oui;Catholique;4;Non;23,1;19,12;1;0,6047;0,176
F09902099;Sawadogo;Salimata;+226 00 00 91 62;G099;Est;Rural;Oui;18;15-24 ans;Aucun;1;Non;Musulmane;0;Non;22,7;6,0;0;0,7573;0,176
F09902100;Kaboré;Clarisse;+226 00 00 77 34;G099;Est;Rural;Oui;31;25-34 ans;Aucun;1;Non;Musulmane;2;Non;13,5;2,71;1;1,5301;0,176
F09902101;Ouédraogo;Clarisse;+226 00 00 89 40;G099;Est;Rural;Oui;23;15-24 ans;Aucun;2;Oui;Traditionnelle;0;Non;20,4;3,71;1;0,7189;0,176
F09902102;Kaboré;Awa;+226 00 00 13 63;G099;Est;Rural;Oui;28;25-34 ans;Primaire;4;Oui;Musulmane;0;Non;22,0;6,08;1;1,2683;0,176
F09902103;Kinda;Awa;+226 00 00 78 88;G099;Est;Rural;Oui;23;15-24 ans;Aucun;1;Oui;Catholique;1;Non;21,4;4,12;1;1,0595;0,176
F10002104;Bado;Bintou;+226 00 00 36 86;G100;Boucle du Mouhoun;Urbain;Non;15;15-24 ans;Aucun;4;Non;Musulmane;0;Oui;27,6;2,5;1;1,3073;0,471
F10002105;Traoré;Aminata;+226 00 00 37 89;G100;Boucle du Mouhoun;Urbain;Non;23;15-24 ans;Primaire;3;Non;Musulmane;0;Oui;18,3;8,57;1;0,789;0,471
F10002106;Ilboudo;Rasmata;+226 00 00 51 87;G100;Boucle du Mouhoun;Urbain;Non;29;25-34 ans;Aucun;4;Non;Traditionnelle;4;Non;25,4;2,92;1;0,9548;0,471
F10002107;Traoré;Rasmata;+226 00 00 19 97;G100;Boucle du Mouhoun;Urbain;Non;42;35-49 ans;Aucun;3;Oui;Musulmane;3;Oui;22,8;4,78;1;0,7548;0,471
F10002108;Compaoré;Mariam;+226 00 00 40 41;G100;Boucle du Mouhoun;Urbain;Non;24;15-24 ans;Aucun;5;Non;Traditionnelle;1;Non;22,0;11,46;1;0,9717;0,471
F10002109;Compaoré;Rasmata;+226 00 00 15 96;G100;Boucle du Mouhoun;Urbain;Non;15;15-24 ans;Secondaire ou plus;3;Oui;Musulmane;0;Oui;26,1;0,07;1;1,2227;0,471
F10002110;Kaboré;Mariam;+226 00 00 18 17;G100;Boucle du Mouhoun;Urbain;Non;48;35-49 ans;Primaire;3;Oui;Protestante;9;Non;26,1;6,67;1;1,3494;0,471
F10002111;Kinda;Bintou;+226 00 00 88 81;G100;Boucle du Mouhoun;Urbain;Non;45;35-49 ans;Aucun;3;Non;Protestante;8;Non;22,3;15,09;1;0,6319;0,471
F10002112;Kaboré;Clarisse;+226 00 00 93 54;G100;Boucle du Mouhoun;Urbain;Non;28;25-34 ans;Secondaire ou plus;5;Oui;Catholique;0;Oui;19,6;16,0;0;1,2526;0,471
F10002113;Sawadogo;Rasmata;+226 00 00 89 86;G100;Boucle du Mouhoun;Urbain;Non;15;15-24 ans;Primaire;4;Oui;Protestante;0;Oui;24,3;3,0;0;1,135;0,471
F10002114;Bado;Fatimata;+226 00 00 33 23;G100;Boucle du Mouhoun;Urbain;Non;20;15-24 ans;Aucun;3;Oui;Catholique;0;Non;26,3;8,0;0;1,4345;0,471
F10002115;Kinda;Aminata;+226 00 00 80 80;G100;Boucle du Mouhoun;Urbain;Non;49;35-49 ans;Aucun;5;Oui;Catholique;7;Non;28,9;0,73;1;1,3023;0,471
F10002116;Bado;Clarisse;+226 00 00 30 30;G100;Boucle du Mouhoun;Urbain;Non;37;35-49 ans;Secondaire ou plus;4;Oui;Musulmane;3;Oui;26,1;11,45;1;0,9029;0,471
F10002117;Kaboré;Fatimata;+226 00 00 38 40;G100;Boucle du Mouhoun;Urbain;Non;49;35-49 ans;Aucun;3;Oui;Catholique;7;Non;22,9;1,48;1;1,1779;0,471
F10002118;Bado;Adjara;+226 00 00 20 82;G100;Boucle du Mouhoun;Urbain;Non;35;35-49 ans;Aucun;4;Oui;Musulmane;4;Oui;26,2;1,99;1;1,4353;0,471
F10002119;Traoré;Awa;+226 00 00 23 81;G100;Boucle du Mouhoun;Urbain;Non;43;35-49 ans;Secondaire ou plus;2;Oui;Musulmane;9;Oui;22,1;10,69;1;1,1348;0,471
F10002120;Yaméogo;Clarisse;+226 00 00 13 73;G100;Boucle du Mouhoun;Urbain;Non;23;15-24 ans;Primaire;3;Oui;Musulmane;1;Oui;27,3;5,29;1;0,8262;0,471
F10102121;Traoré;Rasmata;+226 00 00 84 91;G101;Sahel;Rural;Non;34;25-34 ans;Primaire;2;Non;Protestante;6;Non;21,9;0,58;1;1,4066;0,259
F10102122;Compaoré;Awa;+226 00 00 97 30;G101;Sahel;Rural;Non;48;35-49 ans;Aucun;2;Non;Musulmane;7;Non;22,9;31,89;1;1,4524;0,259
F10102123;Traoré;Aminata;+226 00 00 78 92;G101;Sahel;Rural;Non;41;35-49 ans;Aucun;3;Oui;Musulmane;2;Non;28,3;1,2;1;0,6112;0,259
F10102124;Ilboudo;Adjara;+226 00 00 51 68;G101;Sahel;Rural;Non;15;15-24 ans;Aucun;1;Oui;Musulmane;0;Non;18,8;2,66;1;1,3587;0,259
F10102125;Kinda;Adjara;+226 00 00 15 53;G101;Sahel;Rural;Non;32;25-34 ans;Aucun;3;Non;Musulmane;3;Oui;21,5;1,32;1;1,4556;0,259
F10102126;Compaoré;Awa;+226 00 00 69 85;G101;Sahel;Rural;Non;36;35-49 ans;Aucun;2;Oui;Musulmane;7;Non;28,2;0,39;1;0,9452;0,259
F10102127;Zongo;Fatimata;+226 00 00 83 92;G101;Sahel;Rural;Non;33;25-34 ans;Secondaire ou plus;1;Non;Musulmane;2;Non;21,3;21,0;0;1,0106;0,259
F10102128;Compaoré;Awa;+226 00 00 49 10;G101;Sahel;Rural;Non;37;35-49 ans;Aucun;1;Non;Musulmane;1;Non;24,1;1,77;1;0,9025;0,259
F10102129;Ouédraogo;Mariam;+226 00 00 37 66;G101;Sahel;Rural;Non;42;35-49 ans;Aucun;2;Non;Musulmane;8;Non;23,8;3,41;1;1,3882;0,259
F10102130;Traoré;Aminata;+226 00 00 25 16;G101;Sahel;Rural;Non;39;35-49 ans;Aucun;2;Oui;Musulmane;6;Non;23,3;2,78;1;0,8578;0,259
F10102131;Zongo;Rasmata;+226 00 00 82 56;G101;Sahel;Rural;Non;28;25-34 ans;Primaire;1;Non;Catholique;0;Non;21,3;0,22;1;1,3375;0,259
F10102132;Zongo;Adjara;+226 00 00 84 57;G101;Sahel;Rural;Non;16;15-24 ans;Aucun;2;Non;Musulmane;0;Non;20,7;4,0;0;0,9001;0,259
F10102133;Kinda;Fatimata;+226 00 00 40 63;G101;Sahel;Rural;Non;33;25-34 ans;Aucun;3;Non;Catholique;5;Oui;28,7;5,62;1;1,1225;0,259
F10102134;Ouédraogo;Adjara;+226 00 00 53 80;G101;Sahel;Rural;Non;46;35-49 ans;Aucun;1;Oui;Catholique;8;Non;22,3;4,79;1;1,3076;0,259
F10102135;Ouédraogo;Aminata;+226 00 00 69 55;G101;Sahel;Rural;Non;35;35-49 ans;Aucun;1;Non;Musulmane;8;Non;20,7;15,25;1;1,4257;0,259
F10102136;Sawadogo;Fatimata;+226 00 00 40 85;G101;Sahel;Rural;Non;29;25-34 ans;Aucun;2;Oui;Catholique;2;Non;23,0;17,0;0;0,7259;0,259
F10102137;Ouédraogo;Fatimata;+226 00 00 45 81;G101;Sahel;Rural;Non;47;35-49 ans;Aucun;1;Non;Catholique;8;Non;24,6;1,83;1;0,8455;0,259
F10102138;Ilboudo;Fatimata;+226 00 00 45 22;G101;Sahel;Rural;Non;31;25-34 ans;Secondaire ou plus;4;Non;Musulmane;2;Non;21,8;19,0;0;0,7603;0,259
F10102139;Ouédraogo;Rasmata;+226 00 00 75 51;G101;Sahel;Rural;Non;49;35-49 ans;Aucun;2;Non;Musulmane;11;Non;21,3;0,05;1;0,6362;0,259
F10102140;Zongo;Mariam;+226 00 00 65 36;G101;Sahel;Rural;Non;34;25-34 ans;Aucun;2;Non;Musulmane;4;Non;24,8;2,72;1;1,4272;0,259
F10102141;Kaboré;Clarisse;+226 00 00 76 24;G101;Sahel;Rural;Non;45;35-49 ans;Aucun;2;Non;Musulmane;6;Non;20,3;21,81;1;1,4091;0,259
F10102142;Kinda;Bintou;+226 00 00 18 18;G101;Sahel;Rural;Non;24;15-24 ans;Secondaire ou plus;1;Non;Musulmane;0;Non;20,8;12,0;0;1,3766;0,259
F10102143;Compaoré;Rasmata;+226 00 00 66 46;G101;Sahel;Rural;Non;32;25-34 ans;Aucun;4;Oui;Catholique;2;Non;20,0;11,02;1;1,2395;0,259
F10102144;Bado;Mariam;+226 00 00 71 12;G101;Sahel;Rural;Non;34;25-34 ans;Aucun;4;Non;Catholique;2;Non;24,3;1,38;1;1,2972;0,259
F10102145;Traoré;Rasmata;+226 00 00 90 30;G101;Sahel;Rural;Non;22;15-24 ans;Aucun;2;Non;Catholique;2;Non;23,4;10,0;0;1,2647;0,259
F10102146;Compaoré;Fatimata;+226 00 00 34 61;G101;Sahel;Rural;Non;36;35-49 ans;Primaire;2;Oui;Musulmane;3;Non;23,6;1,65;1;1,5237;0,259
F10102147;Traoré;Rasmata;+226 00 00 90 49;G101;Sahel;Rural;Non;15;15-24 ans;Secondaire ou plus;2;Oui;Musulmane;0;Oui;22,1;3,0;0;1,1309;0,259
F10202148;Traoré;Odile;+226 00 00 85 60;G102;Centre;Urbain;Oui;18;15-24 ans;Aucun;4;Non;Traditionnelle;0;Oui;20,1;6,0;0;1,3587;0,583
F10202149;Compaoré;Rasmata;+226 00 00 48 34;G102;Centre;Urbain;Oui;35;35-49 ans;Aucun;2;Oui;Musulmane;7;Non;24,8;5,33;1;0,7386;0,583
F10202150;Compaoré;Adjara;+226 00 00 25 87;G102;Centre;Urbain;Oui;16;15-24 ans;Secondaire ou plus;4;Oui;Musulmane;0;Non;21,6;0,39;1;1,0631;0,583
F10202151;Kaboré;Salimata;+226 00 00 45 23;G102;Centre;Urbain;Oui;22;15-24 ans;Secondaire ou plus;3;Oui;Musulmane;0;Non;22,1;2,21;1;0,9209;0,583
F10202152;Sawadogo;Awa;+226 00 00 62 68;G102;Centre;Urbain;Oui;21;15-24 ans;Secondaire ou plus;3;Oui;Traditionnelle;0;Oui;20,0;9,0;0;0,6634;0,583
F10202153;Ouédraogo;Mariam;+226 00 00 71 13;G102;Centre;Urbain;Oui;20;15-24 ans;Primaire;3;Oui;Musulmane;1;Oui;23,4;8,0;0;0,751;0,583
F10202154;Zongo;Mariam;+226 00 00 80 36;G102;Centre;Urbain;Oui;25;25-34 ans;Aucun;4;Non;Musulmane;0;Oui;23,3;3,1;1;1,3829;0,583
F10202155;Zongo;Aminata;+226 00 00 90 93;G102;Centre;Urbain;Oui;21;15-24 ans;Aucun;3;Non;Musulmane;1;Non;24,7;9,0;0;1,3318;0,583
F10202156;Zongo;Awa;+226 00 00 26 87;G102;Centre;Urbain;Oui;26;25-34 ans;Secondaire ou plus;3;Non;Protestante;1;Non;22,5;12,85;1;0,6642;0,583
F10202157;Ilboudo;Salimata;+226 00 00 53 87;G102;Centre;Urbain;Oui;48;35-49 ans;Secondaire ou plus;4;Oui;Musulmane;4;Non;23,6;8,52;1;1,3876;0,583
F10202158;Ouédraogo;Aminata;+226 00 00 52 82;G102;Centre;Urbain;Oui;16;15-24 ans;Secondaire ou plus;3;Oui;Catholique;0;Oui;21,6;4,0;0;1,4985;0,583
F10202159;Bado;Aminata;+226 00 00 92 41;G102;Centre;Urbain;Oui;32;25-34 ans;Aucun;3;Oui;Musulmane;4;Non;23,5;1,06;1;0,8562;0,583
F10302160;Kinda;Mariam;+226 00 00 77 79;G103;Hauts-Bassins;Rural;Oui;40;35-49 ans;Primaire;3;Non;Musulmane;2;Non;19,5;3,95;1;1,3303;0,348
F10302161;Kinda;Awa;+226 00 00 79 43;G103;Hauts-Bassins;Rural;Oui;48;35-49 ans;Aucun;1;Non;Protestante;7;Oui;18,9;0,22;1;0,7773;0,348
F10302162;Ouédraogo;Awa;+226 00 00 82 85;G103;Hauts-Bassins;Rural;Oui;25;25-34 ans;Aucun;3;Non;Traditionnelle;3;Oui;18,2;4,73;1;0,7856;0,348
F10302163;Bado;Rasmata;+226 00 00 16 31;G103;Hauts-Bassins;Rural;Oui;40;35-49 ans;Aucun;2;Non;Catholique;5;Non;17,4;15,87;1;0,9164;0,348
F10302164;Ilboudo;Adjara;+226 00 00 28 47;G103;Hauts-Bassins;Rural;Oui;27;25-34 ans;Aucun;1;Non;Catholique;2;Non;14,5;0,52;1;1,0242;0,348
F10302165;Ouédraogo;Aminata;+226 00 00 21 34;G103;Hauts-Bassins;Rural;Oui;38;35-49 ans;Aucun;4;Non;Catholique;4;Oui;18,9;17,34;1;0,7072;0,348
F10302166;Kaboré;Salimata;+226 00 00 83 50;G103;Hauts-Bassins;Rural;Oui;49;35-49 ans;Aucun;2;Non;Catholique;8;Oui;;6,29;1;1,1028;0,348
F10302167;Yaméogo;Clarisse;+226 00 00 88 43;G103;Hauts-Bassins;Rural;Oui;31;25-34 ans;Primaire;3;Oui;Musulmane;5;Non;19,4;0,12;1;0,9934;0,348
F10302168;Sawadogo;Clarisse;+226 00 00 79 57;G103;Hauts-Bassins;Rural;Oui;36;35-49 ans;Secondaire ou plus;3;Oui;Traditionnelle;2;Oui;15,5;7,41;1;1,0802;0,348
F10302169;Traoré;Clarisse;+226 00 00 91 30;G103;Hauts-Bassins;Rural;Oui;15;15-24 ans;Primaire;3;Non;Protestante;0;Oui;18,8;3,0;0;1,3567;0,348
F10302170;Zongo;Rasmata;+226 00 00 88 51;G103;Hauts-Bassins;Rural;Oui;20;15-24 ans;Primaire;1;Oui;Catholique;0;Non;11,3;5,69;1;0,9725;0,348
F10302171;Compaoré;Mariam;+226 00 00 66 21;G103;Hauts-Bassins;Rural;Oui;33;25-34 ans;Secondaire ou plus;2;Oui;Musulmane;1;Oui;;6,96;1;0,7421;0,348
F10302172;Ouédraogo;Mariam;+226 00 00 78 93;G103;Hauts-Bassins;Rural;Oui;30;25-34 ans;Aucun;2;Oui;Traditionnelle;1;Non;18,0;18,0;0;0,8054;0,348
F10302173;Traoré;Adjara;+226 00 00 49 87;G103;Hauts-Bassins;Rural;Oui;29;25-34 ans;Aucun;1;Non;Protestante;1;Non;17,2;4,8;1;1,5165;0,348
F10302174;Yaméogo;Bintou;+226 00 00 74 98;G103;Hauts-Bassins;Rural;Oui;29;25-34 ans;Aucun;2;Oui;Catholique;3;Oui;16,4;4,83;1;0,7698;0,348
F10302175;Compaoré;Clarisse;+226 00 00 34 42;G103;Hauts-Bassins;Rural;Oui;42;35-49 ans;Secondaire ou plus;2;Non;Musulmane;4;Oui;23,8;20,56;1;0,9445;0,348
F10302176;Compaoré;Fatimata;+226 00 00 16 47;G103;Hauts-Bassins;Rural;Oui;28;25-34 ans;Aucun;4;Non;Musulmane;2;Oui;21,8;1,9;1;1,1786;0,348
F10302177;Zongo;Aminata;+226 00 00 69 87;G103;Hauts-Bassins;Rural;Oui;28;25-34 ans;Primaire;3;Non;Musulmane;2;Oui;17,7;15,86;1;1,3497;0,348
F10302178;Zongo;Salimata;+226 00 00 25 61;G103;Hauts-Bassins;Rural;Oui;41;35-49 ans;Aucun;3;Oui;Musulmane;6;Non;17,3;13,36;1;1,3529;0,348
F10302179;Traoré;Fatimata;+226 00 00 87 75;G103;Hauts-Bassins;Rural;Oui;27;25-34 ans;Aucun;2;Oui;Catholique;2;Oui;19,1;15,0;0;1,0027;0,348
F10302180;Zongo;Bintou;+226 00 00 55 59;G103;Hauts-Bassins;Rural;Oui;35;35-49 ans;Aucun;3;Non;Musulmane;2;Oui;16,6;5,69;1;1,0075;0,348
F10302181;Ouédraogo;Odile;+226 00 00 24 24;G103;Hauts-Bassins;Rural;Oui;18;15-24 ans;Aucun;1;Oui;Musulmane;0;Oui;18,3;6,0;0;1,127;0,348
F10302182;Yaméogo;Rasmata;+226 00 00 10 24;G103;Hauts-Bassins;Rural;Oui;25;25-34 ans;Aucun;4;Non;Catholique;1;Non;12,2;2,35;1;1,5473;0,348
F10402183;Kaboré;Salimata;+226 00 00 15 30;G104;Nord;Rural;Non;45;35-49 ans;Aucun;1;Non;Catholique;5;Non;22,1;1,27;1;0,704;0,3
F10402184;Bado;Mariam;+226 00 00 92 84;G104;Nord;Rural;Non;25;25-34 ans;Aucun;3;Non;Musulmane;1;Non;20,8;0,06;1;0,7308;0,3
F10402185;Traoré;Adjara;+226 00 00 82 79;G104;Nord;Rural;Non;41;35-49 ans;Aucun;4;Non;Catholique;3;Non;25,8;4,81;1;1,5861;0,3
F10402186;Bado;Salimata;+226 00 00 57 11;G104;Nord;Rural;Non;18;15-24 ans;Aucun;2;Non;Musulmane;1;Non;22,3;6,0;0;1,3103;0,3
F10402187;Ilboudo;Adjara;+226 00 00 35 93;G104;Nord;Rural;Non;38;35-49 ans;Aucun;5;Oui;Musulmane;3;Non;26,0;1,27;1;1,5809;0,3
F10402188;Sawadogo;Mariam;+226 00 00 22 95;G104;Nord;Rural;Non;32;25-34 ans;Aucun;2;Non;Traditionnelle;4;Non;22,6;7,72;1;1,2438;0,3
F10402189;Traoré;Mariam;+226 00 00 30 24;G104;Nord;Rural;Non;30;25-34 ans;Aucun;3;Oui;Musulmane;4;Non;18,5;1,49;1;1,5998;0,3
F10402190;Ilboudo;Bintou;+226 00 00 19 79;G104;Nord;Rural;Non;23;15-24 ans;Primaire;3;Oui;Musulmane;2;Non;20,8;11,0;0;1,494;0,3
F10402191;Kaboré;Clarisse;+226 00 00 28 52;G104;Nord;Rural;Non;28;25-34 ans;Aucun;3;Non;Protestante;3;Non;18,3;8,38;1;0,9497;0,3
F10402192;Sawadogo;Clarisse;+226 00 00 90 17;G104;Nord;Rural;Non;33;25-34 ans;Aucun;3;Non;Catholique;4;Non;22,2;17,08;1;1,1983;0,3
F10402193;Kinda;Rasmata;+226 00 00 43 56;G104;Nord;Rural;Non;23;15-24 ans;Primaire;4;Non;Catholique;1;Non;25,7;5,44;1;0,6598;0,3
F10402194;Ilboudo;Aminata;+226 00 00 70 33;G104;Nord;Rural;Non;27;25-34 ans;Aucun;1;Non;Musulmane;1;Non;21,6;14,83;1;1,4805;0,3
F10402195;Compaoré;Awa;+226 00 00 21 80;G104;Nord;Rural;Non;17;15-24 ans;Primaire;1;Oui;Musulmane;0;Non;19,3;5,0;0;0,6745;0,3
F10402196;Kaboré;Awa;+226 00 00 84 61;G104;Nord;Rural;Non;30;25-34 ans;Aucun;3;Oui;Musulmane;6;Non;;7,93;1;1,3809;0,3
F10402197;Compaoré;Clarisse;+226 00 00 37 19;G104;Nord;Rural;Non;18;15-24 ans;Primaire;1;Non;Musulmane;0;Non;23,3;0,99;1;1,0474;0,3
F10402198;Kinda;Odile;+226 00 00 57 96;G104;Nord;Rural;Non;41;35-49 ans;Aucun;2;Non;Musulmane;7;Non;20,5;6,26;1;0,9571;0,3
F10402199;Ilboudo;Salimata;+226 00 00 39 77;G104;Nord;Rural;Non;31;25-34 ans;Aucun;3;Non;Musulmane;2;Non;26,4;12,52;1;1,4199;0,3
F10402200;Kinda;Odile;+226 00 00 57 89;G104;Nord;Rural;Non;19;15-24 ans;Primaire;1;Non;Musulmane;1;Non;16,6;6,46;1;1,5313;0,3
F10402201;Kaboré;Rasmata;+226 00 00 25 10;G104;Nord;Rural;Non;44;35-49 ans;Secondaire ou plus;5;Oui;Traditionnelle;7;Non;20,8;14,29;1;0,8721;0,3
F10402202;Sawadogo;Awa;+226 00 00 37 65;G104;Nord;Rural;Non;36;35-49 ans;Aucun;1;Non;Musulmane;3;Non;26,9;24,0;0;0,6955;0,3
F10402203;Traoré;Aminata;+226 00 00 82 50;G104;Nord;Rural;Non;20;15-24 ans;Aucun;2;Oui;Catholique;0;Non;20,0;7,73;1;0,8187;0,3
F10402204;Traoré;Clarisse;+226 00 00 13 17;G104;Nord;Rural;Non;31;25-34 ans;Aucun;2;Non;Musulmane;4;Non;19,2;4,83;1;1,4643;0,3
F10402205;Bado;Clarisse;+226 00 00 10 33;G104;Nord;Rural;Non;26;25-34 ans;Secondaire ou plus;2;Oui;Musulmane;2;Non;25,0;5,54;1;1,5958;0,3
F10402206;Compaoré;Awa;+226 00 00 41 14;G104;Nord;Rural;Non;16;15-24 ans;Aucun;2;Non;Musulmane;0;Non;21,3;0,97;1;0,8029;0,3
F10402207;Bado;Rasmata;+226 00 00 53 73;G104;Nord;Rural;Non;21;15-24 ans;Aucun;4;Oui;Catholique;1;Non;24,1;0,47;1;1,3647;0,3
F10402208;Traoré;Fatimata;+226 00 00 60 41;G104;Nord;Rural;Non;21;15-24 ans;Primaire;2;Oui;Musulmane;0;Non;20,1;6,44;1;1,5782;0,3
F10402209;Ouédraogo;Aminata;+226 00 00 95 34;G104;Nord;Rural;Non;30;25-34 ans;Primaire;3;Oui;Catholique;3;Non;21,6;0,06;1;1,1322;0,3
F10402210;Kinda;Fatimata;+226 00 00 24 92;G104;Nord;Rural;Non;41;35-49 ans;Aucun;3;Oui;Musulmane;11;Non;20,6;2,43;1;1,3449;0,3
F10402211;Traoré;Fatimata;+226 00 00 22 22;G104;Nord;Rural;Non;15;15-24 ans;Aucun;2;Oui;Musulmane;0;Non;17,8;1,73;1;1,1154;0,3
F10402212;Ouédraogo;Bintou;+226 00 00 85 52;G104;Nord;Rural;Non;42;35-49 ans;Aucun;1;Non;Musulmane;12;Non;25,4;13,31;1;1,1997;0,3
F10502213;Ouédraogo;Mariam;+226 00 00 64 41;G105;Est;Rural;Non;20;15-24 ans;Aucun;3;Oui;Musulmane;0;Oui;13,5;8,0;0;1,442;0,241
F10502214;Zongo;Odile;+226 00 00 40 89;G105;Est;Rural;Non;45;35-49 ans;Aucun;2;Non;Catholique;4;Non;22,6;31,3;1;0,9491;0,241
F10502215;Ilboudo;Fatimata;+226 00 00 48 53;G105;Est;Rural;Non;45;35-49 ans;Aucun;2;Non;Musulmane;5;Non;22,1;26,78;1;1,5403;0,241
F10502216;Ilboudo;Odile;+226 00 00 85 48;G105;Est;Rural;Non;46;35-49 ans;Aucun;3;Non;Traditionnelle;8;Oui;17,8;4,25;1;0,7514;0,241
F10502217;Kaboré;Aminata;+226 00 00 69 75;G105;Est;Rural;Non;44;35-49 ans;Aucun;3;Oui;Catholique;7;Non;23,7;12,51;1;1,1126;0,241
F10502218;Ouédraogo;Bintou;+226 00 00 51 10;G105;Est;Rural;Non;32;25-34 ans;Aucun;2;Oui;Protestante;7;Non;20,9;12,64;1;1,4103;0,241
F10502219;Bado;Awa;+226 00 00 90 67;G105;Est;Rural;Non;26;25-34 ans;Aucun;3;Non;Catholique;2;Non;21,2;3,51;1;0,8933;0,241
F10502220;Kinda;Mariam;+226 00 00 26 63;G105;Est;Rural;Non;23;15-24 ans;Aucun;5;Oui;Musulmane;1;Oui;23,9;3,13;1;0,6851;0,241
F10502221;Compaoré;Odile;+226 00 00 70 49;G105;Est;Rural;Non;28;25-34 ans;Aucun;3;Non;Protestante;2;Non;17,4;16,0;0;1,0184;0,241
F10502222;Kaboré;Salimata;+226 00 00 86 80;G105;Est;Rural;Non;33;25-34 ans;Aucun;4;Non;Catholique;7;Oui;23,1;0,57;1;1,2025;0,241
F10502223;Traoré;Mariam;+226 00 00 70 47;G105;Est;Rural;Non;45;35-49 ans;Aucun;1;Oui;Protestante;5;Non;17,5;6,32;1;0,6269;0,241
F10502224;Compaoré;Odile;+226 00 00 85 81;G105;Est;Rural;Non;23;15-24 ans;Secondaire ou plus;1;Non;Musulmane;1;Non;20,2;11,0;0;1,2942;0,241
F10502225;Bado;Odile;+226 00 00 63 81;G105;Est;Rural;Non;15;15-24 ans;Aucun;2;Non;Musulmane;0;Non;18,7;3,0;0;1,484;0,241
F10502226;Compaoré;Odile;+226 00 00 70 69;G105;Est;Rural;Non;15;15-24 ans;Primaire;4;Oui;Musulmane;0;Oui;20,7;2,02;1;1,4037;0,241
F10502227;Bado;Adjara;+226 00 00 39 41;G105;Est;Rural;Non;27;25-34 ans;Primaire;2;Oui;Musulmane;1;Non;19,3;15,0;0;1,3806;0,241
F10502228;Traoré;Mariam;+226 00 00 82 66;G105;Est;Rural;Non;43;35-49 ans;Aucun;4;Oui;Catholique;7;Oui;21,7;9,76;1;0,6406;0,241
F10502229;Ilboudo;Awa;+226 00 00 60 52;G105;Est;Rural;Non;26;25-34 ans;Aucun;3;Non;Musulmane;1;Non;21,7;1,61;1;1,4867;0,241
F10502230;Zongo;Clarisse;+226 00 00 28 12;G105;Est;Rural;Non;15;15-24 ans;Secondaire ou plus;1;Non;Musulmane;0;Oui;18,3;3,0;0;1,4736;0,241
F10502231;Yaméogo;Salimata;+226 00 00 76 31;G105;Est;Rural;Non;41;35-49 ans;Aucun;2;Non;Musulmane;4;Non;18,2;2,84;1;0,9505;0,241
F10502232;Sawadogo;Odile;+226 00 00 41 82;G105;Est;Rural;Non;43;35-49 ans;Aucun;2;Oui;Musulmane;9;Non;24,6;3,36;1;0,8382;0,241
F10502233;Compaoré;Odile;+226 00 00 89 59;G105;Est;Rural;Non;17;15-24 ans;Aucun;4;Oui;Musulmane;0;Non;18,3;0,65;1;1,2372;0,241
F10502234;Traoré;Bintou;+226 00 00 29 37;G105;Est;Rural;Non;22;15-24 ans;Aucun;1;Oui;Musulmane;0;Non;14,9;10,0;0;1,2666;0,241
F10502235;Ouédraogo;Awa;+226 00 00 39 41;G105;Est;Rural;Non;45;35-49 ans;Secondaire ou plus;1;Non;Protestante;9;Non;21,4;5,66;1;1,5703;0,241
F10502236;Bado;Mariam;+226 00 00 58 87;G105;Est;Rural;Non;19;15-24 ans;Aucun;2;Non;Musulmane;0;Non;21,0;7,0;0;1,0365;0,241
F10502237;Sawadogo;Awa;+226 00 00 47 22;G105;Est;Rural;Non;18;15-24 ans;Aucun;3;Non;Musulmane;0;Non;19,7;6,0;0;1,0357;0,241
F10502238;Bado;Odile;+226 00 00 20 40;G105;Est;Rural;Non;21;15-24 ans;Primaire;2;Non;Traditionnelle;0;Non;22,4;2,46;1;0,7962;0,241
F10502239;Yaméogo;Adjara;+226 00 00 70 13;G105;Est;Rural;Non;21;15-24 ans;Aucun;4;Non;Catholique;2;Non;21,0;0,21;1;1,5326;0,241
F10502240;Kaboré;Salimata;+226 00 00 44 50;G105;Est;Rural;Non;48;35-49 ans;Secondaire ou plus;4;Non;Musulmane;5;Non;19,4;11,71;1;1,0722;0,241
F10502241;Ilboudo;Awa;+226 00 00 45 87;G105;Est;Rural;Non;34;25-34 ans;Aucun;3;Oui;Catholique;8;Oui;19,4;12,16;1;0,7521;0,241
F10602242;Compaoré;Awa;+226 00 00 30 72;G106;Boucle du Mouhoun;Urbain;Non;19;15-24 ans;Aucun;3;Oui;Musulmane;0;Non;23,4;4,76;1;0,6767;0,429
F10602243;Kinda;Salimata;+226 00 00 90 86;G106;Boucle du Mouhoun;Urbain;Non;35;35-49 ans;Secondaire ou plus;4;Oui;Musulmane;2;Non;20,0;4,75;1;1,0171;0,429
F10602244;Traoré;Aminata;+226 00 00 51 31;G106;Boucle du Mouhoun;Urbain;Non;47;35-49 ans;Aucun;5;Non;Protestante;5;Non;24,0;8,96;1;1,0464;0,429
F10602245;Ouédraogo;Odile;+226 00 00 37 78;G106;Boucle du Mouhoun;Urbain;Non;19;15-24 ans;Secondaire ou plus;4;Oui;Protestante;0;Non;20,9;7,0;0;0,6505;0,429
F10602246;Ouédraogo;Clarisse;+226 00 00 63 51;G106;Boucle du Mouhoun;Urbain;Non;35;35-49 ans;Primaire;2;Oui;Catholique;4;Non;22,3;13,33;1;1,1711;0,429
F10602247;Compaoré;Clarisse;+226 00 00 54 23;G106;Boucle du Mouhoun;Urbain;Non;40;35-49 ans;Primaire;5;Oui;Musulmane;8;Non;24,7;1,62;1;1,0314;0,429
F10602248;Zongo;Salimata;+226 00 00 33 66;G106;Boucle du Mouhoun;Urbain;Non;18;15-24 ans;Aucun;2;Non;Musulmane;1;Non;17,3;0,27;1;0,7345;0,429
F10602249;Zongo;Adjara;+226 00 00 30 64;G106;Boucle du Mouhoun;Urbain;Non;44;35-49 ans;Primaire;5;Oui;Catholique;5;Non;23,4;7,47;1;1,2987;0,429
F10602250;Zongo;Fatimata;+226 00 00 16 66;G106;Boucle du Mouhoun;Urbain;Non;39;35-49 ans;Aucun;4;Non;Catholique;11;Non;20,7;3,72;1;1,0612;0,429
F10602251;Compaoré;Mariam;+226 00 00 32 92;G106;Boucle du Mouhoun;Urbain;Non;20;15-24 ans;Aucun;4;Non;Musulmane;1;Non;23,7;8,0;0;1,4235;0,429
F10602252;Ilboudo;Bintou;+226 00 00 25 24;G106;Boucle du Mouhoun;Urbain;Non;21;15-24 ans;Secondaire ou plus;3;Oui;Musulmane;0;Non;15,4;3,35;1;0,7192;0,429
F10602253;Yaméogo;Awa;+226 00 00 37 10;G106;Boucle du Mouhoun;Urbain;Non;18;15-24 ans;Aucun;3;Non;Protestante;0;Oui;21,6;6,0;0;1,1522;0,429
F10602254;Sawadogo;Adjara;+226 00 00 69 21;G106;Boucle du Mouhoun;Urbain;Non;35;35-49 ans;Aucun;4;Non;Musulmane;7;Non;24,4;10,99;1;0,9007;0,429
F10602255;Ouédraogo;Awa;+226 00 00 68 94;G106;Boucle du Mouhoun;Urbain;Non;16;15-24 ans;Aucun;5;Oui;Musulmane;0;Non;23,1;4,0;0;1,0145;0,429
F10702256;Traoré;Adjara;+226 00 00 89 97;G107;Sahel;Rural;Non;31;25-34 ans;Aucun;4;Non;Catholique;2;Non;23,4;12,44;1;0,6362;0,154
F10702257;Yaméogo;Rasmata;+226 00 00 51 16;G107;Sahel;Rural;Non;32;25-34 ans;Aucun;3;Non;Traditionnelle;3;Oui;20,2;9,9;1;0,8616;0,154
F10702258;Zongo;Awa;+226 00 00 26 33;G107;Sahel;Rural;Non;21;15-24 ans;Aucun;2;Non;Protestante;1;Non;19,1;2,37;1;0,9197;0,154
F10702259;Bado;Clarisse;+226 00 00 37 76;G107;Sahel;Rural;Non;25;25-34 ans;Aucun;1;Oui;Musulmane;1;Non;19,1;13,0;0;1,3507;0,154
F10702260;Ilboudo;Bintou;+226 00 00 81 57;G107;Sahel;Rural;Non;26;25-34 ans;Aucun;4;Non;Musulmane;2;Non;18,5;7,46;1;0,947;0,154
F10702261;Ilboudo;Awa;+226 00 00 53 78;G107;Sahel;Rural;Non;31;25-34 ans;Secondaire ou plus;1;Non;Musulmane;2;Oui;16,4;2,63;1;1,5001;0,154
F10702262;Yaméogo;Awa;+226 00 00 49 19;G107;Sahel;Rural;Non;38;35-49 ans;Aucun;5;Non;Catholique;6;Non;20,6;8,72;1;1,5848;0,154
F10702263;Bado;Mariam;+226 00 00 17 29;G107;Sahel;Rural;Non;19;15-24 ans;Aucun;4;Non;Catholique;0;Non;21,6;7,0;0;1,2453;0,154
F10702264;Yaméogo;Adjara;+226 00 00 48 86;G107;Sahel;Rural;Non;40;35-49 ans;Aucun;3;Oui;Protestante;8;Oui;24,2;0,98;1;1,4319;0,154
F10702265;Traoré;Fatimata;+226 00 00 88 57;G107;Sahel;Rural;Non;21;15-24 ans;Aucun;4;Non;Traditionnelle;0;Non;13,7;9,0;0;1,5599;0,154
F10702266;Sawadogo;Bintou;+226 00 00 78 17;G107;Sahel;Rural;Non;42;35-49 ans;Aucun;2;Oui;Musulmane;5;Non;24,1;6,35;1;1,384;0,154
F10702267;Yaméogo;Rasmata;+226 00 00 91 54;G107;Sahel;Rural;Non;29;25-34 ans;Aucun;1;Non;Musulmane;5;Non;21,1;4,0;1;1,4837;0,154
F10702268;Bado;Mariam;+226 00 00 92 62;G107;Sahel;Rural;Non;47;35-49 ans;Primaire;1;Oui;Musulmane;7;Oui;22,2;6,68;1;0,6706;0,154
F10802269;Compaoré;Adjara;+226 00 00 43 10;G108;Centre;Urbain;Oui;23;15-24 ans;Primaire;4;Oui;Musulmane;2;Oui;21,1;10,94;1;1,19;0,643
F10802270;Sawadogo;Clarisse;+226 00 00 76 66;G108;Centre;Urbain;Oui;26;25-34 ans;Secondaire ou plus;4;Oui;Musulmane;1;Oui;26,7;14,0;0;0,737;0,643
F10802271;Bado;Clarisse;+226 00 00 69 44;G108;Centre;Urbain;Oui;35;35-49 ans;Aucun;3;Oui;Catholique;3;Oui;26,3;9,8;1;1,0131;0,643
F10802272;Zongo;Aminata;+226 00 00 61 43;G108;Centre;Urbain;Oui;46;35-49 ans;Secondaire ou plus;4;Oui;Catholique;6;Non;27,5;24,26;1;1,4645;0,643
F10802273;Zongo;Odile;+226 00 00 73 42;G108;Centre;Urbain;Oui;15;15-24 ans;Aucun;3;Oui;Protestante;0;Oui;17,0;3,0;0;1,1333;0,643
F10802274;Traoré;Bintou;+226 00 00 30 85;G108;Centre;Urbain;Oui;26;25-34 ans;Primaire;3;Oui;Musulmane;0;Oui;26,5;8,11;1;0,7383;0,643
F10802275;Yaméogo;Fatimata;+226 00 00 79 82;G108;Centre;Urbain;Oui;25;25-34 ans;Secondaire ou plus;4;Oui;Musulmane;1;Oui;23,5;13,0;0;1,0957;0,643
F10802276;Traoré;Rasmata;+226 00 00 27 75;G108;Centre;Urbain;Oui;16;15-24 ans;Primaire;5;Non;Musulmane;0;Oui;22,3;4,0;0;1,5853;0,643
F10802277;Compaoré;Mariam;+226 00 00 16 75;G108;Centre;Urbain;Oui;49;35-49 ans;Aucun;2;Non;Musulmane;3;Non;25,4;13,82;1;1,5334;0,643
F10802278;Zongo;Salimata;+226 00 00 74 66;G108;Centre;Urbain;Oui;42;35-49 ans;Primaire;5;Oui;Musulmane;7;Oui;26,4;0,78;1;1,5176;0,643
F10802279;Yaméogo;Aminata;+226 00 00 63 95;G108;Centre;Urbain;Oui;41;35-49 ans;Secondaire ou plus;4;Oui;Musulmane;6;Non;27,2;19,21;1;1,0581;0,643
F10802280;Compaoré;Awa;+226 00 00 49 25;G108;Centre;Urbain;Oui;23;15-24 ans;Aucun;4;Oui;Musulmane;2;Oui;23,1;10,27;1;1,3398;0,643
F10802281;Yaméogo;Salimata;+226 00 00 70 57;G108;Centre;Urbain;Oui;38;35-49 ans;Primaire;5;Non;Musulmane;7;Non;28,9;8,59;1;0,76;0,643
F10802282;Kaboré;Salimata;+226 00 00 66 71;G108;Centre;Urbain;Oui;38;35-49 ans;Primaire;4;Oui;Musulmane;1;Non;26,2;7,03;1;0,6082;0,643
F10802283;Compaoré;Mariam;+226 00 00 11 75;G108;Centre;Urbain;Oui;47;35-49 ans;Secondaire ou plus;2;Oui;Musulmane;4;Oui;21,7;5,26;1;0,9117;0,643
F10802284;Compaoré;Awa;+226 00 00 56 87;G108;Centre;Urbain;Oui;28;25-34 ans;Secondaire ou plus;5;Oui;Musulmane;4;Oui;24,5;15,2;1;1,1529;0,643
F10802285;Yaméogo;Odile;+226 00 00 74 69;G108;Centre;Urbain;Oui;15;15-24 ans;Secondaire ou plus;2;Oui;Catholique;0;Non;19,3;3,0;0;1,0386;0,643
F10802286;Yaméogo;Salimata;+226 00 00 73 47;G108;Centre;Urbain;Oui;47;35-49 ans;Aucun;2;Non;Musulmane;4;Non;25,3;25,54;1;1,0821;0,643
F10802287;Zongo;Awa;+226 00 00 37 97;G108;Centre;Urbain;Oui;48;35-49 ans;Aucun;4;Oui;Protestante;11;Non;25,6;4,87;1;0,9519;0,643
F10802288;Ouédraogo;Mariam;+226 00 00 15 95;G108;Centre;Urbain;Oui;30;25-34 ans;Primaire;4;Oui;Traditionnelle;2;Oui;26,8;18,0;0;0,8365;0,643
F10802289;Zongo;Adjara;+226 00 00 25 25;G108;Centre;Urbain;Oui;44;35-49 ans;Primaire;3;Oui;Catholique;5;Non;;15,05;1;1,1888;0,643
F10802290;Kaboré;Clarisse;+226 00 00 34 46;G108;Centre;Urbain;Oui;24;15-24 ans;Aucun;4;Oui;Musulmane;0;Non;24,7;3,65;1;1,0893;0,643
F10802291;Ouédraogo;Mariam;+226 00 00 52 41;G108;Centre;Urbain;Oui;30;25-34 ans;Aucun;4;Oui;Protestante;4;Oui;23,2;4,94;1;0,7582;0,643
F10802292;Ouédraogo;Mariam;+226 00 00 29 47;G108;Centre;Urbain;Oui;25;25-34 ans;Primaire;2;Oui;Musulmane;3;Oui;17,7;13,0;0;1,3007;0,643
F10802293;Zongo;Salimata;+226 00 00 60 36;G108;Centre;Urbain;Oui;26;25-34 ans;Primaire;3;;Musulmane;2;Oui;23,8;9,33;1;1,4988;0,643
F10802294;Ouédraogo;Aminata;+226 00 00 15 93;G108;Centre;Urbain;Oui;39;35-49 ans;Aucun;4;Oui;Catholique;5;Non;25,1;8,84;1;1,3236;0,643
F10802295;Bado;Clarisse;+226 00 00 26 51;G108;Centre;Urbain;Oui;31;25-34 ans;Aucun;2;Oui;Musulmane;4;Non;25,6;1,75;1;0,9615;0,643
F10802296;Compaoré;Fatimata;+226 00 00 96 67;G108;Centre;Urbain;Oui;27;25-34 ans;Primaire;3;Oui;Catholique;4;Non;18,9;0,8;1;1,4038;0,643
F10902297;Traoré;Aminata;+226 00 00 70 73;G109;Hauts-Bassins;Urbain;Oui;34;25-34 ans;Primaire;3;Oui;Protestante;5;Oui;25,8;3,12;1;1,5427;0,645
F10902298;Kinda;Rasmata;+226 00 00 85 86;G109;Hauts-Bassins;Urbain;Oui;19;15-24 ans;Aucun;4;Oui;Musulmane;0;Oui;18,2;7,0;0;0,76;0,645
F10902299;Sawadogo;Clarisse;+226 00 00 28 23;G109;Hauts-Bassins;Urbain;Oui;34;25-34 ans;Secondaire ou plus;2;Oui;Catholique;3;Oui;19,0;22,0;0;0,8656;0,645
F10902300;Traoré;Odile;+226 00 00 22 64;G109;Hauts-Bassins;Urbain;Oui;19;15-24 ans;Secondaire ou plus;4;Oui;Musulmane;0;Oui;21,5;7,0;0;1,0773;0,645
F10902301;Zongo;Clarisse;+226 00 00 21 92;G109;Hauts-Bassins;Urbain;Oui;47;35-49 ans;Secondaire ou plus;4;Oui;Musulmane;5;Oui;24,2;17,68;1;1,3476;0,645
F10902302;Kinda;Clarisse;+226 00 00 13 39;G109;Hauts-Bassins;Urbain;Oui;20;15-24 ans;Secondaire ou plus;3;Oui;Musulmane;1;Oui;23,6;3,12;1;1,533;0,645
F10902303;Traoré;Bintou;+226 00 00 74 15;G109;Hauts-Bassins;Urbain;Oui;46;35-49 ans;Aucun;4;Oui;Catholique;3;Non;26,1;15,04;1;0,6366;0,645
F10902304;Kinda;Adjara;+226 00 00 46 29;G109;Hauts-Bassins;Urbain;Oui;31;25-34 ans;Primaire;3;Oui;Traditionnelle;3;Non;20,6;6,24;1;1,0293;0,645
F10902305;Kinda;Adjara;+226 00 00 97 55;G109;Hauts-Bassins;Urbain;Oui;46;35-49 ans;Aucun;4;Non;Musulmane;6;Oui;28,2;1,72;1;0,6483;0,645
F10902306;Sawadogo;Bintou;+226 00 00 48 62;G109;Hauts-Bassins;Urbain;Oui;15;15-24 ans;Aucun;3;Non;Protestante;0;Non;22,4;3,0;0;1,4185;0,645
F10902307;Bado;Awa;+226 00 00 33 23;G109;Hauts-Bassins;Urbain;Oui;46;35-49 ans;Primaire;4;Oui;Catholique;7;Oui;26,4;17,15;1;0,963;0,645
F10902308;Sawadogo;Mariam;+226 00 00 43 69;G109;Hauts-Bassins;Urbain;Oui;21;15-24 ans;Primaire;5;Oui;Musulmane;1;Oui;27,9;9,0;0;1,2185;0,645
F10902309;Ilboudo;Clarisse;+226 00 00 33 73;G109;Hauts-Bassins;Urbain;Oui;35;35-49 ans;Secondaire ou plus;3;Non;Musulmane;0;Oui;27,5;3,04;1;1,2282;0,645
F10902310;Kaboré;Adjara;+226 00 00 56 13;G109;Hauts-Bassins;Urbain;Oui;33;25-34 ans;Secondaire ou plus;3;;Protestante;2;Non;22,7;1,48;1;1,4881;0,645
F10902311;Sawadogo;Mariam;+226 00 00 59 30;G109;Hauts-Bassins;Urbain;Oui;20;15-24 ans;Primaire;3;Oui;Musulmane;1;Non;21,3;7,16;1;0,7096;0,645
F10902312;Ouédraogo;Adjara;+226 00 00 53 42;G109;Hauts-Bassins;Urbain;Oui;28;25-34 ans;Primaire;2;Oui;Protestante;0;Oui;;2,25;1;1,0044;0,645
F10902313;Ilboudo;Aminata;+226 00 00 17 53;G109;Hauts-Bassins;Urbain;Oui;32;25-34 ans;Primaire;4;Oui;Musulmane;2;Non;26,0;17,73;1;0,8506;0,645
F10902314;Ilboudo;Mariam;+226 00 00 33 41;G109;Hauts-Bassins;Urbain;Oui;24;15-24 ans;Aucun;2;Oui;Musulmane;0;Non;15,9;4,67;1;0,7612;0,645
F10902315;Zongo;Rasmata;+226 00 00 25 87;G109;Hauts-Bassins;Urbain;Oui;29;25-34 ans;Secondaire ou plus;2;Oui;Musulmane;3;Oui;24,2;6,37;1;1,5736;0,645
F10902316;Sawadogo;Awa;+226 00 00 54 22;G109;Hauts-Bassins;Urbain;Oui;30;25-34 ans;Aucun;1;Non;Protestante;2;Non;;7,34;1;0,9575;0,645
F10902317;Kinda;Adjara;+226 00 00 29 96;G109;Hauts-Bassins;Urbain;Oui;19;15-24 ans;Secondaire ou plus;5;;Catholique;1;Oui;23,1;7,0;0;1,3615;0,645
F10902318;Ilboudo;Aminata;+226 00 00 22 22;G109;Hauts-Bassins;Urbain;Oui;34;25-34 ans;Aucun;3;Oui;Catholique;4;Non;19,6;22,0;0;1,0374;0,645
F10902319;Ouédraogo;Mariam;+226 00 00 97 23;G109;Hauts-Bassins;Urbain;Oui;27;25-34 ans;Aucun;2;Oui;Musulmane;5;Oui;23,5;2,03;1;0,9631;0,645
F10902320;Ilboudo;Adjara;+226 00 00 70 46;G109;Hauts-Bassins;Urbain;Oui;43;35-49 ans;Aucun;3;Non;Catholique;2;Oui;21,4;17,31;1;1,43;0,645
F10902321;Kaboré;Awa;+226 00 00 20 58;G109;Hauts-Bassins;Urbain;Oui;44;35-49 ans;Aucun;5;Non;Musulmane;6;Oui;25,5;25,6;1;1,0426;0,645
F10902322;Ouédraogo;Mariam;+226 00 00 67 16;G109;Hauts-Bassins;Urbain;Oui;20;15-24 ans;Aucun;4;Oui;Musulmane;0;Non;;8,0;0;1,1918;0,645
F10902323;Bado;Bintou;+226 00 00 73 77;G109;Hauts-Bassins;Urbain;Oui;39;35-49 ans;Secondaire ou plus;3;Oui;Musulmane;5;Oui;22,8;2,73;1;1,278;0,645
F10902324;Compaoré;Rasmata;+226 00 00 64 81;G109;Hauts-Bassins;Urbain;Oui;32;25-34 ans;Secondaire ou plus;4;Oui;Catholique;2;Oui;23,5;4,73;1;0,9728;0,645
F10902325;Ouédraogo;Rasmata;+226 00 00 21 86;G109;Hauts-Bassins;Urbain;Oui;32;25-34 ans;Secondaire ou plus;3;Oui;Musulmane;2;Oui;24,1;20,0;0;1,3627;0,645
F10902326;Ilboudo;Awa;+226 00 00 47 16;G109;Hauts-Bassins;Urbain;Oui;38;35-49 ans;Secondaire ou plus;4;Oui;Catholique;1;Oui;25,5;2,91;1;0,9403;0,645
F10902327;Ouédraogo;Clarisse;+226 00 00 69 33;G109;Hauts-Bassins;Urbain;Oui;39;35-49 ans;Secondaire ou plus;4;Non;Musulmane;4;Oui;26,1;24,61;1;1,2905;0,645
F11002328;Bado;Odile;+226 00 00 20 26;G110;Nord;Rural;Non;32;25-34 ans;Aucun;1;Oui;Musulmane;2;Oui;22,9;4,51;1;1,2063;0,368
F11002329;Sawadogo;Awa;+226 00 00 38 80;G110;Nord;Rural;Non;46;35-49 ans;Aucun;2;Oui;Musulmane;5;Oui;18,3;0,38;1;0,7154;0,368
F11002330;Kaboré;Salimata;+226 00 00 47 90;G110;Nord;Rural;Non;22;15-24 ans;Aucun;1;Oui;Musulmane;2;Oui;19,9;10,0;0;1,0342;0,368
F11002331;Kaboré;Odile;+226 00 00 33 79;G110;Nord;Rural;Non;29;25-34 ans;Aucun;2;Non;Musulmane;6;Non;22,7;11,31;1;1,1478;0,368
F11002332;Traoré;Odile;+226 00 00 33 34;G110;Nord;Rural;Non;28;25-34 ans;Aucun;1;Oui;Musulmane;3;Oui;18,4;2,24;1;1,4987;0,368
F11002333;Traoré;Rasmata;+226 00 00 43 24;G110;Nord;Rural;Non;26;25-34 ans;Secondaire ou plus;4;Oui;Musulmane;0;Oui;24,1;14,0;0;0,9739;0,368
F11002334;Traoré;Mariam;+226 00 00 88 49;G110;Nord;Rural;Non;38;35-49 ans;Primaire;3;;Musulmane;4;Oui;25,0;12,4;1;0,9264;0,368
F11002335;Zongo;Adjara;+226 00 00 70 62;G110;Nord;Rural;Non;33;25-34 ans;Aucun;4;Non;Traditionnelle;4;Oui;22,5;21,0;0;1,1163;0,368
F11002336;Ilboudo;Adjara;+226 00 00 16 92;G110;Nord;Rural;Non;48;35-49 ans;Secondaire ou plus;3;Oui;Musulmane;8;Oui;24,7;36,0;0;1,1948;0,368
F11002337;Traoré;Adjara;+226 00 00 16 18;G110;Nord;Rural;Non;37;35-49 ans;Primaire;3;Non;Catholique;2;Oui;25,0;3,52;1;1,1013;0,368
F11002338;Traoré;Adjara;+226 00 00 26 84;G110;Nord;Rural;Non;23;15-24 ans;Primaire;2;Oui;Traditionnelle;0;Non;24,3;2,9;1;0,9282;0,368
F11002339;Kinda;Adjara;+226 00 00 86 93;G110;Nord;Rural;Non;26;25-34 ans;Aucun;2;Oui;Musulmane;1;Oui;20,8;13,2;1;1,4822;0,368
F11002340;Kaboré;Fatimata;+226 00 00 33 12;G110;Nord;Rural;Non;17;15-24 ans;Secondaire ou plus;4;Non;Musulmane;0;Non;27,5;5,0;0;0,702;0,368
F11002341;Ilboudo;Salimata;+226 00 00 33 91;G110;Nord;Rural;Non;21;15-24 ans;Aucun;4;Non;Protestante;0;Oui;19,2;0,09;1;0,7947;0,368
F11002342;Yaméogo;Rasmata;+226 00 00 43 14;G110;Nord;Rural;Non;21;15-24 ans;Aucun;3;Non;Musulmane;1;Non;22,3;1,1;1;1,1562;0,368
F11002343;Kinda;Awa;+226 00 00 53 42;G110;Nord;Rural;Non;26;25-34 ans;Aucun;1;Non;Catholique;2;Oui;17,8;1,6;1;1,0301;0,368
F11002344;Compaoré;Salimata;+226 00 00 34 91;G110;Nord;Rural;Non;37;35-49 ans;Primaire;3;Non;Musulmane;5;Non;21,6;25,0;0;0,7264;0,368
F11002345;Traoré;Bintou;+226 00 00 38 24;G110;Nord;Rural;Non;28;25-34 ans;Aucun;3;Oui;Catholique;1;Oui;23,6;7,74;1;1,4025;0,368
F11002346;Yaméogo;Fatimata;+226 00 00 79 38;G110;Nord;Rural;Non;43;35-49 ans;Aucun;1;Non;Musulmane;1;Non;25,9;9,48;1;0,8855;0,368
F11102347;Sawadogo;Clarisse;+226 00 00 50 24;G111;Est;Rural;Non;19;15-24 ans;Secondaire ou plus;1;Oui;Protestante;1;Non;16,5;7,0;0;1,4758;0,333
F11102348;Ouédraogo;Mariam;+226 00 00 80 50;G111;Est;Rural;Non;20;15-24 ans;Aucun;4;Non;Musulmane;1;Non;19,2;0,83;1;1,4571;0,333
F11102349;Compaoré;Salimata;+226 00 00 22 86;G111;Est;Rural;Non;34;25-34 ans;Secondaire ou plus;3;Non;Musulmane;3;Non;20,0;22,0;0;1,267;0,333
F11102350;Sawadogo;Mariam;+226 00 00 33 72;G111;Est;Rural;Non;28;25-34 ans;Primaire;3;Non;Catholique;0;Non;19,1;16,0;0;0,712;0,333
F11102351;Compaoré;Mariam;+226 00 00 24 23;G111;Est;Rural;Non;23;15-24 ans;Aucun;1;Non;Catholique;2;Non;17,3;11,0;0;1,0291;0,333
F11102352;Compaoré;Clarisse;+226 00 00 57 16;G111;Est;Rural;Non;21;15-24 ans;Aucun;4;Non;Musulmane;1;Non;21,1;9,0;0;1,2234;0,333
F11102353;Zongo;Fatimata;+226 00 00 23 12;G111;Est;Rural;Non;41;35-49 ans;Primaire;2;Non;Musulmane;3;Non;18,1;8,14;1;0,9999;0,333
F11102354;Yaméogo;Salimata;+226 00 00 73 55;G111;Est;Rural;Non;40;35-49 ans;Aucun;5;Non;Musulmane;5;Non;18,9;12,95;1;1,2889;0,333
F11102355;Kinda;Fatimata;+226 00 00 36 79;G111;Est;Rural;Non;27;25-34 ans;Aucun;2;Non;Musulmane;3;Non;22,8;7,27;1;1,3473;0,333
F11102356;Ilboudo;Salimata;+226 00 00 25 31;G111;Est;Rural;Non;36;35-49 ans;Primaire;2;Non;Protestante;5;Oui;;0,03;1;0,987;0,333
F11102357;Compaoré;Mariam;+226 00 00 70 57;G111;Est;Rural;Non;48;35-49 ans;Aucun;3;Oui;Musulmane;6;Oui;15,5;4,62;1;1,444;0,333
F11102358;Bado;Fatimata;+226 00 00 93 55;G111;Est;Rural;Non;21;15-24 ans;Aucun;2;Non;Musulmane;4;Non;21,0;4,61;1;1,5261;0,333
F11102359;Yaméogo;Fatimata;+226 00 00 81 96;G111;Est;Rural;Non;49;35-49 ans;Primaire;2;Oui;Musulmane;7;Non;19,2;9,71;1;0,8452;0,333
F11102360;Ilboudo;Salimata;+226 00 00 12 54;G111;Est;Rural;Non;49;35-49 ans;Aucun;4;Non;Catholique;8;Oui;15,0;9,7;1;0,7914;0,333
F11102361;Ilboudo;Mariam;+226 00 00 87 94;G111;Est;Rural;Non;39;35-49 ans;Aucun;3;Oui;Catholique;5;Non;19,0;0,47;1;0,9121;0,333
F11102362;Compaoré;Salimata;+226 00 00 82 77;G111;Est;Rural;Non;43;35-49 ans;Aucun;3;Non;Catholique;3;Non;21,2;8,07;1;1,0655;0,333
F11102363;Zongo;Clarisse;+226 00 00 32 44;G111;Est;Rural;Non;46;35-49 ans;Aucun;2;Non;Protestante;4;Non;18,5;1,83;1;1,5123;0,333
F11102364;Kinda;Fatimata;+226 00 00 30 45;G111;Est;Rural;Non;25;25-34 ans;Secondaire ou plus;2;Non;Musulmane;3;Non;18,6;13,0;0;0,9431;0,333
F11102365;Kaboré;Bintou;+226 00 00 97 21;G111;Est;Rural;Non;28;25-34 ans;Aucun;3;Non;Musulmane;4;Non;22,3;16,0;0;1,552;0,333
F11102366;Ouédraogo;Clarisse;+226 00 00 83 14;G111;Est;Rural;Non;35;35-49 ans;Aucun;3;Non;Protestante;2;Non;24,2;5,14;1;1,3086;0,333
F11102367;Yaméogo;Fatimata;+226 00 00 84 70;G111;Est;Rural;Non;29;25-34 ans;Primaire;3;Oui;Protestante;3;Non;22,7;7,94;1;1,3975;0,333
F11102368;Kaboré;Fatimata;+226 00 00 63 81;G111;Est;Rural;Non;49;35-49 ans;Secondaire ou plus;2;Oui;Musulmane;7;Oui;24,8;2,33;1;1,2362;0,333
F11102369;Yaméogo;Mariam;+226 00 00 88 72;G111;Est;Rural;Non;43;35-49 ans;Aucun;2;Non;Musulmane;11;Non;22,6;5,99;1;1,0719;0,333
F11102370;Sawadogo;Fatimata;+226 00 00 42 15;G111;Est;Rural;Non;41;35-49 ans;Aucun;1;Non;Catholique;4;Non;15,0;14,27;1;1,5256;0,333
F11102371;Traoré;Fatimata;+226 00 00 47 73;G111;Est;Rural;Non;48;35-49 ans;Secondaire ou plus;2;Non;Musulmane;7;Non;17,9;0,5;1;1,3531;0,333
F11102372;Ouédraogo;Clarisse;+226 00 00 41 62;G111;Est;Rural;Non;34;25-34 ans;Aucun;2;Non;Catholique;3;Non;18,5;14,15;1;0,7819;0,333
F11102373;Ilboudo;Aminata;+226 00 00 60 21;G111;Est;Rural;Non;36;35-49 ans;Aucun;2;Non;Musulmane;6;Non;22,1;3,11;1;1,1754;0,333
F11102374;Kinda;Bintou;+226 00 00 51 84;G111;Est;Rural;Non;27;25-34 ans;Aucun;2;Non;Musulmane;4;Oui;19,6;11,6;1;1,0541;0,333
F11102375;Compaoré;Mariam;+226 00 00 73 80;G111;Est;Rural;Non;22;15-24 ans;Aucun;2;Non;Musulmane;0;Non;;10,0;0;0,8647;0,333
F11102376;Bado;Aminata;+226 00 00 10 50;G111;Est;Rural;Non;17;15-24 ans;Aucun;1;Oui;Musulmane;0;Non;16,6;5,0;0;0,9662;0,333
F11202377;Sawadogo;Mariam;+226 00 00 49 26;G112;Boucle du Mouhoun;Urbain;Oui;31;25-34 ans;Aucun;5;Oui;Traditionnelle;3;Oui;21,1;9,33;1;1,3877;0,632
F11202378;Kinda;Mariam;+226 00 00 98 43;G112;Boucle du Mouhoun;Urbain;Oui;16;15-24 ans;Primaire;3;Oui;Traditionnelle;0;Non;21,0;4,0;0;1,0496;0,632
F11202379;Kinda;Awa;+226 00 00 11 10;G112;Boucle du Mouhoun;Urbain;Oui;39;35-49 ans;Secondaire ou plus;4;Oui;Traditionnelle;4;Oui;26,3;19,17;1;0,6064;0,632
F11202380;Kinda;Clarisse;+226 00 00 42 50;G112;Boucle du Mouhoun;Urbain;Oui;37;35-49 ans;Primaire;3;Oui;Catholique;4;Oui;20,7;13,96;1;1,0653;0,632
F11202381;Bado;Clarisse;+226 00 00 80 35;G112;Boucle du Mouhoun;Urbain;Oui;41;35-49 ans;Primaire;3;Oui;Traditionnelle;6;Oui;25,2;29,0;0;0,6071;0,632
F11202382;Traoré;Rasmata;+226 00 00 62 30;G112;Boucle du Mouhoun;Urbain;Oui;40;35-49 ans;Aucun;4;;Protestante;4;Non;19,1;6,25;1;0,6824;0,632
F11202383;Kinda;Bintou;+226 00 00 69 12;G112;Boucle du Mouhoun;Urbain;Oui;43;35-49 ans;Aucun;5;Oui;Musulmane;9;Oui;23,0;8,92;1;1,1909;0,632
F11202384;Kaboré;Salimata;+226 00 00 18 87;G112;Boucle du Mouhoun;Urbain;Oui;20;15-24 ans;Aucun;4;Non;Traditionnelle;1;Non;26,7;3,75;1;1,2753;0,632
F11202385;Sawadogo;Rasmata;+226 00 00 10 12;G112;Boucle du Mouhoun;Urbain;Oui;23;15-24 ans;Primaire;3;Oui;Musulmane;0;Oui;23,9;11,0;0;0,9208;0,632
F11202386;Ouédraogo;Aminata;+226 00 00 22 86;G112;Boucle du Mouhoun;Urbain;Oui;33;25-34 ans;Primaire;4;Non;Catholique;1;Oui;24,5;2,56;1;0,8115;0,632
F11202387;Kaboré;Aminata;+226 00 00 70 17;G112;Boucle du Mouhoun;Urbain;Oui;32;25-34 ans;Primaire;4;Oui;Protestante;4;Non;24,9;1,58;1;1,2898;0,632
F11202388;Sawadogo;Bintou;+226 00 00 49 38;G112;Boucle du Mouhoun;Urbain;Oui;39;35-49 ans;Secondaire ou plus;3;Oui;Musulmane;5;Oui;28,6;27,0;0;1,3654;0,632
F11202389;Kinda;Bintou;+226 00 00 44 33;G112;Boucle du Mouhoun;Urbain;Oui;40;35-49 ans;Primaire;4;Oui;Musulmane;6;Oui;22,3;15,93;1;1,0295;0,632
F11202390;Sawadogo;Mariam;+226 00 00 41 25;G112;Boucle du Mouhoun;Urbain;Oui;32;25-34 ans;Aucun;2;Oui;Catholique;2;Non;23,9;8,27;1;1,1033;0,632
F11202391;Traoré;Adjara;+226 00 00 19 77;G112;Boucle du Mouhoun;Urbain;Oui;28;25-34 ans;Secondaire ou plus;2;Oui;Musulmane;2;Oui;24,2;8,11;1;1,2531;0,632
F11202392;Bado;Mariam;+226 00 00 32 63;G112;Boucle du Mouhoun;Urbain;Oui;19;15-24 ans;Aucun;3;Non;Musulmane;0;Oui;23,4;5,65;1;1,1206;0,632
F11202393;Zongo;Awa;+226 00 00 64 46;G112;Boucle du Mouhoun;Urbain;Oui;47;35-49 ans;Aucun;4;Oui;Musulmane;4;Non;;7,59;1;1,5725;0,632
F11202394;Kaboré;Mariam;+226 00 00 70 25;G112;Boucle du Mouhoun;Urbain;Oui;20;15-24 ans;Secondaire ou plus;3;Oui;Musulmane;1;Oui;;8,0;0;0,6681;0,632
F11202395;Ouédraogo;Clarisse;+226 00 00 52 52;G112;Boucle du Mouhoun;Urbain;Oui;29;25-34 ans;Secondaire ou plus;3;Non;Musulmane;2;Non;25,1;16,21;1;1,5057;0,632
F11302396;Yaméogo;Awa;+226 00 00 33 62;G113;Sahel;Rural;Non;47;35-49 ans;Aucun;3;Non;Musulmane;5;Non;22,9;0,54;1;0,6738;0,375
F11302397;Kinda;Odile;+226 00 00 93 87;G113;Sahel;Rural;Non;15;15-24 ans;Aucun;4;Oui;Catholique;0;Non;24,1;3,0;0;1,3088;0,375
F11302398;Kinda;Awa;+226 00 00 79 69;G113;Sahel;Rural;Non;23;15-24 ans;Aucun;3;Oui;Catholique;1;Non;23,0;0,36;1;1,1985;0,375
F11302399;Kinda;Salimata;+226 00 00 18 59;G113;Sahel;Rural;Non;45;35-49 ans;Secondaire ou plus;1;Non;Musulmane;4;Non;25,9;15,65;1;0,6131;0,375
F11302400;Ilboudo;Aminata;+226 00 00 55 78;G113;Sahel;Rural;Non;33;25-34 ans;Aucun;3;Non;Musulmane;3;Non;23,7;4,89;1;1,4175;0,375
F11302401;Zongo;Awa;+226 00 00 27 61;G113;Sahel;Rural;Non;16;15-24 ans;Aucun;2;Non;Musulmane;0;Non;21,5;2,09;1;0,6458;0,375
F11302402;Sawadogo;Adjara;+226 00 00 45 95;G113;Sahel;Rural;Non;24;15-24 ans;Aucun;1;Non;Musulmane;1;Non;21,6;9,68;1;0,658;0,375
F11302403;Kinda;Mariam;+226 00 00 25 80;G113;Sahel;Rural;Non;23;15-24 ans;Aucun;3;Non;Musulmane;1;Non;25,4;10,26;1;1,1249;0,375
F11302404;Compaoré;Fatimata;+226 00 00 37 52;G113;Sahel;Rural;Non;34;25-34 ans;Primaire;2;Non;Protestante;4;Non;25,3;2,38;1;1,0871;0,375
F11302405;Compaoré;Bintou;+226 00 00 11 38;G113;Sahel;Rural;Non;38;35-49 ans;Primaire;2;Oui;Musulmane;3;Oui;24,6;1,84;1;1,258;0,375
F11302406;Zongo;Clarisse;+226 00 00 87 91;G113;Sahel;Rural;Non;28;25-34 ans;Aucun;2;Oui;Catholique;1;Oui;;13,98;1;1,228;0,375
F11302407;Bado;Odile;+226 00 00 59 55;G113;Sahel;Rural;Non;25;25-34 ans;Aucun;2;Oui;Protestante;3;Non;23,8;1,48;1;1,4494;0,375
F11302408;Ouédraogo;Adjara;+226 00 00 59 44;G113;Sahel;Rural;Non;31;25-34 ans;Primaire;1;Non;Traditionnelle;3;Oui;23,0;3,36;1;1,2066;0,375
F11302409;Compaoré;Rasmata;+226 00 00 64 56;G113;Sahel;Rural;Non;33;25-34 ans;Aucun;3;Non;Catholique;2;Oui;20,3;4,21;1;1,5277;0,375
F11302410;Ouédraogo;Awa;+226 00 00 85 41;G113;Sahel;Rural;Non;30;25-34 ans;Primaire;2;Oui;Catholique;5;Oui;24,0;18,0;0;1,2131;0,375
F11302411;Bado;Adjara;+226 00 00 26 88;G113;Sahel;Rural;Non;48;35-49 ans;Secondaire ou plus;3;Oui;Catholique;2;Non;24,5;9,85;1;1,016;0,375
F11402412;Yaméogo;Salimata;+226 00 00 37 17;G114;Centre;Urbain;Non;20;15-24 ans;Aucun;3;Oui;Catholique;1;Oui;21,8;8,0;0;1,5417;0,478
F11402413;Yaméogo;Odile;+226 00 00 53 12;G114;Centre;Urbain;Non;41;35-49 ans;Aucun;3;Non;Musulmane;5;Non;26,1;16,12;1;1,4965;0,478
F11402414;Ilboudo;Mariam;+226 00 00 48 34;G114;Centre;Urbain;Non;28;25-34 ans;Aucun;3;Oui;Musulmane;2;Oui;19,2;5,15;1;0,9817;0,478
F11402415;Traoré;Adjara;+226 00 00 94 76;G114;Centre;Urbain;Non;41;35-49 ans;Aucun;1;Non;Musulmane;5;Non;20,7;29,0;0;1,2934;0,478
F11402416;Kinda;Aminata;+226 00 00 96 77;G114;Centre;Urbain;Non;24;15-24 ans;Secondaire ou plus;3;Oui;Musulmane;1;Non;23,2;12,0;0;0,951;0,478
F11402417;Kinda;Fatimata;+226 00 00 41 31;G114;Centre;Urbain;Non;16;15-24 ans;Aucun;2;Oui;Musulmane;0;Non;18,4;4,0;0;1,4626;0,478
F11402418;Kinda;Mariam;+226 00 00 13 32;G114;Centre;Urbain;Non;15;15-24 ans;Aucun;3;Non;Musulmane;0;Non;21,7;3,0;0;0,9259;0,478
F11402419;Ilboudo;Mariam;+226 00 00 27 46;G114;Centre;Urbain;Non;29;25-34 ans;Secondaire ou plus;5;Oui;Catholique;5;Oui;18,8;17,0;0;0,6924;0,478
F11402420;Kinda;Rasmata;+226 00 00 60 98;G114;Centre;Urbain;Non;15;15-24 ans;Aucun;5;Non;Catholique;0;Oui;24,2;3,0;0;1,2118;0,478
F11402421;Traoré;Aminata;+226 00 00 35 83;G114;Centre;Urbain;Non;19;15-24 ans;Secondaire ou plus;3;Oui;Musulmane;1;Non;17,9;7,0;0;1,2179;0,478
F11402422;Ilboudo;Awa;+226 00 00 17 31;G114;Centre;Urbain;Non;40;35-49 ans;Aucun;4;Non;Catholique;5;Non;22,0;17,55;1;0,7942;0,478
F11402423;Compaoré;Aminata;+226 00 00 26 50;G114;Centre;Urbain;Non;26;25-34 ans;Primaire;5;Oui;Catholique;3;Non;20,9;1,52;1;1,3478;0,478
F11402424;Traoré;Adjara;+226 00 00 71 57;G114;Centre;Urbain;Non;49;35-49 ans;Secondaire ou plus;4;Oui;Protestante;1;Oui;24,1;1,34;1;1,5667;0,478
F11402425;Kaboré;Salimata;+226 00 00 38 36;G114;Centre;Urbain;Non;41;35-49 ans;Aucun;2;Oui;Musulmane;4;Non;22,3;10,36;1;1,3127;0,478
F11402426;Bado;Adjara;+226 00 00 58 13;G114;Centre;Urbain;Non;43;35-49 ans;Secondaire ou plus;2;Oui;Traditionnelle;3;Oui;22,5;12,26;1;0,6737;0,478
F11402427;Bado;Mariam;+226 00 00 52 82;G114;Centre;Urbain;Non;19;15-24 ans;Aucun;5;Oui;Musulmane;0;Non;18,6;7,0;0;0,7884;0,478
F11402428;Kinda;Bintou;+226 00 00 19 14;G114;Centre;Urbain;Non;23;15-24 ans;Secondaire ou plus;5;Oui;Musulmane;0;Oui;23,8;11,0;0;0,7652;0,478
F11402429;Compaoré;Rasmata;+226 00 00 35 47;G114;Centre;Urbain;Non;24;15-24 ans;Aucun;5;Oui;Musulmane;1;Oui;24,5;3,36;1;0,7938;0,478
F11402430;Traoré;Aminata;+226 00 00 34 76;G114;Centre;Urbain;Non;47;35-49 ans;Aucun;5;Non;Musulmane;13;Oui;23,2;0,23;1;0,8918;0,478
F11402431;Ilboudo;Rasmata;+226 00 00 21 37;G114;Centre;Urbain;Non;20;15-24 ans;Primaire;5;Oui;Protestante;0;Non;20,7;3,11;1;1,4532;0,478
F11402432;Kaboré;Mariam;+226 00 00 91 81;G114;Centre;Urbain;Non;34;25-34 ans;Secondaire ou plus;5;Non;Catholique;3;Oui;24,4;22,0;0;0,7366;0,478
F11402433;Compaoré;Adjara;+226 00 00 82 14;G114;Centre;Urbain;Non;48;35-49 ans;Secondaire ou plus;3;Oui;Catholique;7;Non;20,6;36,0;0;1,5091;0,478
F11402434;Zongo;Bintou;+226 00 00 86 82;G114;Centre;Urbain;Non;15;15-24 ans;Secondaire ou plus;5;Non;Protestante;0;Non;16,7;3,0;0;0,6741;0,478
F11502435;Traoré;Salimata;+226 00 00 65 92;G115;Hauts-Bassins;Rural;Non;30;25-34 ans;Primaire;3;Oui;Musulmane;3;Oui;20,3;0,67;1;0,8896;0,353
F11502436;Sawadogo;Salimata;+226 00 00 54 38;G115;Hauts-Bassins;Rural;Non;38;35-49 ans;Secondaire ou plus;2;Non;Musulmane;1;Oui;21,2;14,99;1;1,5681;0,353
F11502437;Zongo;Adjara;+226 00 00 37 32;G115;Hauts-Bassins;Rural;Non;36;35-49 ans;Aucun;2;Non;Catholique;4;Oui;20,0;6,57;1;1,0712;0,353
F11502438;Ouédraogo;Fatimata;+226 00 00 23 53;G115;Hauts-Bassins;Rural;Non;15;15-24 ans;Aucun;2;Non;Musulmane;0;Oui;15,5;3,0;0;1,1036;0,353
F11502439;Bado;Fatimata;+226 00 00 21 43;G115;Hauts-Bassins;Rural;Non;34;25-34 ans;Secondaire ou plus;2;Oui;Musulmane;3;Oui;17,0;22,0;0;1,0036;0,353
F11502440;Zongo;Rasmata;+226 00 00 13 83;G115;Hauts-Bassins;Rural;Non;33;25-34 ans;Secondaire ou plus;2;Oui;Musulmane;7;Non;21,1;0,36;1;0,6661;0,353
F11502441;Compaoré;Clarisse;+226 00 00 71 16;G115;Hauts-Bassins;Rural;Non;37;35-49 ans;Primaire;4;Non;Musulmane;8;Non;19,2;21,94;1;1,5226;0,353
F11502442;Kaboré;Rasmata;+226 00 00 77 92;G115;Hauts-Bassins;Rural;Non;42;35-49 ans;Aucun;3;Oui;Musulmane;6;Oui;18,9;0,98;1;1,2398;0,353
F11502443;Ilboudo;Odile;+226 00 00 87 50;G115;Hauts-Bassins;Rural;Non;33;25-34 ans;Aucun;2;Oui;Musulmane;2;Oui;16,4;14,07;1;1,0636;0,353
F11502444;Ouédraogo;Rasmata;+226 00 00 15 26;G115;Hauts-Bassins;Rural;Non;43;35-49 ans;Aucun;2;Non;Catholique;6;Non;21,6;3,93;1;1,3403;0,353
F11502445;Kinda;Adjara;+226 00 00 93 70;G115;Hauts-Bassins;Rural;Non;37;35-49 ans;Aucun;2;Non;Musulmane;4;Non;19,3;22,14;1;1,144;0,353
F11502446;Compaoré;Bintou;+226 00 00 33 65;G115;Hauts-Bassins;Rural;Non;48;35-49 ans;Primaire;3;Non;Catholique;6;Non;22,5;1,62;1;0,6746;0,353
F11502447;Ouédraogo;Bintou;+226 00 00 45 55;G115;Hauts-Bassins;Rural;Non;31;25-34 ans;Aucun;2;Non;Musulmane;5;Non;24,9;10,09;1;0,6214;0,353
F11502448;Ouédraogo;Fatimata;+226 00 00 19 65;G115;Hauts-Bassins;Rural;Non;18;15-24 ans;Aucun;2;Oui;Musulmane;0;Non;24,1;6,0;0;1,2041;0,353
F11502449;Ilboudo;Bintou;+226 00 00 82 67;G115;Hauts-Bassins;Rural;Non;42;35-49 ans;Aucun;4;Oui;Musulmane;5;Oui;18,4;12,08;1;0,7004;0,353
F11502450;Compaoré;Bintou;+226 00 00 75 29;G115;Hauts-Bassins;Rural;Non;37;35-49 ans;Aucun;2;Oui;Protestante;2;Non;18,2;16,03;1;0,6249;0,353
F11502451;Bado;Fatimata;+226 00 00 97 58;G115;Hauts-Bassins;Rural;Non;42;35-49 ans;Aucun;1;Non;Musulmane;2;Oui;20,5;13,77;1;1,526;0,353
F11602452;Traoré;Aminata;+226 00 00 54 62;G116;Nord;Rural;Non;44;35-49 ans;Primaire;1;Non;Catholique;6;Non;22,9;0,29;1;0,809;0,417
F11602453;Ouédraogo;Fatimata;+226 00 00 89 96;G116;Nord;Rural;Non;25;25-34 ans;Aucun;3;Non;Protestante;0;Oui;24,1;3,23;1;0,9808;0,417
F11602454;Sawadogo;Awa;+226 00 00 61 97;G116;Nord;Rural;Non;32;25-34 ans;Aucun;3;Oui;Protestante;3;Non;20,2;5,98;1;1,0754;0,417
F11602455;Bado;Mariam;+226 00 00 12 57;G116;Nord;Rural;Non;27;25-34 ans;Aucun;2;Non;Musulmane;1;Non;24,3;15,0;0;1,4402;0,417
F11602456;Yaméogo;Bintou;+226 00 00 21 30;G116;Nord;Rural;Non;19;15-24 ans;Primaire;1;Oui;Musulmane;1;Non;21,3;7,0;0;0,8386;0,417
F11602457;Kaboré;Clarisse;+226 00 00 98 51;G116;Nord;Rural;Non;32;25-34 ans;Aucun;1;Oui;Musulmane;7;Non;24,5;20,0;0;1,3089;0,417
F11602458;Traoré;Bintou;+226 00 00 59 63;G116;Nord;Rural;Non;44;35-49 ans;Secondaire ou plus;3;Non;Traditionnelle;2;Non;21,3;7,68;1;1,0327;0,417
F11602459;Kaboré;Clarisse;+226 00 00 77 65;G116;Nord;Rural;Non;44;35-49 ans;Aucun;2;Non;Musulmane;4;Non;26,8;10,78;1;1,3546;0,417
F11602460;Ilboudo;Bintou;+226 00 00 75 64;G116;Nord;Rural;Non;39;35-49 ans;Primaire;3;Oui;Musulmane;7;Non;19,7;1,55;1;0,6427;0,417
F11602461;Kinda;Rasmata;+226 00 00 83 34;G116;Nord;Rural;Non;49;35-49 ans;Secondaire ou plus;3;Oui;Musulmane;4;Oui;17,6;10,61;1;1,073;0,417
F11602462;Sawadogo;Fatimata;+226 00 00 61 76;G116;Nord;Rural;Non;33;25-34 ans;Aucun;2;Oui;Protestante;4;Non;19,9;4,01;1;1,5441;0,417
F11602463;Bado;Rasmata;+226 00 00 89 90;G116;Nord;Rural;Non;42;35-49 ans;Aucun;3;Non;Protestante;5;Non;18,5;7,11;1;1,2007;0,417
F11702464;Compaoré;Mariam;+226 00 00 46 65;G117;Est;Rural;Oui;16;15-24 ans;Aucun;3;Non;Traditionnelle;0;Non;19,4;4,0;0;1,1074;0,312
F11702465;Compaoré;Salimata;+226 00 00 44 49;G117;Est;Rural;Oui;45;35-49 ans;Primaire;3;Non;Musulmane;2;Oui;15,3;0,39;1;0,6185;0,312
F11702466;Sawadogo;Odile;+226 00 00 11 52;G117;Est;Rural;Oui;39;35-49 ans;Aucun;3;Non;Musulmane;7;Non;22,5;12,59;1;1,4496;0,312
F11702467;Compaoré;Odile;+226 00 00 33 44;G117;Est;Rural;Oui;45;35-49 ans;Aucun;1;Non;Catholique;7;Oui;20,3;0,3;1;0,6313;0,312
F11702468;Ilboudo;Salimata;+226 00 00 67 40;G117;Est;Rural;Oui;25;25-34 ans;Aucun;3;Non;Musulmane;2;Non;17,3;13,0;0;1,2065;0,312
F11702469;Traoré;Rasmata;+226 00 00 38 27;G117;Est;Rural;Oui;39;35-49 ans;Aucun;2;Non;Catholique;4;Non;24,3;27,0;0;1,3081;0,312
F11702470;Compaoré;Awa;+226 00 00 36 97;G117;Est;Rural;Oui;30;25-34 ans;Aucun;4;Non;Protestante;4;Non;18,3;15,55;1;1,5556;0,312
F11702471;Kaboré;Awa;+226 00 00 80 54;G117;Est;Rural;Oui;18;15-24 ans;Aucun;2;Non;Catholique;0;Oui;20,6;6,0;0;1,3608;0,312
F11702472;Zongo;Rasmata;+226 00 00 13 43;G117;Est;Rural;Oui;49;35-49 ans;Secondaire ou plus;3;Non;Musulmane;5;Oui;25,7;6,9;1;0,9388;0,312
F11702473;Ilboudo;Mariam;+226 00 00 56 96;G117;Est;Rural;Oui;42;35-49 ans;Secondaire ou plus;4;Non;Musulmane;2;Oui;21,1;3,0;1;0,6463;0,312
F11702474;Kinda;Adjara;+226 00 00 39 10;G117;Est;Rural;Oui;47;35-49 ans;Aucun;1;Non;Protestante;9;Non;21,2;3,68;1;0,8202;0,312
F11702475;Sawadogo;Mariam;+226 00 00 47 19;G117;Est;Rural;Oui;15;15-24 ans;Secondaire ou plus;5;Non;Musulmane;0;Oui;22,1;3,0;0;1,03;0,312
F11702476;Compaoré;Clarisse;+226 00 00 47 26;G117;Est;Rural;Oui;38;35-49 ans;Secondaire ou plus;4;Non;Musulmane;4;Non;24,9;9,03;1;0,6504;0,312
F11702477;Zongo;Awa;+226 00 00 43 67;G117;Est;Rural;Oui;18;15-24 ans;Aucun;1;Oui;Musulmane;1;Non;19,8;6,0;0;1,2719;0,312
F11702478;Traoré;Fatimata;+226 00 00 28 42;G117;Est;Rural;Oui;36;35-49 ans;Aucun;3;Non;Catholique;2;Non;21,5;2,17;1;0,9445;0,312
F11702479;Yaméogo;Salimata;+226 00 00 88 52;G117;Est;Rural;Oui;38;35-49 ans;Aucun;1;Non;Musulmane;7;Non;21,3;6,11;1;1,5142;0,312
F11802480;Ilboudo;Fatimata;+226 00 00 53 72;G118;Boucle du Mouhoun;Rural;Oui;39;35-49 ans;Aucun;1;Non;Catholique;3;Non;23,9;7,66;1;0,668;0,4
F11802481;Traoré;Rasmata;+226 00 00 30 26;G118;Boucle du Mouhoun;Rural;Oui;46;35-49 ans;Aucun;5;Non;Musulmane;8;Oui;19,7;13,11;1;1,5494;0,4
F11802482;Kinda;Bintou;+226 00 00 63 87;G118;Boucle du Mouhoun;Rural;Oui;38;35-49 ans;Aucun;3;Oui;Musulmane;3;Non;23,9;14,1;1;0,9998;0,4
F11802483;Kinda;Mariam;+226 00 00 41 37;G118;Boucle du Mouhoun;Rural;Oui;37;35-49 ans;Primaire;2;Oui;Musulmane;4;Oui;23,5;3,63;1;1,0045;0,4
F11802484;Kinda;Aminata;+226 00 00 54 17;G118;Boucle du Mouhoun;Rural;Oui;35;35-49 ans;Aucun;2;Non;Musulmane;5;Non;20,5;0,12;1;1,4594;0,4
F11802485;Kaboré;Salimata;+226 00 00 11 93;G118;Boucle du Mouhoun;Rural;Oui;32;25-34 ans;Aucun;4;Oui;Musulmane;5;Non;21,0;2,3;1;1,1747;0,4
F11802486;Ilboudo;Odile;+226 00 00 86 10;G118;Boucle du Mouhoun;Rural;Oui;28;25-34 ans;Aucun;3;Non;Musulmane;2;Non;23,1;1,28;1;1,1011;0,4
F11802487;Ilboudo;Odile;+226 00 00 16 15;G118;Boucle du Mouhoun;Rural;Oui;43;35-49 ans;Aucun;3;Oui;Catholique;4;Non;27,3;2,33;1;0,7261;0,4
F11802488;Compaoré;Odile;+226 00 00 39 43;G118;Boucle du Mouhoun;Rural;Oui;44;35-49 ans;Primaire;1;Oui;Musulmane;4;Non;26,2;18,61;1;1,5453;0,4
F11802489;Traoré;Aminata;+226 00 00 93 44;G118;Boucle du Mouhoun;Rural;Oui;48;35-49 ans;Aucun;3;Non;Musulmane;6;Non;22,6;12,09;1;0,6591;0,4
F11802490;Yaméogo;Awa;+226 00 00 39 38;G118;Boucle du Mouhoun;Rural;Oui;43;35-49 ans;Secondaire ou plus;2;Non;Musulmane;3;Non;24,5;4,73;1;0,9972;0,4
F11802491;Kinda;Awa;+226 00 00 39 10;G118;Boucle du Mouhoun;Rural;Oui;33;25-34 ans;Primaire;2;Non;Musulmane;3;Non;21,3;2,52;1;0,9492;0,4
F11802492;Compaoré;Aminata;+226 00 00 35 71;G118;Boucle du Mouhoun;Rural;Oui;19;15-24 ans;Aucun;1;Non;Musulmane;0;Non;23,4;7,0;0;1,5403;0,4
F11802493;Yaméogo;Awa;+226 00 00 13 78;G118;Boucle du Mouhoun;Rural;Oui;20;15-24 ans;Secondaire ou plus;3;Oui;Traditionnelle;0;Oui;20,3;8,0;0;1,2404;0,4
F11802494;Compaoré;Bintou;+226 00 00 52 48;G118;Boucle du Mouhoun;Rural;Oui;25;25-34 ans;Primaire;2;Non;Musulmane;1;Oui;25,3;6,64;1;1,1383;0,4
F11902495;Kaboré;Rasmata;+226 00 00 59 30;G119;Sahel;Urbain;Non;46;35-49 ans;Secondaire ou plus;3;Oui;Musulmane;7;Oui;17,5;15,31;1;1,0458;0,625
F11902496;Traoré;Adjara;+226 00 00 80 64;G119;Sahel;Urbain;Non;38;35-49 ans;Primaire;5;Oui;Musulmane;3;Non;20,6;13,95;1;1,4718;0,625
F11902497;Ouédraogo;Mariam;+226 00 00 93 25;G119;Sahel;Urbain;Non;43;35-49 ans;Aucun;5;Non;Traditionnelle;5;Non;24,1;2,11;1;1,4931;0,625
F11902498;Bado;Salimata;+226 00 00 11 80;G119;Sahel;Urbain;Non;46;35-49 ans;Primaire;2;Oui;Musulmane;2;Non;19,1;20,21;1;1,2478;0,625
F11902499;Yaméogo;Clarisse;+226 00 00 76 17;G119;Sahel;Urbain;Non;41;35-49 ans;Primaire;3;Oui;Musulmane;8;Non;22,0;6,15;1;0,7558;0,625
F11902500;Bado;Aminata;+226 00 00 65 27;G119;Sahel;Urbain;Non;40;35-49 ans;Secondaire ou plus;3;Oui;Musulmane;2;Oui;24,9;18,45;1;0,8216;0,625
F11902501;Compaoré;Fatimata;+226 00 00 95 77;G119;Sahel;Urbain;Non;44;35-49 ans;Primaire;4;Oui;Musulmane;1;Non;22,4;0,57;1;1,1455;0,625
F11902502;Kaboré;Aminata;+226 00 00 36 22;G119;Sahel;Urbain;Non;36;35-49 ans;Secondaire ou plus;2;Oui;Catholique;2;Oui;23,5;19,0;1;0,9917;0,625
F11902503;Bado;Fatimata;+226 00 00 78 11;G119;Sahel;Urbain;Non;44;35-49 ans;Aucun;5;Oui;Catholique;8;Non;22,3;5,84;1;0,648;0,625
F11902504;Ouédraogo;Adjara;+226 00 00 34 67;G119;Sahel;Urbain;Non;33;25-34 ans;Primaire;4;Non;Musulmane;3;Non;21,5;21,0;0;0,7107;0,625
F11902505;Traoré;Odile;+226 00 00 50 17;G119;Sahel;Urbain;Non;36;35-49 ans;Aucun;4;Non;Catholique;2;Non;23,0;23,56;1;1,2669;0,625
F11902506;Compaoré;Mariam;+226 00 00 95 86;G119;Sahel;Urbain;Non;29;25-34 ans;Secondaire ou plus;4;Oui;Musulmane;1;Oui;23,7;16,37;1;0,7992;0,625
F11902507;Bado;Awa;+226 00 00 47 37;G119;Sahel;Urbain;Non;17;15-24 ans;Aucun;3;Non;Traditionnelle;0;Non;17,5;2,44;1;0,695;0,625
F11902508;Ilboudo;Clarisse;+226 00 00 96 72;G119;Sahel;Urbain;Non;35;35-49 ans;Aucun;2;Oui;Catholique;3;Non;20,4;2,58;1;0,9853;0,625
F11902509;Yaméogo;Rasmata;+226 00 00 33 59;G119;Sahel;Urbain;Non;43;35-49 ans;Aucun;3;Non;Traditionnelle;8;Non;21,6;0,75;1;1,4977;0,625
F11902510;Ouédraogo;Awa;+226 00 00 79 61;G119;Sahel;Urbain;Non;24;15-24 ans;Primaire;4;Oui;Catholique;0;Non;20,6;6,2;1;0,7469;0,625
